# vtk DataFile Version 2.0
dogbone_lattice_octant, Created by Gmsh 4.14.1 
ASCII
DATASET UNSTRUCTURED_GRID
POINTS 12838 double
1 1.5 0
3.785714285714286 1.5 0
3.785714285714286 3.5 0
1 3.5 0
5.785714285714286 1.5 0
8.571428571428571 1.5 0
8.571428571428571 3.5 0
5.785714285714286 3.5 0
10.57142857142857 1.5 0
13.35714285714286 1.5 0
13.35714285714286 3.5 0
10.57142857142857 3.5 0
15.35714285714286 1.5 0
18.14285714285714 1.5 0
18.14285714285714 3.5 0
15.35714285714286 3.5 0
20.14285714285714 1.5 0
22.92857142857143 1.5 0
22.92857142857143 3.5 0
20.14285714285714 3.5 0
24.92857142857143 1.5 0
27.71428571428572 1.5 0
27.71428571428572 3.5 0
24.92857142857143 3.5 0
29.71428571428572 1.5 0
32.5 1.5 0
32.5 3.5 0
29.71428571428572 3.5 0
47.5 0 0
47.5 12.5 0
33.5 0 0
33.5 8.5 0
35.069336474647 8.782514608283 0
43.710068489517 11.997751807496 0
46.5 12.5 0
0 0 0
1 0 0
1 6.5 0
1 8.5 0
0 8.5 0
3.785714285714286 0 0
5.785714285714286 0 0
5.785714285714286 6.5 0
5.785714285714286 8.5 0
3.785714285714286 8.5 0
3.785714285714286 6.5 0
8.571428571428571 0 0
10.57142857142857 0 0
10.57142857142857 6.5 0
10.57142857142857 8.5 0
8.571428571428571 8.5 0
8.571428571428571 6.5 0
13.35714285714286 0 0
15.35714285714286 0 0
15.35714285714286 6.5 0
15.35714285714286 8.5 0
13.35714285714286 8.5 0
13.35714285714286 6.5 0
18.14285714285714 0 0
20.14285714285714 0 0
20.14285714285714 6.5 0
20.14285714285714 8.5 0
18.14285714285714 8.5 0
18.14285714285714 6.5 0
22.92857142857143 0 0
24.92857142857143 0 0
24.92857142857143 6.5 0
24.92857142857143 8.5 0
22.92857142857143 8.5 0
22.92857142857143 6.5 0
27.71428571428572 0 0
29.71428571428572 0 0
29.71428571428572 6.5 0
29.71428571428572 8.5 0
27.71428571428572 8.5 0
27.71428571428572 6.5 0
32.5 0 0
32.5 8.5 0
32.5 6.5 0
1.174107142857143 1.5 0
1.348214285714286 1.5 0
1.522321428571429 1.5 0
1.696428571428573 1.5 0
1.870535714285716 1.5 0
2.044642857142859 1.5 0
2.218750000000002 1.5 0
2.392857142857145 1.5 0
2.566964285714287 1.5 0
2.74107142857143 1.5 0
2.915178571428572 1.5 0
3.089285714285714 1.5 0
3.263392857142857 1.5 0
3.4375 1.5 0
3.611607142857143 1.5 0
3.785714285714286 1.666666666666667 0
3.785714285714286 1.833333333333333 0
3.785714285714286 2 0
3.785714285714286 2.166666666666667 0
3.785714285714286 2.333333333333333 0
3.785714285714286 2.5 0
3.785714285714286 2.666666666666667 0
3.785714285714286 2.833333333333333 0
3.785714285714286 3 0
3.785714285714286 3.166666666666667 0
3.785714285714286 3.333333333333333 0
3.611607142857142 3.5 0
3.437499999999999 3.5 0
3.263392857142856 3.5 0
3.089285714285713 3.5 0
2.91517857142857 3.5 0
2.741071428571427 3.5 0
2.566964285714284 3.5 0
2.392857142857141 3.5 0
2.218749999999999 3.5 0
2.044642857142856 3.5 0
1.870535714285714 3.5 0
1.696428571428571 3.5 0
1.522321428571428 3.5 0
1.348214285714286 3.5 0
1.174107142857143 3.5 0
1 3.333333333333333 0
1 3.166666666666667 0
1 3 0
1 2.833333333333333 0
1 2.666666666666667 0
1 2.5 0
1 2.333333333333333 0
1 2.166666666666667 0
1 2 0
1 1.833333333333333 0
1 1.666666666666667 0
5.959821428571429 1.5 0
6.133928571428572 1.5 0
6.308035714285715 1.5 0
6.482142857142858 1.5 0
6.656250000000002 1.5 0
6.830357142857144 1.5 0
7.004464285714287 1.5 0
7.178571428571431 1.5 0
7.352678571428573 1.5 0
7.526785714285715 1.5 0
7.700892857142858 1.5 0
7.875 1.5 0
8.049107142857142 1.5 0
8.223214285714285 1.5 0
8.397321428571429 1.5 0
8.571428571428571 1.666666666666667 0
8.571428571428571 1.833333333333333 0
8.571428571428571 2 0
8.571428571428571 2.166666666666667 0
8.571428571428571 2.333333333333333 0
8.571428571428571 2.5 0
8.571428571428571 2.666666666666667 0
8.571428571428571 2.833333333333333 0
8.571428571428571 3 0
8.571428571428571 3.166666666666667 0
8.571428571428571 3.333333333333333 0
8.397321428571429 3.5 0
8.223214285714285 3.5 0
8.049107142857142 3.5 0
7.874999999999998 3.5 0
7.700892857142856 3.5 0
7.526785714285712 3.5 0
7.352678571428569 3.5 0
7.178571428571427 3.5 0
7.004464285714285 3.5 0
6.830357142857141 3.5 0
6.656249999999999 3.5 0
6.482142857142857 3.5 0
6.308035714285714 3.5 0
6.133928571428571 3.5 0
5.959821428571429 3.5 0
5.785714285714286 3.333333333333333 0
5.785714285714286 3.166666666666667 0
5.785714285714286 3 0
5.785714285714286 2.833333333333333 0
5.785714285714286 2.666666666666667 0
5.785714285714286 2.5 0
5.785714285714286 2.333333333333333 0
5.785714285714286 2.166666666666667 0
5.785714285714286 2 0
5.785714285714286 1.833333333333333 0
5.785714285714286 1.666666666666667 0
10.74553571428571 1.5 0
10.91964285714286 1.5 0
11.09375 1.5 0
11.26785714285714 1.5 0
11.44196428571429 1.5 0
11.61607142857143 1.5 0
11.79017857142857 1.5 0
11.96428571428572 1.5 0
12.13839285714286 1.5 0
12.3125 1.5 0
12.48660714285714 1.5 0
12.66071428571429 1.5 0
12.83482142857143 1.5 0
13.00892857142857 1.5 0
13.18303571428572 1.5 0
13.35714285714286 1.666666666666667 0
13.35714285714286 1.833333333333333 0
13.35714285714286 2 0
13.35714285714286 2.166666666666667 0
13.35714285714286 2.333333333333333 0
13.35714285714286 2.5 0
13.35714285714286 2.666666666666667 0
13.35714285714286 2.833333333333333 0
13.35714285714286 3 0
13.35714285714286 3.166666666666667 0
13.35714285714286 3.333333333333333 0
13.18303571428572 3.5 0
13.00892857142857 3.5 0
12.83482142857143 3.5 0
12.66071428571428 3.5 0
12.48660714285714 3.5 0
12.3125 3.5 0
12.13839285714286 3.5 0
11.96428571428571 3.5 0
11.79017857142857 3.5 0
11.61607142857143 3.5 0
11.44196428571428 3.5 0
11.26785714285714 3.5 0
11.09375 3.5 0
10.91964285714286 3.5 0
10.74553571428571 3.5 0
10.57142857142857 3.333333333333333 0
10.57142857142857 3.166666666666667 0
10.57142857142857 3 0
10.57142857142857 2.833333333333333 0
10.57142857142857 2.666666666666667 0
10.57142857142857 2.5 0
10.57142857142857 2.333333333333333 0
10.57142857142857 2.166666666666667 0
10.57142857142857 2 0
10.57142857142857 1.833333333333333 0
10.57142857142857 1.666666666666667 0
15.53125 1.5 0
15.70535714285714 1.5 0
15.87946428571429 1.5 0
16.05357142857143 1.5 0
16.22767857142857 1.5 0
16.40178571428572 1.5 0
16.57589285714286 1.5 0
16.75 1.5 0
16.92410714285715 1.5 0
17.09821428571428 1.5 0
17.27232142857143 1.5 0
17.44642857142857 1.5 0
17.62053571428572 1.5 0
17.79464285714286 1.5 0
17.96875 1.5 0
18.14285714285714 1.666666666666667 0
18.14285714285714 1.833333333333333 0
18.14285714285714 2 0
18.14285714285714 2.166666666666667 0
18.14285714285714 2.333333333333333 0
18.14285714285714 2.5 0
18.14285714285714 2.666666666666667 0
18.14285714285714 2.833333333333333 0
18.14285714285714 3 0
18.14285714285714 3.166666666666667 0
18.14285714285714 3.333333333333333 0
17.96875 3.5 0
17.79464285714286 3.5 0
17.62053571428571 3.5 0
17.44642857142857 3.5 0
17.27232142857143 3.5 0
17.09821428571428 3.5 0
16.92410714285714 3.5 0
16.75 3.5 0
16.57589285714285 3.5 0
16.40178571428572 3.5 0
16.22767857142857 3.5 0
16.05357142857143 3.5 0
15.87946428571429 3.5 0
15.70535714285714 3.5 0
15.53125 3.5 0
15.35714285714286 3.333333333333333 0
15.35714285714286 3.166666666666667 0
15.35714285714286 3 0
15.35714285714286 2.833333333333333 0
15.35714285714286 2.666666666666667 0
15.35714285714286 2.5 0
15.35714285714286 2.333333333333333 0
15.35714285714286 2.166666666666667 0
15.35714285714286 2 0
15.35714285714286 1.833333333333333 0
15.35714285714286 1.666666666666667 0
20.31696428571428 1.5 0
20.49107142857143 1.5 0
20.66517857142857 1.5 0
20.83928571428572 1.5 0
21.01339285714286 1.5 0
21.1875 1.5 0
21.36160714285714 1.5 0
21.53571428571428 1.5 0
21.70982142857143 1.5 0
21.88392857142857 1.5 0
22.05803571428572 1.5 0
22.23214285714285 1.5 0
22.40625 1.5 0
22.58035714285714 1.5 0
22.75446428571428 1.5 0
22.92857142857143 1.666666666666667 0
22.92857142857143 1.833333333333333 0
22.92857142857143 2 0
22.92857142857143 2.166666666666667 0
22.92857142857143 2.333333333333333 0
22.92857142857143 2.5 0
22.92857142857143 2.666666666666667 0
22.92857142857143 2.833333333333333 0
22.92857142857143 3 0
22.92857142857143 3.166666666666667 0
22.92857142857143 3.333333333333333 0
22.75446428571428 3.5 0
22.58035714285714 3.5 0
22.40625 3.5 0
22.23214285714285 3.5 0
22.05803571428571 3.5 0
21.88392857142857 3.5 0
21.70982142857143 3.5 0
21.53571428571428 3.5 0
21.36160714285714 3.5 0
21.1875 3.5 0
21.01339285714285 3.5 0
20.83928571428572 3.5 0
20.66517857142857 3.5 0
20.49107142857143 3.5 0
20.31696428571428 3.5 0
20.14285714285714 3.333333333333333 0
20.14285714285714 3.166666666666667 0
20.14285714285714 3 0
20.14285714285714 2.833333333333333 0
20.14285714285714 2.666666666666667 0
20.14285714285714 2.5 0
20.14285714285714 2.333333333333333 0
20.14285714285714 2.166666666666667 0
20.14285714285714 2 0
20.14285714285714 1.833333333333333 0
20.14285714285714 1.666666666666667 0
25.10267857142857 1.5 0
25.27678571428571 1.5 0
25.45089285714286 1.5 0
25.625 1.5 0
25.79910714285714 1.5 0
25.97321428571428 1.5 0
26.14732142857143 1.5 0
26.32142857142857 1.5 0
26.49553571428572 1.5 0
26.66964285714286 1.5 0
26.84375 1.5 0
27.01785714285715 1.5 0
27.19196428571429 1.5 0
27.36607142857143 1.5 0
27.54017857142857 1.5 0
27.71428571428572 1.666666666666667 0
27.71428571428572 1.833333333333333 0
27.71428571428572 2 0
27.71428571428572 2.166666666666667 0
27.71428571428572 2.333333333333333 0
27.71428571428572 2.5 0
27.71428571428572 2.666666666666667 0
27.71428571428572 2.833333333333333 0
27.71428571428572 3 0
27.71428571428572 3.166666666666667 0
27.71428571428572 3.333333333333333 0
27.54017857142857 3.5 0
27.36607142857143 3.5 0
27.19196428571428 3.5 0
27.01785714285714 3.5 0
26.84375 3.5 0
26.66964285714286 3.5 0
26.49553571428571 3.5 0
26.32142857142857 3.5 0
26.14732142857143 3.5 0
25.97321428571428 3.5 0
25.79910714285714 3.5 0
25.625 3.5 0
25.45089285714285 3.5 0
25.27678571428571 3.5 0
25.10267857142857 3.5 0
24.92857142857143 3.333333333333333 0
24.92857142857143 3.166666666666667 0
24.92857142857143 3 0
24.92857142857143 2.833333333333333 0
24.92857142857143 2.666666666666667 0
24.92857142857143 2.5 0
24.92857142857143 2.333333333333333 0
24.92857142857143 2.166666666666667 0
24.92857142857143 2 0
24.92857142857143 1.833333333333333 0
24.92857142857143 1.666666666666667 0
29.88839285714286 1.5 0
30.0625 1.5 0
30.23660714285715 1.5 0
30.41071428571429 1.5 0
30.58482142857143 1.5 0
30.75892857142857 1.5 0
30.93303571428572 1.5 0
31.10714285714286 1.5 0
31.28125 1.5 0
31.45535714285715 1.5 0
31.62946428571428 1.5 0
31.80357142857143 1.5 0
31.97767857142857 1.5 0
32.15178571428572 1.5 0
32.32589285714285 1.5 0
32.5 1.666666666666667 0
32.5 1.833333333333333 0
32.5 2 0
32.5 2.166666666666667 0
32.5 2.333333333333333 0
32.5 2.5 0
32.5 2.666666666666667 0
32.5 2.833333333333333 0
32.5 3 0
32.5 3.166666666666667 0
32.5 3.333333333333333 0
32.32589285714285 3.5 0
32.15178571428572 3.5 0
31.97767857142857 3.5 0
31.80357142857143 3.5 0
31.62946428571428 3.5 0
31.45535714285714 3.5 0
31.28125 3.5 0
31.10714285714286 3.5 0
30.93303571428572 3.5 0
30.75892857142857 3.5 0
30.58482142857143 3.5 0
30.41071428571428 3.5 0
30.23660714285714 3.5 0
30.0625 3.5 0
29.88839285714286 3.5 0
29.71428571428572 3.333333333333333 0
29.71428571428572 3.166666666666667 0
29.71428571428572 3 0
29.71428571428572 2.833333333333333 0
29.71428571428572 2.666666666666667 0
29.71428571428572 2.5 0
29.71428571428572 2.333333333333333 0
29.71428571428572 2.166666666666667 0
29.71428571428572 2 0
29.71428571428572 1.833333333333333 0
29.71428571428572 1.666666666666667 0
47.5 0.1736111111111111 0
47.5 0.3472222222222222 0
47.5 0.5208333333333331 0
47.5 0.6944444444444442 0
47.5 0.8680555555555552 0
47.5 1.041666666666666 0
47.5 1.215277777777777 0
47.5 1.388888888888888 0
47.5 1.5625 0
47.5 1.736111111111111 0
47.5 1.909722222222222 0
47.5 2.083333333333333 0
47.5 2.256944444444445 0
47.5 2.430555555555556 0
47.5 2.604166666666668 0
47.5 2.777777777777779 0
47.5 2.95138888888889 0
47.5 3.125 0
47.5 3.298611111111111 0
47.5 3.472222222222222 0
47.5 3.645833333333333 0
47.5 3.819444444444444 0
47.5 3.993055555555554 0
47.5 4.166666666666665 0
47.5 4.340277777777776 0
47.5 4.513888888888887 0
47.5 4.687499999999997 0
47.5 4.861111111111108 0
47.5 5.034722222222219 0
47.5 5.208333333333329 0
47.5 5.38194444444444 0
47.5 5.555555555555551 0
47.5 5.729166666666663 0
47.5 5.902777777777773 0
47.5 6.076388888888884 0
47.5 6.249999999999995 0
47.5 6.423611111111105 0
47.5 6.597222222222216 0
47.5 6.770833333333327 0
47.5 6.944444444444438 0
47.5 7.118055555555548 0
47.5 7.291666666666659 0
47.5 7.46527777777777 0
47.5 7.638888888888881 0
47.5 7.812499999999992 0
47.5 7.986111111111103 0
47.5 8.159722222222213 0
47.5 8.333333333333323 0
47.5 8.506944444444434 0
47.5 8.680555555555546 0
47.5 8.854166666666657 0
47.5 9.027777777777766 0
47.5 9.201388888888877 0
47.5 9.374999999999989 0
47.5 9.5486111111111 0
47.5 9.722222222222209 0
47.5 9.89583333333332 0
47.5 10.06944444444443 0
47.5 10.24305555555554 0
47.5 10.41666666666665 0
47.5 10.59027777777776 0
47.5 10.76388888888888 0
47.5 10.93749999999999 0
47.5 11.1111111111111 0
47.5 11.28472222222221 0
47.5 11.45833333333332 0
47.5 11.63194444444443 0
47.5 11.80555555555555 0
47.5 11.97916666666666 0
47.5 12.15277777777777 0
47.5 12.32638888888889 0
47.325 0 0
47.15 0 0
46.975 0 0
46.8 0 0
46.625 0 0
46.45 0 0
46.275 0 0
46.1 0 0
45.925 0 0
45.75 0 0
45.575 0 0
45.4 0 0
45.225 0 0
45.05 0 0
44.875 0 0
44.7 0 0
44.525 0 0
44.35 0 0
44.175 0 0
44 0 0
43.825 0 0
43.65 0 0
43.475 0 0
43.3 0 0
43.125 0 0
42.95 0 0
42.775 0 0
42.6 0 0
42.425 0 0
42.25 0 0
42.075 0 0
41.9 0 0
41.725 0 0
41.55 0 0
41.375 0 0
41.2 0 0
41.02500000000001 0 0
40.85 0 0
40.675 0 0
40.5 0 0
40.325 0 0
40.15 0 0
39.975 0 0
39.8 0 0
39.625 0 0
39.45 0 0
39.27500000000001 0 0
39.1 0 0
38.925 0 0
38.75 0 0
38.575 0 0
38.4 0 0
38.225 0 0
38.05 0 0
37.875 0 0
37.7 0 0
37.52500000000001 0 0
37.35 0 0
37.175 0 0
37 0 0
36.825 0 0
36.65 0 0
36.475 0 0
36.3 0 0
36.125 0 0
35.95 0 0
35.77500000000001 0 0
35.6 0 0
35.425 0 0
35.25 0 0
35.075 0 0
34.9 0 0
34.725 0 0
34.55 0 0
34.375 0 0
34.2 0 0
34.02500000000001 0 0
33.85 0 0
33.675 0 0
33.5 0.17 0
33.5 0.34 0
33.5 0.51 0
33.5 0.68 0
33.5 0.8500000000000001 0
33.5 1.02 0
33.5 1.19 0
33.5 1.36 0
33.5 1.53 0
33.5 1.7 0
33.5 1.87 0
33.5 2.04 0
33.5 2.21 0
33.5 2.38 0
33.5 2.55 0
33.5 2.72 0
33.5 2.89 0
33.5 3.06 0
33.5 3.23 0
33.5 3.4 0
33.5 3.57 0
33.5 3.74 0
33.5 3.91 0
33.5 4.08 0
33.5 4.25 0
33.5 4.42 0
33.5 4.59 0
33.5 4.760000000000001 0
33.5 4.930000000000001 0
33.5 5.1 0
33.5 5.27 0
33.5 5.44 0
33.5 5.61 0
33.5 5.78 0
33.5 5.95 0
33.5 6.12 0
33.5 6.29 0
33.5 6.46 0
33.5 6.63 0
33.5 6.800000000000001 0
33.5 6.970000000000001 0
33.5 7.14 0
33.5 7.31 0
33.5 7.48 0
33.5 7.65 0
33.5 7.82 0
33.5 7.99 0
33.5 8.16 0
33.5 8.33 0
33.63356584317113 8.501982640591748 0
33.76701399164789 8.507928815316451 0
33.90022685444535 8.517833284561943 0
34.03308704790614 8.531687320771439 0
34.16547749913575 8.549478716134029 0
34.29728154916418 8.571191793341875 0
34.42838305574265 8.59680741940465 0
34.55866649568511 8.62630302250901 0
34.68801706666424 8.659652611908296 0
34.81632078837225 8.696826800824876 0
34.94346460295723 8.737792832345018 0
35.22363526062685 8.839929558268887 0
35.37793404660669 8.897344508254774 0
35.53223283258654 8.954759458240661 0
35.68653161856638 9.012174408226548 0
35.84083040454622 9.069589358212435 0
35.99512919052606 9.127004308198321 0
36.14942797650591 9.184419258184208 0
36.30372676248575 9.241834208170095 0
36.4580255484656 9.299249158155982 0
36.61232433444544 9.356664108141869 0
36.76662312042529 9.414079058127756 0
36.92092190640513 9.471494008113643 0
37.07522069238497 9.52890895809953 0
37.22951947836481 9.586323908085417 0
37.38381826434466 9.643738858071304 0
37.5381170503245 9.701153808057191 0
37.69241583630435 9.758568758043078 0
37.84671462228419 9.815983708028964 0
38.00101340826404 9.873398658014851 0
38.15531219424388 9.930813608000738 0
38.30961098022372 9.988228557986625 0
38.46390976620357 10.04564350797251 0
38.61820855218341 10.1030584579584 0
38.77250733816326 10.16047340794429 0
38.9268061241431 10.21788835793017 0
39.08110491012295 10.27530330791606 0
39.23540369610279 10.33271825790195 0
39.38970248208263 10.39013320788783 0
39.54400126806247 10.44754815787372 0
39.69830005404232 10.50496310785961 0
39.85259884002216 10.56237805784549 0
40.00689762600201 10.61979300783138 0
40.16119641198185 10.67720795781727 0
40.3154951979617 10.73462290780316 0
40.46979398394154 10.79203785778904 0
40.62409276992138 10.84945280777493 0
40.77839155590122 10.90686775776082 0
40.93269034188107 10.9642827077467 0
41.08698912786091 11.02169765773259 0
41.24128791384075 11.07911260771847 0
41.3955866998206 11.13652755770436 0
41.54988548580044 11.19394250769025 0
41.70418427178029 11.25135745767614 0
41.85848305776013 11.30877240766202 0
42.01278184373997 11.36618735764791 0
42.16708062971981 11.42360230763379 0
42.32137941569965 11.48101725761968 0
42.4756782016795 11.53843220760557 0
42.62997698765934 11.59584715759145 0
42.78427577363918 11.65326210757734 0
42.93857455961903 11.71067705756323 0
43.09287334559887 11.76809200754911 0
43.24717213157871 11.825506957535 0
43.40147091755856 11.88292190752089 0
43.5557697035384 11.94033685750677 0
43.844049382793 12.04625246854078 0
43.97887284294658 12.09235917603796 0
44.11449609893572 12.13605730321657 0
44.25087612599071 12.17733298739617 0
44.38796965926576 12.21617313438585 0
44.52573320756419 12.25256542263819 0
44.66412306713551 12.28649830715811 0
44.80309533553989 12.31796102316541 0
44.9426059255756 12.34694358950972 0
45.08261057926516 12.37343681183694 0
45.22306488189565 12.39743228550596 0
45.36392427610863 12.418922398255 0
45.5051440760355 12.43790033261648 0
45.64667948147348 12.45436006807975 0
45.78848559209791 12.46829638300106 0
45.93051742170633 12.47970485626004 0
46.07272991248976 12.48858186866223 0
46.21507794932673 12.49492460408728 0
46.35751637409554 12.49873105038225 0
46.625 12.5 0
46.75 12.5 0
46.875 12.5 0
47 12.5 0
47.125 12.5 0
47.25 12.5 0
47.375 12.5 0
0.1666666666666667 0 0
0.3333333333333333 0 0
0.5 0 0
0.6666666666666666 0 0
0.8333333333333333 0 0
1 0.1875 0
1 0.375 0
1 0.5625 0
1 0.75 0
1 0.9375 0
1 1.125 0
1 1.3125 0
1 3.666666666666667 0
1 3.833333333333333 0
1 4 0
1 4.166666666666667 0
1 4.333333333333334 0
1 4.5 0
1 4.666666666666666 0
1 4.833333333333333 0
1 5 0
1 5.166666666666667 0
1 5.333333333333334 0
1 5.5 0
1 5.666666666666666 0
1 5.833333333333333 0
1 6 0
1 6.166666666666666 0
1 6.333333333333333 0
1 6.666666666666666 0
1 6.833333333333333 0
1 7 0
1 7.166666666666667 0
1 7.333333333333334 0
1 7.5 0
1 7.666666666666666 0
1 7.833333333333333 0
1 8 0
1 8.166666666666666 0
1 8.333333333333332 0
0.8333333333333334 8.5 0
0.6666666666666667 8.5 0
0.5 8.5 0
0.3333333333333334 8.5 0
0.1666666666666667 8.5 0
0 8.33 0
0 8.16 0
0 7.99 0
0 7.82 0
0 7.65 0
0 7.48 0
0 7.31 0
0 7.14 0
0 6.97 0
0 6.8 0
0 6.63 0
0 6.46 0
0 6.29 0
0 6.119999999999999 0
0 5.949999999999999 0
0 5.779999999999999 0
0 5.609999999999999 0
0 5.44 0
0 5.27 0
0 5.1 0
0 4.93 0
0 4.76 0
0 4.59 0
0 4.42 0
0 4.25 0
0 4.08 0
0 3.91 0
0 3.739999999999999 0
0 3.569999999999999 0
0 3.4 0
0 3.23 0
0 3.06 0
0 2.89 0
0 2.72 0
0 2.55 0
0 2.38 0
0 2.21 0
0 2.04 0
0 1.87 0
0 1.699999999999999 0
0 1.529999999999999 0
0 1.36 0
0 1.19 0
0 1.02 0
0 0.8499999999999996 0
0 0.6799999999999997 0
0 0.5099999999999998 0
0 0.3399999999999999 0
0 0.1699999999999999 0
3.952380952380952 0 0
4.119047619047619 0 0
4.285714285714286 0 0
4.452380952380953 0 0
4.619047619047619 0 0
4.785714285714286 0 0
4.952380952380953 0 0
5.119047619047619 0 0
5.285714285714286 0 0
5.452380952380953 0 0
5.619047619047619 0 0
5.785714285714286 0.1875 0
5.785714285714286 0.375 0
5.785714285714286 0.5625 0
5.785714285714286 0.75 0
5.785714285714286 0.9375 0
5.785714285714286 1.125 0
5.785714285714286 1.3125 0
5.785714285714286 3.666666666666667 0
5.785714285714286 3.833333333333333 0
5.785714285714286 4 0
5.785714285714286 4.166666666666667 0
5.785714285714286 4.333333333333334 0
5.785714285714286 4.5 0
5.785714285714286 4.666666666666666 0
5.785714285714286 4.833333333333333 0
5.785714285714286 5 0
5.785714285714286 5.166666666666667 0
5.785714285714286 5.333333333333334 0
5.785714285714286 5.5 0
5.785714285714286 5.666666666666666 0
5.785714285714286 5.833333333333333 0
5.785714285714286 6 0
5.785714285714286 6.166666666666666 0
5.785714285714286 6.333333333333333 0
5.785714285714286 6.666666666666666 0
5.785714285714286 6.833333333333333 0
5.785714285714286 7 0
5.785714285714286 7.166666666666667 0
5.785714285714286 7.333333333333334 0
5.785714285714286 7.5 0
5.785714285714286 7.666666666666666 0
5.785714285714286 7.833333333333333 0
5.785714285714286 8 0
5.785714285714286 8.166666666666666 0
5.785714285714286 8.333333333333332 0
5.619047619047619 8.5 0
5.452380952380953 8.5 0
5.285714285714286 8.5 0
5.119047619047619 8.5 0
4.952380952380953 8.5 0
4.785714285714286 8.5 0
4.619047619047619 8.5 0
4.452380952380953 8.5 0
4.285714285714286 8.5 0
4.119047619047619 8.5 0
3.952380952380953 8.5 0
3.785714285714286 8.333333333333334 0
3.785714285714286 8.166666666666666 0
3.785714285714286 8 0
3.785714285714286 7.833333333333333 0
3.785714285714286 7.666666666666667 0
3.785714285714286 7.5 0
3.785714285714286 7.333333333333334 0
3.785714285714286 7.166666666666667 0
3.785714285714286 7 0
3.785714285714286 6.833333333333334 0
3.785714285714286 6.666666666666667 0
3.785714285714286 6.333333333333333 0
3.785714285714286 6.166666666666666 0
3.785714285714286 6 0
3.785714285714286 5.833333333333334 0
3.785714285714286 5.666666666666667 0
3.785714285714286 5.5 0
3.785714285714286 5.333333333333334 0
3.785714285714286 5.166666666666667 0
3.785714285714286 5 0
3.785714285714286 4.833333333333333 0
3.785714285714286 4.666666666666666 0
3.785714285714286 4.5 0
3.785714285714286 4.333333333333334 0
3.785714285714286 4.166666666666667 0
3.785714285714286 4 0
3.785714285714286 3.833333333333334 0
3.785714285714286 3.666666666666667 0
3.785714285714286 1.3125 0
3.785714285714286 1.125 0
3.785714285714286 0.9375 0
3.785714285714286 0.75 0
3.785714285714286 0.5625 0
3.785714285714286 0.375 0
3.785714285714286 0.1875 0
8.738095238095237 0 0
8.904761904761905 0 0
9.071428571428571 0 0
9.238095238095237 0 0
9.404761904761905 0 0
9.571428571428571 0 0
9.738095238095237 0 0
9.904761904761905 0 0
10.07142857142857 0 0
10.23809523809524 0 0
10.40476190476191 0 0
10.57142857142857 0.1875 0
10.57142857142857 0.375 0
10.57142857142857 0.5625 0
10.57142857142857 0.75 0
10.57142857142857 0.9375 0
10.57142857142857 1.125 0
10.57142857142857 1.3125 0
10.57142857142857 3.666666666666667 0
10.57142857142857 3.833333333333333 0
10.57142857142857 4 0
10.57142857142857 4.166666666666667 0
10.57142857142857 4.333333333333334 0
10.57142857142857 4.5 0
10.57142857142857 4.666666666666666 0
10.57142857142857 4.833333333333333 0
10.57142857142857 5 0
10.57142857142857 5.166666666666667 0
10.57142857142857 5.333333333333334 0
10.57142857142857 5.5 0
10.57142857142857 5.666666666666666 0
10.57142857142857 5.833333333333333 0
10.57142857142857 6 0
10.57142857142857 6.166666666666666 0
10.57142857142857 6.333333333333333 0
10.57142857142857 6.666666666666666 0
10.57142857142857 6.833333333333333 0
10.57142857142857 7 0
10.57142857142857 7.166666666666667 0
10.57142857142857 7.333333333333334 0
10.57142857142857 7.5 0
10.57142857142857 7.666666666666666 0
10.57142857142857 7.833333333333333 0
10.57142857142857 8 0
10.57142857142857 8.166666666666666 0
10.57142857142857 8.333333333333332 0
10.40476190476191 8.5 0
10.23809523809524 8.5 0
10.07142857142857 8.5 0
9.904761904761905 8.5 0
9.738095238095237 8.5 0
9.571428571428571 8.5 0
9.404761904761905 8.5 0
9.238095238095237 8.5 0
9.071428571428571 8.5 0
8.904761904761905 8.5 0
8.738095238095237 8.5 0
8.571428571428571 8.333333333333334 0
8.571428571428571 8.166666666666666 0
8.571428571428571 8 0
8.571428571428571 7.833333333333333 0
8.571428571428571 7.666666666666667 0
8.571428571428571 7.5 0
8.571428571428571 7.333333333333334 0
8.571428571428571 7.166666666666667 0
8.571428571428571 7 0
8.571428571428571 6.833333333333334 0
8.571428571428571 6.666666666666667 0
8.571428571428571 6.333333333333333 0
8.571428571428571 6.166666666666666 0
8.571428571428571 6 0
8.571428571428571 5.833333333333334 0
8.571428571428571 5.666666666666667 0
8.571428571428571 5.5 0
8.571428571428571 5.333333333333334 0
8.571428571428571 5.166666666666667 0
8.571428571428571 5 0
8.571428571428571 4.833333333333333 0
8.571428571428571 4.666666666666666 0
8.571428571428571 4.5 0
8.571428571428571 4.333333333333334 0
8.571428571428571 4.166666666666667 0
8.571428571428571 4 0
8.571428571428571 3.833333333333334 0
8.571428571428571 3.666666666666667 0
8.571428571428571 1.3125 0
8.571428571428571 1.125 0
8.571428571428571 0.9375 0
8.571428571428571 0.75 0
8.571428571428571 0.5625 0
8.571428571428571 0.375 0
8.571428571428571 0.1875 0
13.52380952380952 0 0
13.69047619047619 0 0
13.85714285714286 0 0
14.02380952380952 0 0
14.19047619047619 0 0
14.35714285714286 0 0
14.52380952380952 0 0
14.69047619047619 0 0
14.85714285714286 0 0
15.02380952380952 0 0
15.19047619047619 0 0
15.35714285714286 0.1875 0
15.35714285714286 0.375 0
15.35714285714286 0.5625 0
15.35714285714286 0.75 0
15.35714285714286 0.9375 0
15.35714285714286 1.125 0
15.35714285714286 1.3125 0
15.35714285714286 3.666666666666667 0
15.35714285714286 3.833333333333333 0
15.35714285714286 4 0
15.35714285714286 4.166666666666667 0
15.35714285714286 4.333333333333334 0
15.35714285714286 4.5 0
15.35714285714286 4.666666666666666 0
15.35714285714286 4.833333333333333 0
15.35714285714286 5 0
15.35714285714286 5.166666666666667 0
15.35714285714286 5.333333333333334 0
15.35714285714286 5.5 0
15.35714285714286 5.666666666666666 0
15.35714285714286 5.833333333333333 0
15.35714285714286 6 0
15.35714285714286 6.166666666666666 0
15.35714285714286 6.333333333333333 0
15.35714285714286 6.666666666666666 0
15.35714285714286 6.833333333333333 0
15.35714285714286 7 0
15.35714285714286 7.166666666666667 0
15.35714285714286 7.333333333333334 0
15.35714285714286 7.5 0
15.35714285714286 7.666666666666666 0
15.35714285714286 7.833333333333333 0
15.35714285714286 8 0
15.35714285714286 8.166666666666666 0
15.35714285714286 8.333333333333332 0
15.19047619047619 8.5 0
15.02380952380952 8.5 0
14.85714285714286 8.5 0
14.69047619047619 8.5 0
14.52380952380952 8.5 0
14.35714285714286 8.5 0
14.19047619047619 8.5 0
14.02380952380952 8.5 0
13.85714285714286 8.5 0
13.69047619047619 8.5 0
13.52380952380952 8.5 0
13.35714285714286 8.333333333333334 0
13.35714285714286 8.166666666666666 0
13.35714285714286 8 0
13.35714285714286 7.833333333333333 0
13.35714285714286 7.666666666666667 0
13.35714285714286 7.5 0
13.35714285714286 7.333333333333334 0
13.35714285714286 7.166666666666667 0
13.35714285714286 7 0
13.35714285714286 6.833333333333334 0
13.35714285714286 6.666666666666667 0
13.35714285714286 6.333333333333333 0
13.35714285714286 6.166666666666666 0
13.35714285714286 6 0
13.35714285714286 5.833333333333334 0
13.35714285714286 5.666666666666667 0
13.35714285714286 5.5 0
13.35714285714286 5.333333333333334 0
13.35714285714286 5.166666666666667 0
13.35714285714286 5 0
13.35714285714286 4.833333333333333 0
13.35714285714286 4.666666666666666 0
13.35714285714286 4.5 0
13.35714285714286 4.333333333333334 0
13.35714285714286 4.166666666666667 0
13.35714285714286 4 0
13.35714285714286 3.833333333333334 0
13.35714285714286 3.666666666666667 0
13.35714285714286 1.3125 0
13.35714285714286 1.125 0
13.35714285714286 0.9375 0
13.35714285714286 0.75 0
13.35714285714286 0.5625 0
13.35714285714286 0.375 0
13.35714285714286 0.1875 0
18.30952380952381 0 0
18.47619047619047 0 0
18.64285714285714 0 0
18.80952380952381 0 0
18.97619047619047 0 0
19.14285714285714 0 0
19.30952380952381 0 0
19.47619047619047 0 0
19.64285714285714 0 0
19.80952380952381 0 0
19.97619047619047 0 0
20.14285714285714 0.1875 0
20.14285714285714 0.375 0
20.14285714285714 0.5625 0
20.14285714285714 0.75 0
20.14285714285714 0.9375 0
20.14285714285714 1.125 0
20.14285714285714 1.3125 0
20.14285714285714 3.666666666666667 0
20.14285714285714 3.833333333333333 0
20.14285714285714 4 0
20.14285714285714 4.166666666666667 0
20.14285714285714 4.333333333333334 0
20.14285714285714 4.5 0
20.14285714285714 4.666666666666666 0
20.14285714285714 4.833333333333333 0
20.14285714285714 5 0
20.14285714285714 5.166666666666667 0
20.14285714285714 5.333333333333334 0
20.14285714285714 5.5 0
20.14285714285714 5.666666666666666 0
20.14285714285714 5.833333333333333 0
20.14285714285714 6 0
20.14285714285714 6.166666666666666 0
20.14285714285714 6.333333333333333 0
20.14285714285714 6.666666666666666 0
20.14285714285714 6.833333333333333 0
20.14285714285714 7 0
20.14285714285714 7.166666666666667 0
20.14285714285714 7.333333333333334 0
20.14285714285714 7.5 0
20.14285714285714 7.666666666666666 0
20.14285714285714 7.833333333333333 0
20.14285714285714 8 0
20.14285714285714 8.166666666666666 0
20.14285714285714 8.333333333333332 0
19.97619047619047 8.5 0
19.80952380952381 8.5 0
19.64285714285714 8.5 0
19.47619047619047 8.5 0
19.30952380952381 8.5 0
19.14285714285714 8.5 0
18.97619047619047 8.5 0
18.80952380952381 8.5 0
18.64285714285714 8.5 0
18.47619047619047 8.5 0
18.30952380952381 8.5 0
18.14285714285714 8.333333333333334 0
18.14285714285714 8.166666666666666 0
18.14285714285714 8 0
18.14285714285714 7.833333333333333 0
18.14285714285714 7.666666666666667 0
18.14285714285714 7.5 0
18.14285714285714 7.333333333333334 0
18.14285714285714 7.166666666666667 0
18.14285714285714 7 0
18.14285714285714 6.833333333333334 0
18.14285714285714 6.666666666666667 0
18.14285714285714 6.333333333333333 0
18.14285714285714 6.166666666666666 0
18.14285714285714 6 0
18.14285714285714 5.833333333333334 0
18.14285714285714 5.666666666666667 0
18.14285714285714 5.5 0
18.14285714285714 5.333333333333334 0
18.14285714285714 5.166666666666667 0
18.14285714285714 5 0
18.14285714285714 4.833333333333333 0
18.14285714285714 4.666666666666666 0
18.14285714285714 4.5 0
18.14285714285714 4.333333333333334 0
18.14285714285714 4.166666666666667 0
18.14285714285714 4 0
18.14285714285714 3.833333333333334 0
18.14285714285714 3.666666666666667 0
18.14285714285714 1.3125 0
18.14285714285714 1.125 0
18.14285714285714 0.9375 0
18.14285714285714 0.75 0
18.14285714285714 0.5625 0
18.14285714285714 0.375 0
18.14285714285714 0.1875 0
23.09523809523809 0 0
23.26190476190476 0 0
23.42857142857143 0 0
23.59523809523809 0 0
23.76190476190476 0 0
23.92857142857143 0 0
24.09523809523809 0 0
24.26190476190476 0 0
24.42857142857143 0 0
24.59523809523809 0 0
24.76190476190476 0 0
24.92857142857143 0.1875 0
24.92857142857143 0.375 0
24.92857142857143 0.5625 0
24.92857142857143 0.75 0
24.92857142857143 0.9375 0
24.92857142857143 1.125 0
24.92857142857143 1.3125 0
24.92857142857143 3.666666666666667 0
24.92857142857143 3.833333333333333 0
24.92857142857143 4 0
24.92857142857143 4.166666666666667 0
24.92857142857143 4.333333333333334 0
24.92857142857143 4.5 0
24.92857142857143 4.666666666666666 0
24.92857142857143 4.833333333333333 0
24.92857142857143 5 0
24.92857142857143 5.166666666666667 0
24.92857142857143 5.333333333333334 0
24.92857142857143 5.5 0
24.92857142857143 5.666666666666666 0
24.92857142857143 5.833333333333333 0
24.92857142857143 6 0
24.92857142857143 6.166666666666666 0
24.92857142857143 6.333333333333333 0
24.92857142857143 6.666666666666666 0
24.92857142857143 6.833333333333333 0
24.92857142857143 7 0
24.92857142857143 7.166666666666667 0
24.92857142857143 7.333333333333334 0
24.92857142857143 7.5 0
24.92857142857143 7.666666666666666 0
24.92857142857143 7.833333333333333 0
24.92857142857143 8 0
24.92857142857143 8.166666666666666 0
24.92857142857143 8.333333333333332 0
24.76190476190476 8.5 0
24.59523809523809 8.5 0
24.42857142857143 8.5 0
24.26190476190476 8.5 0
24.09523809523809 8.5 0
23.92857142857143 8.5 0
23.76190476190476 8.5 0
23.59523809523809 8.5 0
23.42857142857143 8.5 0
23.26190476190476 8.5 0
23.09523809523809 8.5 0
22.92857142857143 8.333333333333334 0
22.92857142857143 8.166666666666666 0
22.92857142857143 8 0
22.92857142857143 7.833333333333333 0
22.92857142857143 7.666666666666667 0
22.92857142857143 7.5 0
22.92857142857143 7.333333333333334 0
22.92857142857143 7.166666666666667 0
22.92857142857143 7 0
22.92857142857143 6.833333333333334 0
22.92857142857143 6.666666666666667 0
22.92857142857143 6.333333333333333 0
22.92857142857143 6.166666666666666 0
22.92857142857143 6 0
22.92857142857143 5.833333333333334 0
22.92857142857143 5.666666666666667 0
22.92857142857143 5.5 0
22.92857142857143 5.333333333333334 0
22.92857142857143 5.166666666666667 0
22.92857142857143 5 0
22.92857142857143 4.833333333333333 0
22.92857142857143 4.666666666666666 0
22.92857142857143 4.5 0
22.92857142857143 4.333333333333334 0
22.92857142857143 4.166666666666667 0
22.92857142857143 4 0
22.92857142857143 3.833333333333334 0
22.92857142857143 3.666666666666667 0
22.92857142857143 1.3125 0
22.92857142857143 1.125 0
22.92857142857143 0.9375 0
22.92857142857143 0.75 0
22.92857142857143 0.5625 0
22.92857142857143 0.375 0
22.92857142857143 0.1875 0
27.88095238095238 0 0
28.04761904761905 0 0
28.21428571428572 0 0
28.38095238095238 0 0
28.54761904761905 0 0
28.71428571428572 0 0
28.88095238095238 0 0
29.04761904761905 0 0
29.21428571428572 0 0
29.38095238095238 0 0
29.54761904761905 0 0
29.71428571428572 0.1875 0
29.71428571428572 0.375 0
29.71428571428572 0.5625 0
29.71428571428572 0.75 0
29.71428571428572 0.9375 0
29.71428571428572 1.125 0
29.71428571428572 1.3125 0
29.71428571428572 3.666666666666667 0
29.71428571428572 3.833333333333333 0
29.71428571428572 4 0
29.71428571428572 4.166666666666667 0
29.71428571428572 4.333333333333334 0
29.71428571428572 4.5 0
29.71428571428572 4.666666666666666 0
29.71428571428572 4.833333333333333 0
29.71428571428572 5 0
29.71428571428572 5.166666666666667 0
29.71428571428572 5.333333333333334 0
29.71428571428572 5.5 0
29.71428571428572 5.666666666666666 0
29.71428571428572 5.833333333333333 0
29.71428571428572 6 0
29.71428571428572 6.166666666666666 0
29.71428571428572 6.333333333333333 0
29.71428571428572 6.666666666666666 0
29.71428571428572 6.833333333333333 0
29.71428571428572 7 0
29.71428571428572 7.166666666666667 0
29.71428571428572 7.333333333333334 0
29.71428571428572 7.5 0
29.71428571428572 7.666666666666666 0
29.71428571428572 7.833333333333333 0
29.71428571428572 8 0
29.71428571428572 8.166666666666666 0
29.71428571428572 8.333333333333332 0
29.54761904761905 8.5 0
29.38095238095238 8.5 0
29.21428571428572 8.5 0
29.04761904761905 8.5 0
28.88095238095238 8.5 0
28.71428571428572 8.5 0
28.54761904761905 8.5 0
28.38095238095238 8.5 0
28.21428571428572 8.5 0
28.04761904761905 8.5 0
27.88095238095238 8.5 0
27.71428571428572 8.333333333333334 0
27.71428571428572 8.166666666666666 0
27.71428571428572 8 0
27.71428571428572 7.833333333333333 0
27.71428571428572 7.666666666666667 0
27.71428571428572 7.5 0
27.71428571428572 7.333333333333334 0
27.71428571428572 7.166666666666667 0
27.71428571428572 7 0
27.71428571428572 6.833333333333334 0
27.71428571428572 6.666666666666667 0
27.71428571428572 6.333333333333333 0
27.71428571428572 6.166666666666666 0
27.71428571428572 6 0
27.71428571428572 5.833333333333334 0
27.71428571428572 5.666666666666667 0
27.71428571428572 5.5 0
27.71428571428572 5.333333333333334 0
27.71428571428572 5.166666666666667 0
27.71428571428572 5 0
27.71428571428572 4.833333333333333 0
27.71428571428572 4.666666666666666 0
27.71428571428572 4.5 0
27.71428571428572 4.333333333333334 0
27.71428571428572 4.166666666666667 0
27.71428571428572 4 0
27.71428571428572 3.833333333333334 0
27.71428571428572 3.666666666666667 0
27.71428571428572 1.3125 0
27.71428571428572 1.125 0
27.71428571428572 0.9375 0
27.71428571428572 0.75 0
27.71428571428572 0.5625 0
27.71428571428572 0.375 0
27.71428571428572 0.1875 0
32.66666666666666 0 0
32.83333333333334 0 0
33 0 0
33.16666666666666 0 0
33.33333333333334 0 0
33.33333333333334 8.5 0
33.16666666666666 8.5 0
33 8.5 0
32.83333333333334 8.5 0
32.66666666666666 8.5 0
32.5 8.333333333333334 0
32.5 8.166666666666666 0
32.5 8 0
32.5 7.833333333333333 0
32.5 7.666666666666667 0
32.5 7.5 0
32.5 7.333333333333334 0
32.5 7.166666666666667 0
32.5 7 0
32.5 6.833333333333334 0
32.5 6.666666666666667 0
32.5 6.333333333333333 0
32.5 6.166666666666666 0
32.5 6 0
32.5 5.833333333333334 0
32.5 5.666666666666667 0
32.5 5.5 0
32.5 5.333333333333334 0
32.5 5.166666666666667 0
32.5 5 0
32.5 4.833333333333333 0
32.5 4.666666666666666 0
32.5 4.5 0
32.5 4.333333333333334 0
32.5 4.166666666666667 0
32.5 4 0
32.5 3.833333333333334 0
32.5 3.666666666666667 0
32.5 1.3125 0
32.5 1.125 0
32.5 0.9375 0
32.5 0.75 0
32.5 0.5625 0
32.5 0.375 0
32.5 0.1875 0
1.174107142857143 6.5 0
1.348214285714286 6.5 0
1.522321428571429 6.5 0
1.696428571428573 6.5 0
1.870535714285716 6.5 0
2.044642857142859 6.5 0
2.218750000000002 6.5 0
2.392857142857145 6.5 0
2.566964285714287 6.5 0
2.74107142857143 6.5 0
2.915178571428572 6.5 0
3.089285714285714 6.5 0
3.263392857142857 6.5 0
3.4375 6.5 0
3.611607142857143 6.5 0
3.611607142857142 8.5 0
3.437499999999999 8.5 0
3.263392857142856 8.5 0
3.089285714285713 8.5 0
2.91517857142857 8.5 0
2.741071428571427 8.5 0
2.566964285714284 8.5 0
2.392857142857141 8.5 0
2.218749999999999 8.5 0
2.044642857142856 8.5 0
1.870535714285714 8.5 0
1.696428571428571 8.5 0
1.522321428571428 8.5 0
1.348214285714286 8.5 0
1.174107142857143 8.5 0
5.959821428571429 6.5 0
6.133928571428572 6.5 0
6.308035714285715 6.5 0
6.482142857142858 6.5 0
6.656250000000002 6.5 0
6.830357142857144 6.5 0
7.004464285714287 6.5 0
7.178571428571431 6.5 0
7.352678571428573 6.5 0
7.526785714285715 6.5 0
7.700892857142858 6.5 0
7.875 6.5 0
8.049107142857142 6.5 0
8.223214285714285 6.5 0
8.397321428571429 6.5 0
8.397321428571429 8.5 0
8.223214285714285 8.5 0
8.049107142857142 8.5 0
7.874999999999998 8.5 0
7.700892857142856 8.5 0
7.526785714285712 8.5 0
7.352678571428569 8.5 0
7.178571428571427 8.5 0
7.004464285714285 8.5 0
6.830357142857141 8.5 0
6.656249999999999 8.5 0
6.482142857142857 8.5 0
6.308035714285714 8.5 0
6.133928571428571 8.5 0
5.959821428571429 8.5 0
10.74553571428571 6.5 0
10.91964285714286 6.5 0
11.09375 6.5 0
11.26785714285714 6.5 0
11.44196428571429 6.5 0
11.61607142857143 6.5 0
11.79017857142857 6.5 0
11.96428571428572 6.5 0
12.13839285714286 6.5 0
12.3125 6.5 0
12.48660714285714 6.5 0
12.66071428571429 6.5 0
12.83482142857143 6.5 0
13.00892857142857 6.5 0
13.18303571428572 6.5 0
13.18303571428572 8.5 0
13.00892857142857 8.5 0
12.83482142857143 8.5 0
12.66071428571428 8.5 0
12.48660714285714 8.5 0
12.3125 8.5 0
12.13839285714286 8.5 0
11.96428571428571 8.5 0
11.79017857142857 8.5 0
11.61607142857143 8.5 0
11.44196428571428 8.5 0
11.26785714285714 8.5 0
11.09375 8.5 0
10.91964285714286 8.5 0
10.74553571428571 8.5 0
15.53125 6.5 0
15.70535714285714 6.5 0
15.87946428571429 6.5 0
16.05357142857143 6.5 0
16.22767857142857 6.5 0
16.40178571428572 6.5 0
16.57589285714286 6.5 0
16.75 6.5 0
16.92410714285715 6.5 0
17.09821428571428 6.5 0
17.27232142857143 6.5 0
17.44642857142857 6.5 0
17.62053571428572 6.5 0
17.79464285714286 6.5 0
17.96875 6.5 0
17.96875 8.5 0
17.79464285714286 8.5 0
17.62053571428571 8.5 0
17.44642857142857 8.5 0
17.27232142857143 8.5 0
17.09821428571428 8.5 0
16.92410714285714 8.5 0
16.75 8.5 0
16.57589285714285 8.5 0
16.40178571428572 8.5 0
16.22767857142857 8.5 0
16.05357142857143 8.5 0
15.87946428571429 8.5 0
15.70535714285714 8.5 0
15.53125 8.5 0
20.31696428571428 6.5 0
20.49107142857143 6.5 0
20.66517857142857 6.5 0
20.83928571428572 6.5 0
21.01339285714286 6.5 0
21.1875 6.5 0
21.36160714285714 6.5 0
21.53571428571428 6.5 0
21.70982142857143 6.5 0
21.88392857142857 6.5 0
22.05803571428572 6.5 0
22.23214285714285 6.5 0
22.40625 6.5 0
22.58035714285714 6.5 0
22.75446428571428 6.5 0
22.75446428571428 8.5 0
22.58035714285714 8.5 0
22.40625 8.5 0
22.23214285714285 8.5 0
22.05803571428571 8.5 0
21.88392857142857 8.5 0
21.70982142857143 8.5 0
21.53571428571428 8.5 0
21.36160714285714 8.5 0
21.1875 8.5 0
21.01339285714285 8.5 0
20.83928571428572 8.5 0
20.66517857142857 8.5 0
20.49107142857143 8.5 0
20.31696428571428 8.5 0
25.10267857142857 6.5 0
25.27678571428571 6.5 0
25.45089285714286 6.5 0
25.625 6.5 0
25.79910714285714 6.5 0
25.97321428571428 6.5 0
26.14732142857143 6.5 0
26.32142857142857 6.5 0
26.49553571428572 6.5 0
26.66964285714286 6.5 0
26.84375 6.5 0
27.01785714285715 6.5 0
27.19196428571429 6.5 0
27.36607142857143 6.5 0
27.54017857142857 6.5 0
27.54017857142857 8.5 0
27.36607142857143 8.5 0
27.19196428571428 8.5 0
27.01785714285714 8.5 0
26.84375 8.5 0
26.66964285714286 8.5 0
26.49553571428571 8.5 0
26.32142857142857 8.5 0
26.14732142857143 8.5 0
25.97321428571428 8.5 0
25.79910714285714 8.5 0
25.625 8.5 0
25.45089285714285 8.5 0
25.27678571428571 8.5 0
25.10267857142857 8.5 0
29.88839285714286 6.5 0
30.0625 6.5 0
30.23660714285715 6.5 0
30.41071428571429 6.5 0
30.58482142857143 6.5 0
30.75892857142857 6.5 0
30.93303571428572 6.5 0
31.10714285714286 6.5 0
31.28125 6.5 0
31.45535714285715 6.5 0
31.62946428571428 6.5 0
31.80357142857143 6.5 0
31.97767857142857 6.5 0
32.15178571428572 6.5 0
32.32589285714285 6.5 0
32.32589285714285 8.5 0
32.15178571428572 8.5 0
31.97767857142857 8.5 0
31.80357142857143 8.5 0
31.62946428571428 8.5 0
31.45535714285714 8.5 0
31.28125 8.5 0
31.10714285714286 8.5 0
30.93303571428572 8.5 0
30.75892857142857 8.5 0
30.58482142857143 8.5 0
30.41071428571428 8.5 0
30.23660714285714 8.5 0
30.0625 8.5 0
29.88839285714286 8.5 0
39.81276881719612 10.19556177567414 0
41.19991058738636 0.3493631689149241 0
37.96200955899941 9.506901573815313 0
39.1000097811575 0.3492776623514668 0
47.15346629727233 6.944129425762724 0
47.15279389962343 4.861161946492234 0
42.58970834767334 11.23164948405514 0
33.8402307025505 4.419966853475056 0
47.15506246548007 9.028558815393929 0
42.95014341273474 0.3496257294327609 0
47.15263145127442 3.472429185103704 0
37.00051505730202 0.3491560718605378 0
44.06517429800135 11.80265771681624 0
36.1106880223926 8.82439383527381 0
47.15703754346521 10.41507358723788 0
33.84100291342025 2.379912378590872 0
44.69996109654853 0.3497208978652173 0
33.83830439413352 5.780641414601792 0
35.2003482275824 8.523640188526713 0
47.152452343612 2.083735861710299 0
45.40020467305376 12.1235072714329 0
35.59965396233348 0.3485695206373602 0
46.10055498162959 0.3494396357716472 0
33.82957134098618 6.809505941713143 0
34.63419695363395 8.36794299794164 0
41.04751190130435 10.65488445266705 0
46.23435648202143 12.21686897283457 0
34.54739287146965 0.3468040486866206 0
47.15182141818563 1.042795698792599 0
33.84213001492491 1.362794807717 0
47.1282918379761 11.50122127916368 0
46.95939345125032 12.21872832907212 0
33.83474053342822 7.484253131154492 0
47.15398112464474 8.332852571649511 0
47.15316715034941 6.249741837955209 0
37.70042252043956 0.3493342008477374 0
39.8002904584057 0.3493706072287104 0
41.90013838250757 0.3494790996088843 0
43.65012079104054 0.3497221615349702 0
38.57874902287657 9.736389652165531 0
33.84072892225843 3.059465924929142 0
46.80088223682655 0.3485936419070583 0
44.59431209601894 11.96531298865876 0
43.7882571006178 11.69927952933924 0
33.86563093464893 7.850287120673751 0
34.08200897246169 8.254710231336009 0
47.15008617958083 11.11737196303932 0
33.8478337658409 0.3425003620690479 0
47.15122368609679 0.6955312080400295 0
47.15674274552023 10.06895632889991 0
47.15619290143916 9.723089874196081 0
35.94987348814175 0.348780396896057 0
34.89829306269343 0.3477023479452255 0
36.30013782385802 0.3489559322342579 0
47.15377476200445 7.985695714824788 0
47.15366686181805 7.638659188990533 0
33.83966090982103 5.100101446209564 0
33.83605846876775 6.122612099705483 0
38.05017964323265 0.3493464256174539 0
38.39994701378683 0.3493117717041336 0
40.15013898896639 0.3493785100520652 0
40.4999326414505 0.3493533611365409 0
47.15304866690226 5.902592529937739 0
45.39997843066192 0.3496664447060205 0
47.15295512965041 5.555454011633892 0
42.25013915020519 0.3495218857400442 0
44.0000828654662 0.3497254996865493 0
47.15273795992056 4.514003100092449 0
47.15268870013337 4.166845882308987 0
47.15260031710669 3.125205986100148 0
47.15254762563634 2.77802871345755 0
33.84051973895277 3.739585532250231 0
47.15233708258927 1.736772182875169 0
40.43001565079788 10.42516043487403 0
39.50417886423576 10.08073113361037 0
38.88710722956378 9.851098619923253 0
37.34470207589857 9.277496248035558 0
37.03600017135191 9.163037314537936 0
41.66471809892435 10.88454520805302 0
36.72739356893481 9.049068019070898 0
42.28173133647249 11.11511368333444 0
43.19925716907758 11.46753582117645 0
35.49829774558972 8.61617352932738 0
33.84149126831317 1.701453695965878 0
47.15056735018496 0.3478791018913094 0
33.84562999101925 0.6839892147094888 0
44.85960823021742 12.02746756085779 0
46.48358014819812 12.25767175176825 0
45.95311526230587 12.1879379310261 0
33.79974857152734 8.200372218763528 0
47.22651417322787 12.18588040885444 0
39.61844678336868 9.770886280094951 0
39.80065189684061 0.6982956145887753 0
41.90042961230009 0.6986208631364539 0
37.45999563538381 8.968748665217806 0
46.80664580193575 6.24917044965677 0
46.80550951053706 4.514161827083782 0
46.80826645196043 7.984811864751327 0
42.70364829210074 10.92413499405388 0
37.70100521681348 0.6982069085843126 0
43.65038273259648 0.6992381126321998 0
46.80510684664029 3.125594485247945 0
44.15776671119232 11.52007357935019 0
46.81666525693582 10.41138402555244 0
34.17582533507619 5.780585787206928 0
35.30996993971956 8.246819617175383 0
35.94809178679448 0.6961849100626818 0
46.80470649686249 2.084532725837085 0
34.18545418416139 1.366862220661965 0
46.26648007400063 11.93261730190016 0
34.54257334931096 0.6914084175766098 0
46.84684456547576 11.41657033801471 0
34.15890385760538 7.472158462521065 0
46.90473185554849 11.92376983935047 0
34.19306290636585 0.687791053588815 0
35.80361808878618 8.717639940991498 0
33.82908466159728 7.147437054820911 0
34.35772048243147 8.309723652049223 0
47.15379720205928 10.76477117009026 0
34.91485782597869 8.439671358409687 0
42.89564408739003 11.34923946537867 0
33.83262501329241 6.465797048151611 0
46.8143905718795 9.722895378778951 0
43.497937881893 11.58548742545583 0
47.15587660971893 9.37619388798092 0
35.2489358532757 0.3480956609388643 0
47.1545673779155 8.68048772869324 0
38.05029111531225 0.6982120809555701 0
36.65038255373497 0.3490397952940505 0
40.15016699246193 0.6982957263062692 0
47.15360871230718 7.291427430812374 0
37.35058685004238 0.3491746407410314 0
38.74987336014698 0.3492609288310096 0
39.45021209394917 0.3492483439127803 0
40.84983378978072 0.3493244989011588 0
47.15337257163823 6.596850175734413 0
41.55005362494411 0.3493643098577648 0
46.45085290451119 0.3490712523173602 0
46.80636949401961 5.902214325932977 0
33.83906215835408 5.440200354817083 0
34.19703322669942 0.3443805045558799 0
45.75026905294917 0.3495622005339882 0
42.6001469816288 0.3495552097028263 0
45.04992756710699 0.3496847176745481 0
43.30016700804063 0.3496498384161768 0
44.35003543141821 0.3497125145836408 0
47.15287792469427 5.208310433657275 0
47.15264917726778 3.819665345166988 0
33.83998050679156 4.760066813502341 0
47.15247762417818 2.430910311791187 0
47.15210837871169 1.389887767690347 0
33.84041174726045 4.07978652006464 0
39.19557953510454 9.965842917379064 0
38.27048295111281 9.621634674188783 0
40.12131668316326 10.31028760511026 0
33.84065175535623 3.399447250037259 0
37.65344675558381 9.392171821061531 0
40.73877746680723 10.53999002031445 0
41.35614240243034 10.76967331025475 0
33.84090041434322 2.719620347190768 0
41.97327093919813 10.99956168871915 0
36.41896684587977 8.936151786806025 0
36.84275079310568 8.742394392016847 0
33.84125105439239 2.040563762406198 0
33.84392237686377 1.024034677885858 0
46.80306328634985 1.04429158301326 0
46.8018979316082 0.6966669109639048 0
45.12874255051779 12.07952863671745 0
45.674557420239 12.15796616589577 0
44.33186767294629 11.89019056193032 0
46.72431648885261 12.2583175643332 0
47.194295492975 11.86172805123694 0
39.80095779222006 1.04660796361114 0
46.46058167392296 6.248254790738473 0
37.70156635552441 1.046454071080169 0
34.18052370150779 4.419985692822539 0
34.18187190121274 3.059266406069954 0
45.05002274035633 0.6991927456125211 0
45.43725884052906 11.82851823412285 0
40.54444518096187 10.11523905985592 0
41.77944095240212 10.57474987244308 0
38.6942119682564 9.426944444399478 0
46.80775672312186 10.75812547974197 0
36.22688727224734 8.523917436009821 0
34.16473598138477 6.466761195930698 0
34.15525795809803 7.147236251954009 0
45.75103168997686 0.698842660118113 0
36.6510613167312 0.6975811826233596 0
38.7496596270612 0.698141934596503 0
46.81025391960357 8.679453246456172 0
46.81332422315204 9.37633219203752 0
46.80766023251297 7.290750042096144 0
37.35147951156884 0.6979526966497884 0
39.45054111286044 0.6981189288026179 0
40.84946833442107 0.6983088916438183 0
41.55014387006202 0.698437896458465 0
42.60052075996151 0.6988743803358988 0
43.3004887148582 0.6991216645165377 0
43.59863958338696 11.28902071834007 0
35.61353053049174 8.3306066356852 0
46.80497665111295 2.778516540390776 0
46.80439470309649 1.737919663426675 0
34.18261079795312 2.380689685376933 0
39.92692028513797 9.885582972330386 0
42.39630748780323 10.80623953762856 0
39.31009830465005 9.656074123276046 0
45.98340422522318 11.89634946120374 0
34.70909903110665 8.095893351091048 0
34.15217343534691 8.00554937049867 0
46.58944713110612 11.98545449264245 0
35.00755798836964 8.165449238850195 0
46.77268019481885 11.13225190008036 0
36.53468691800943 8.631906401135723 0
34.17132387776218 6.122356625580566 0
43.00738401078941 11.04434316832719 0
46.80916763372468 8.331572527370515 0
46.81610826631541 10.06708862563907 0
35.24424721442126 0.6943094294101124 0
34.89279002950818 0.6929262141493142 0
43.88363321133044 11.40800277466076 0
35.59535086700366 0.69483706102569 0
37.15121882549396 8.855156089928411 0
34.17778474508329 5.440170129707777 0
36.29983559372849 0.6969201845916295 0
46.80799996695738 7.637923863864291 0
38.39976054118119 0.6981310864416113 0
40.49965031989665 0.6982483422973687 0
46.80707220206436 6.596064017060055 0
42.25052664541543 0.698711502299405 0
44.35015752513897 0.6992631317807758 0
44.00029220638013 0.6992366276574291 0
46.45213227851724 0.6976850996580435 0
46.80613450117472 5.555232770394412 0
46.80568968408262 4.86120062106208 0
46.80538585435123 4.167105667912105 0
46.80518613187943 3.472806077469093 0
34.17992907384038 4.760165265485058 0
41.16217628665724 10.34501203580351 0
34.18127175762107 3.739287224029082 0
46.80482873188221 2.43152033406541 0
38.07780367054026 9.197669773931406 0
46.80381718246866 1.39128683031613 0
34.183834290966 1.704187840263923 0
37.76898400124028 9.083068862193407 0
34.18920084030353 1.028388335753466 0
44.9171279471102 11.74265560602504 0
44.41629620391922 11.61509280469975 0
46.84773259168688 11.65990854319698 0
34.18051936836256 7.74492508363512 0
41.55027878312578 1.047035845002848 0
39.73236635169796 9.460320834602621 0
38.19368733494434 8.888099317555586 0
46.46308823306293 7.635979314163547 0
43.12023834990427 10.73852074988765 0
46.45841111555604 4.51434055097058 0
46.47348359534629 9.372422481720989 0
43.30107726029298 1.048288820301539 0
34.51972319988525 4.760257554950437 0
36.64975422116806 8.327120695355543 0
44.26382212039955 11.24316436654144 0
34.49636416355367 6.462085967180689 0
36.29922068881089 1.043767770130365 0
46.45751041020572 3.126255367033149 0
46.47158940750415 10.7371116327411 0
37.3525585013811 1.046152437666914 0
46.45670293629759 2.085739935134723 0
46.30226976077099 11.64140534543561 0
34.76797705691784 7.800592251119475 0
34.88435653855611 1.035093341364236 0
39.45101305164705 1.046417795794293 0
46.46126342588271 6.594806060885979 0
42.25123637958296 1.047547441002874 0
37.57524269241196 8.659863738524241 0
44.00066109583145 1.04850657795049 0
35.40941030078857 7.949234897854264 0
34.47453461200558 7.464998300281984 0
34.15821166189318 6.808775803224935 0
34.52708729043047 1.707748863937411 0
34.53052219637891 1.370827359051333 0
46.8120804291259 9.027663720479422 0
46.47881723415247 10.0626187279162 0
43.30573472538196 11.16640339404174 0
35.58825640152935 1.038441112553261 0
37.00149437554529 0.6977101673025148 0
39.10005635168319 0.6980405086973658 0
41.19969856460384 0.6982920728192807 0
45.40040970274086 0.6990270010655255 0
46.46534557021688 8.329107715984208 0
42.95056047661809 0.6989580015560097 0
46.46009113557956 5.901603268179946 0
46.80746047042921 6.943197430993779 0
40.15001766918667 1.0466246861913 0
40.8488330201417 1.046697825495506 0
38.05025404629063 1.046464579379927 0
38.74943247798033 1.046355435449084 0
46.10185370837083 0.6983540173677421 0
36.95770029312681 8.435908894593434 0
44.70006905611778 0.6992137962877809 0
46.80592329880854 5.208217371770862 0
34.17899659138794 5.100168870287253 0
34.1809483621203 4.07966931588139 0
46.80527625384448 3.819998338150497 0
38.38625562792082 9.312313308235035 0
40.85333897210158 10.23007940723502 0
34.50622716162572 6.119924437048232 0
34.51237564152499 5.779492767234199 0
46.45727457094095 2.779322037854498 0
34.18322864266899 2.042277803535644 0
42.81745962262604 10.61596316802517 0
46.45605566426846 1.739333645616054 0
41.47079103129816 10.45978841423351 0
34.18228721822187 2.719982090956952 0
34.18160626906607 3.39919603063639 0
40.23558798757897 10.0003204332447 0
42.08797152452594 10.69003599168793 0
39.00212763130558 9.541448772140935 0
46.45366652243369 1.04559920481646 0
35.91975419621679 8.423350702923321 0
34.53630259630435 1.031788917907589 0
34.41786067757733 8.042293208765997 0
43.98706244446277 11.11834056355725 0
46.58695125390085 11.66528007290162 0
45.17506230278347 11.78873330865864 0
45.7084593428673 11.86041231629526 0
46.42646285555968 11.05321716772717 0
44.66605432610591 11.6882091076522 0
39.4513606409347 1.39403268782631 0
46.11600509365377 6.593282854493478 0
36.7632125495012 8.020733009652963 0
37.35361825793083 1.393671102651626 0
43.23387506836504 10.4320842458483 0
34.52347720967315 3.060732206244055 0
44.37917005903672 10.95880045216368 0
46.1098503061548 3.127134781624992 0
34.82740054168283 6.456538102988286 0
41.89375906303892 10.26434662020596 0
45.40157331465923 1.048023409310606 0
40.6589010334344 9.804760656205938 0
45.47144405221511 11.5454347686803 0
46.47081582419963 9.023946886048188 0
46.15256572098636 11.00716502358772 0
46.1083813330501 2.087118679504326 0
46.46256146259455 7.288681872771384 0
46.10353822630479 1.046647843065214 0
42.9512574195984 1.048013344320978 0
34.51813960711044 5.100114279891539 0
34.52226250705439 3.739713617543222 0
42.51075325929452 10.49680375533276 0
38.81003649011189 9.117170740113878 0
39.42448392356127 9.345701384635174 0
43.41490183517489 10.86482926258492 0
46.03877940247479 11.62498714515985 0
44.96742591999519 11.45524505661686 0
46.46794339249439 8.675949757822856 0
34.48581549546306 6.803688114340221 0
34.47941491933879 7.140962875084504 0
36.03337625020632 8.12585369907536 0
36.3415913152102 8.223232083401935 0
46.47655210264627 9.717774298861329 0
46.46200449573301 6.941528444694263 0
39.10023974882012 1.046257907345055 0
41.19937816701682 1.046760780797257 0
46.47979381995719 10.40248608178456 0
35.23475166467922 1.036186115801373 0
34.84049951400206 6.117266787607949 0
35.94399666832861 1.040963989136192 0
42.60132627326728 1.047740809695861 0
41.90095254905709 1.047244282595365 0
46.46407938427637 7.982437487486976 0
43.65089810430647 1.048401614063233 0
37.8844958635571 8.773690546690577 0
40.49914518716847 1.046598500861197 0
34.51582992160431 5.439750091360562 0
38.39942919477323 1.046364224286334 0
46.11506376973804 6.247106047761098 0
36.6518892579008 1.045068330850127 0
37.00276188058578 1.045669791969772 0
40.14987521421482 1.39435584747197 0
38.0501599675121 1.394068221387086 0
46.45964983846088 5.554842894476796 0
46.45877077275968 4.861195716082583 0
44.70040928243942 1.048472164682051 0
44.35050606962354 1.04847691837335 0
46.45769502169419 3.473374424275861 0
34.52076436585009 4.420066811482896 0
46.45697966802397 2.432509132539927 0
46.45815689767691 4.167435443266338 0
41.27649263397572 10.03447813969228 0
37.26623175980686 8.547136176374899 0
40.04092278833416 9.575010470228406 0
46.45493403212688 1.39269502220003 0
34.5258956615266 2.045065562559512 0
43.70340447440808 10.99187735157798 0
34.52494700843089 2.383266393129524 0
38.50216443451423 9.002627467765457 0
35.7223407710599 8.036892956865845 0
35.08904928215124 7.861121112078518 0
34.87697559985376 1.373399156800847 0
46.60722212182102 11.40552537201205 0
34.45859587557609 7.763635116196957 0
44.72999327886451 11.43425189642603 0
44.49454065931337 11.36346544168257 0
39.84598912984104 9.14902460787429 0
45.77135126171358 6.591581137822244 0
41.90179694497901 1.395480160789289 0
34.85920853498409 4.760249485246216 0
46.13173355182583 9.017273806098132 0
43.30196481796982 1.397052999934966 0
35.15763428704412 6.455437643989284 0
46.14950055475194 10.39329143886473 0
46.11207065269127 4.861133803907418 0
44.35111966594822 1.397429104342906 0
35.93908016057827 1.384345820820765 0
35.51875366539903 7.648580691327672 0
34.86752483666652 2.386431366843318 0
46.11929968108104 7.632209420435792 0
37.69008151726516 8.350370890821901 0
38.92425116119131 8.806365279447604 0
35.22671498990883 1.375693756928303 0
46.11019918330749 3.474049846900639 0
46.1094611130266 2.78036808889244 0
46.10541358828291 1.39404268358458 0
44.68641206683247 11.11521422765751 0
34.80582594026041 7.137761065981719 0
34.7997169261029 7.475605157171121 0
46.13720400585908 9.363682739228967 0
46.14577114444074 10.05365591855377 0
46.11821968920873 7.285675285352164 0
36.1430389305345 7.82445874645654 0
39.10028031604036 1.393832395639902 0
45.75275050327834 1.047353929060421 0
41.19893235558256 1.39468292439549 0
37.00427546048407 1.393032666101174 0
42.60246229173347 1.396279250252432 0
40.4985259861782 1.394364715725527 0
46.12302483820852 8.325128943845435 0
38.39899554245039 1.393942174931407 0
34.85371211649281 5.439118319894115 0
34.848599104582 5.778182613661799 0
43.65159932557845 1.397274968995692 0
46.11719105881595 6.93939671335917 0
46.11425939692809 5.900743728994779 0
39.8010170754989 1.394156829068611 0
37.70196657298564 1.393893222690385 0
46.45923394166971 5.208017332204813 0
36.65282825102988 1.391864799000833 0
45.05084881605411 1.04827654451637 0
46.45791775793996 3.820450297186677 0
34.52158320300821 4.079862729627528 0
46.11152843352018 4.514491195241003 0
40.96777687967101 9.919572670807263 0
38.30854763304617 8.577726822953048 0
42.93160474070199 10.30712154338608 0
34.52290379870661 3.400237553483488 0
39.11705440530702 9.231293921728053 0
40.3499005305986 9.689808693906464 0
37.07173460917929 8.128138164594887 0
46.10897804542829 2.433688343603199 0
41.58503524852177 10.14926086079065 0
42.20240620346619 10.37995860235203 0
34.52421397060571 2.72207770850588 0
46.15282279276505 10.71995704998493 0
46.10709231582291 1.740730044538149 0
34.81261933247107 6.79666923462666 0
36.45372446392263 7.919087403591118 0
44.09424612088604 10.8253121861848 0
43.52656702825375 10.56230020658709 0
34.87270538783555 1.710871220714348 0
46.35685008066029 11.35177982647261 0
45.23048384233939 11.49338673820701 0
45.76685187252338 11.52929972583305 0
39.80145798648221 1.741139832507079 0
41.39074425973885 9.723272915079782 0
38.39899229273365 1.740745419973758 0
45.76566859583669 4.861004485718259 0
43.30295127223266 1.745454966682044 0
36.65234260627598 1.737704841930454 0
43.64050477104746 10.25877991661279 0
45.76274257902775 3.474852721170801 0
45.8032497320927 9.354977569499056 0
36.8745834096598 7.712200831953265 0
34.86340411523743 3.741183624452264 0
44.78050171423324 10.77116924125777 0
45.75946810405006 2.088676331020802 0
45.78781633900637 10.7507047412648 0
35.1850883160376 5.777774151158431 0
46.11281303677048 5.207695215411374 0
37.35455543117087 1.740353907683781 0
46.11105147619296 4.167769454852464 0
42.00771640048303 9.95322070155092 0
40.77355276256247 9.493685191534098 0
45.755033959632 1.395198470945197 0
39.53802178473933 9.034449273793655 0
35.22055116897422 1.713947543566114 0
45.60381831385408 11.21421996589686 0
35.12739841844898 7.119062357362095 0
35.13702198814467 6.789911592752429 0
35.58131740660041 1.379130396668765 0
35.19204221110032 7.482070718398653 0
45.8131383255477 10.37560416512744 0
38.74923367934894 1.39377361882467 0
45.05249990874363 1.396936657592593 0
40.84814699562799 1.394421164248894 0
44.48713032183398 10.65735774466386 0
45.77457669719568 7.282429113291419 0
42.25236285153508 1.395847949741624 0
41.55052795454198 1.394997863958178 0
45.77299578847614 6.937076027105351 0
46.14217470619072 9.709685658436207 0
35.1742693215368 6.117442829574295 0
39.10074499983048 1.740567598412353 0
44.00131015093952 1.397367367371551 0
46.11355700253603 5.554226501651123 0
45.7700327642964 6.245761315279307 0
37.70238274158896 1.740706645433776 0
46.1209555247322 7.97855816542614 0
44.70159430328425 1.397238888413508 0
42.95230660577803 1.39662026876707 0
34.8567122487089 5.099883643908575 0
36.29704014769321 1.388857420301211 0
40.49831304057852 1.741498368760414 0
34.86090689427488 4.420211549690532 0
45.76218370349685 3.128214212620434 0
38.61649012527359 8.691914562139415 0
35.82952484067748 7.738519076323276 0
34.86974258919259 2.048392917389835 0
37.99936117002614 8.463663808546821 0
46.11061303319921 3.820954643400619 0
42.62501709198433 10.18665497879414 0
37.38070598570275 8.23834166692955 0
34.86543200122751 3.064068370671144 0
46.12696270134588 8.671132568499551 0
43.34752094110914 10.12496721815376 0
40.15500897409746 9.263820686198237 0
45.76153348714328 2.781621201336582 0
34.86642700432488 2.725276635799125 0
36.24970342078282 7.520442870526839 0
39.23076053695099 8.920223904457295 0
43.81159231942621 10.69395199587723 0
46.0532077107772 11.30932890053465 0
45.01384987700769 11.15463185211843 0
39.03570220923497 8.493983106457375 0
45.42936369943776 6.934687955692224 0
37.35481043586644 2.08628600678823 0
45.4153658160925 3.475905834575157 0
43.75653451054205 9.954049680781624 0
44.70365638092056 1.74561094324437 0
35.20772620334448 3.068479880026763 0
35.50888321820088 6.121350435111255 0
35.19845159944632 4.760172314506505 0
41.5515201334313 1.742502135846608 0
35.93455385087356 7.442829404324776 0
37.80383253747195 8.039770322984928 0
39.9595042259063 8.83700825054428 0
44.86829649945602 10.47258716137873 0
45.81099969920085 9.699454165261102 0
45.44619456920736 10.63356494161776 0
42.25392241261046 1.743782688511836 0
42.95350539152841 1.744907742401433 0
35.42849972339239 7.092135358179262 0
45.78703028940232 8.665328709221875 0
43.92282068006799 10.39449410677447 0
45.81544598033742 10.0378924228908 0
45.07881244685091 10.85132894542355 0
35.57338017829849 1.718983531527111 0
36.29289786754241 1.733241608310758 0
38.74955486417062 1.740473021831924 0
45.77645806227422 7.627917970584408 0
40.84801560111431 1.741570122909105 0
45.40402546176215 1.396120944914729 0
45.78204952013881 8.319841813895108 0
39.4517930388131 1.740740727795008 0
45.42734321933109 6.589695215168209 0
45.76673042986808 5.207257765526112 0
44.00224445701735 1.74595965172013 0
43.65251133006079 1.745740883114982 0
37.00469614181068 1.739253010488996 0
38.05036196587648 1.740740988106506 0
40.14996585333082 1.741307517846102 0
45.76888869705363 5.899677048473028 0
45.76406860962733 4.168132077830423 0
45.76484657982626 4.514620267461821 0
35.19080141661065 5.438842993947788 0
45.76061830632329 2.435124031103193 0
34.86223879551902 4.080436505941395 0
34.86447341787867 3.402762298392619 0
38.42107848838137 8.266000029867298 0
45.76339313197663 3.821550171382067 0
43.04582392235253 9.997392285374179 0
40.46436969410325 9.378695936820666 0
35.21104950090624 2.39047665450597 0
42.31654839290489 10.06916591609605 0
37.1846183665572 7.818746306476811 0
45.41453635083455 3.129522453953135 0
41.69910556240085 9.838046514397794 0
41.08232949712691 9.608442355247382 0
45.75739041735577 1.742155420056746 0
45.7947757564594 9.010015099659601 0
36.5627455439548 7.612074703345312 0
35.45885490728664 6.788128894404208 0
39.34272269946216 8.607925586980969 0
35.21517211982953 2.05216648448271 0
45.29573819060325 11.19558642942904 0
44.20336661497242 10.52728176071531 0
45.57783979068857 10.95726246913141 0
35.63571010011943 7.371905021402382 0
45.88274834805069 11.06663219602772 0
35.42740411370788 7.307864312996613 0
39.1462406575832 8.180617912061306 0
39.102350290506 2.086340368253324 0
40.49868737456959 2.087919095410126 0
41.50532723355616 9.411435290234561 0
45.08640861212384 6.932140326336446 0
42.95477898439772 2.092773614610806 0
45.06807017776295 3.477253560462658 0
36.98276778078375 7.400051097014043 0
45.4721920357242 9.346546094602459 0
45.41957688151395 4.86095212890362 0
45.40958411847086 2.090451035992971 0
36.03093403505049 7.143829276735977 0
43.65375925199179 2.093884365438691 0
38.39977221224082 2.08652721106056 0
37.70259722975177 2.086693142273333 0
45.4480287479537 8.658434607196241 0
40.88820245561067 9.181871113777438 0
42.121696577889 9.641352186375347 0
45.48479400210596 9.684474018539332 0
45.15071071994602 10.56109583113091 0
39.45311509370822 2.086774172959598 0
45.77888012457937 7.973748208305678 0
41.19951569644328 1.741865644900445 0
45.05547651763008 1.74476863477915 0
35.93133025923701 1.726232602405837 0
35.77939211319195 6.798431085241912 0
45.43425171689473 7.623788628807866 0
41.90325203677192 1.743115775601698 0
45.43177354702837 7.279245888736199 0
37.00369665492943 2.084836464546214 0
36.28568630716359 2.076389051186794 0
42.60388664435326 1.744298401157071 0
45.76784374354935 5.553474679185771 0
45.41726111386691 4.168669291409763 0
35.48725962002395 6.459712163894378 0
35.19500405460595 5.099652475445003 0
45.42556278167255 6.244267579956686 0
40.15048402157214 2.087704756009213 0
44.35270259643791 1.745857885175402 0
35.20089541410547 4.420517454125081 0
35.20284014030813 4.081536768382477 0
45.4162903277451 3.822371918406147 0
45.41342645662682 2.783236284796026 0
35.52052299910223 5.780088300145053 0
38.11251728455781 8.152431898518744 0
35.20941900931974 2.729869917220292 0
38.72829428187735 8.379733196831024 0
42.73913119693613 9.875624240343042 0
43.46275809491708 9.816420735917134 0
40.26907694708521 8.951919231921099 0
37.49427916688984 7.928313620255158 0
39.65073234154337 8.722214963639711 0
45.40674994698906 1.743487535066954 0
44.59236485584438 10.3586273375899 0
44.03930353566388 10.09382753111638 0
35.56512444307213 2.058465094023946 0
36.34770376606598 7.211954985889511 0
35.20620523500654 3.406332142920379 0
45.48691669829447 10.3343323214704 0
35.72290125101875 7.098455631814889 0
45.36533420696266 10.9123648243512 0
39.10373980432156 2.431128064824954 0
37.35155088550372 2.431306109435346 0
35.53752516533834 4.760292045629633 0
43.87639246141003 9.64893638165492 0
35.84335327855 6.130380844840275 0
40.15098162556644 2.433431309244145 0
41.55353089451215 2.089319974447725 0
37.91607569455029 7.72783356801205 0
40.07295553815165 8.524260134613023 0
35.55088286170262 3.075324494664792 0
45.1820723837273 9.665274761346025 0
45.44176253504469 8.313439178307439 0
44.35538325210247 2.093889916920962 0
45.05873474335188 2.092021340352755 0
35.55927914454416 2.398291114718797 0
44.95260241853448 10.21347866447096 0
36.10251719676953 6.829934036889853 0
35.81741854260612 6.470978819600788 0
35.92297840010669 2.067683547511265 0
45.43756804225892 7.968478553145641 0
45.09267781549047 7.619706419842837 0
36.64680294555601 2.081662008103629 0
41.90512382602268 2.090261054717439 0
42.60545955282581 2.091968831202085 0
45.08945924648626 7.276046827970597 0
43.3041535307567 2.093359564368802 0
45.42400975169059 5.898567324242695 0
45.42101813823336 5.206899816649279 0
38.05065805068176 2.08667563677183 0
45.08389759980743 6.587646428918435 0
38.75076194297195 2.086164311232805 0
44.00433792592497 2.093984210396441 0
39.80225822823515 2.087239159822099 0
35.54072837664471 4.421609636925587 0
40.84891535672897 2.088011113710986 0
35.52775127117017 5.439653316825986 0
45.41838522192593 4.514888165343584 0
45.06679171481217 3.131170632416096 0
45.41166652076011 2.436918526586263 0
40.57870301582597 9.066814917237643 0
38.53146939628202 7.952860057382178 0
42.4305528966058 9.757549447055096 0
43.16040153057808 9.686572140921278 0
45.07064858887281 4.169435728012793 0
45.06933031914464 3.823414418467188 0
37.29594868094541 7.50716794764493 0
45.45820451492602 9.003161617069207 0
39.45445579680237 8.29482549105618 0
41.19702553862744 9.296622417704924 0
36.66516282414577 7.299682849915095 0
41.81338002966576 9.526160364310787 0
45.49152124341065 10.01390557630918 0
35.20457428256395 3.743741380687586 0
38.83860762717521 8.06642716316313 0
44.31787839415804 10.22953840614791 0
45.20895362461361 10.30191382098398 0
41.55431105555397 2.435293371361182 0
38.64269428048512 7.639307513884328 0
41.62034289155157 9.098952718632797 0
44.75159630690829 7.615430378033652 0
35.87645144452876 4.761996145352855 0
42.95635631153533 2.440088451727777 0
44.72424837452542 4.170217473703453 0
43.6561694853941 2.441486962622231 0
37.09103749021293 7.080915678772875 0
45.11779910933623 8.996277527092387 0
44.72063080577325 3.478824566237859 0
36.27405140958373 2.417979136783512 0
36.99630095678503 2.429270379892967 0
39.80320534536384 2.432785330955736 0
38.05069927847772 2.431882215288565 0
38.75162321556986 2.430847533325429 0
44.74410454673101 6.92939502105688 0
45.07565412800111 5.206687833066286 0
45.06488410856567 2.785114792537142 0
41.00249605856106 8.869168866349776 0
39.25751247164136 7.866766403517653 0
42.23608240193452 9.328767574130744 0
35.91376368915709 2.408072578988815 0
45.10181813295642 8.306248537343905 0
41.2009050726129 2.088401463430946 0
44.70729442280818 2.093131937867584 0
35.55510171578787 2.737609483869916 0
42.25563051932225 2.091116566934169 0
45.09681009358687 7.963092388426954 0
45.08165179046379 6.242698680589254 0
37.70154987457707 2.431806644016907 0
39.45408963621723 2.431870469178042 0
35.5330452154159 5.099925303445758 0
45.07215295646336 4.515351724180668 0
44.00777043013388 2.441564208884432 0
45.4225559491463 5.552766360632687 0
40.49906158130176 2.433578914530836 0
35.54336103376644 4.084256933462936 0
35.54830689852908 3.412183909430601 0
35.85597569718007 5.786317218194317 0
38.22397212907383 7.839901523323087 0
43.58036467588521 9.507676763451173 0
40.38274642418928 8.639149926746159 0
37.60674327879198 7.616811782124989 0
39.76347676111837 8.409326723413354 0
42.85335160825659 9.56363139339847 0
45.06199616970667 2.438714083303827 0
44.7143358934094 10.07505308066051 0
36.43014784837138 6.888239146438853 0
45.13750662370914 9.347089469491177 0
36.15289377803906 6.495250556193155 0
45.15933167241813 10.00087355927521 0
44.43966050041296 9.93648596193524 0
44.1607339778073 9.7954948162776 0
39.80368440370053 2.777481450101715 0
36.98266201114042 2.772889380375477 0
44.00213810595497 9.347178824916448 0
40.1859314924472 8.210630043141133 0
44.75616714588462 9.361693541860955 0
36.49611484217 6.542319513370782 0
41.20125429291014 2.434163298366332 0
43.66020179417168 2.788496629751757 0
37.69895326658674 2.776326977659408 0
35.87088398693391 5.1016803850049 0
45.07764023782922 5.552136662265319 0
44.72619711101918 4.515815080059656 0
35.89628259520414 3.085667939841512 0
44.86527834486851 9.769804375186183 0
38.40030008846545 2.431230284942543 0
40.84913826326329 2.433679839792046 0
45.109179127655 8.649369501535261 0
44.54718107505218 9.65823511913305 0
44.76192297294587 8.297725090346855 0
36.63527055971878 2.424654548703928 0
42.25726733403815 2.437994442331986 0
41.90611599386604 2.436597746876221 0
39.1034614165418 2.774563316760787 0
44.75621012499857 7.956884637290988 0
44.74102097137145 6.585443851637494 0
43.30614882816225 2.440807891364618 0
35.86397259403697 5.44346475348972 0
44.74775378028238 7.272675172312217 0
45.07963430234317 5.897480582650428 0
36.18266204540439 6.145066997847923 0
45.07386337249869 4.861103731633138 0
42.60697735945389 2.439041075119377 0
40.49885358675126 2.778570685415641 0
44.72243369804652 3.82455047807494 0
44.3599441857144 2.441123822385628 0
44.71541723327749 2.786730161242216 0
35.88041369195646 4.424972916136972 0
44.71130214361168 2.440039190565629 0
40.69255273972395 8.754021140429217 0
43.27702689020546 9.375773762605625 0
39.5665762430571 7.981128863014199 0
37.40897868248135 7.193632413316116 0
37.72025348174 7.3044073809748 0
42.54475375099366 9.445098726725625 0
44.71832391574981 3.132878405708285 0
36.76272479932884 6.973067068206638 0
41.31182714216557 8.984067438362857 0
38.94992139381083 7.752750712088353 0
41.92817032528161 9.213636942866721 0
35.54586082559391 3.748308807037733 0
38.02875936073448 7.415252768398132 0
38.33623655188902 7.526934870858395 0
35.9048133938922 2.747744280606344 0
39.3715244500675 7.553212967589626 0
37.83881054320816 6.992888775563364 0
44.40230736801796 6.926476745280979 0
42.35156136696961 9.015602205463328 0
41.90602364021663 2.781752678539594 0
36.20768799157471 5.108008263914937 0
44.38053872977265 4.515989668408634 0
44.41840035932272 8.285189035385759 0
36.57168963177931 6.152045257521867 0
41.11667983181215 8.555666852646674 0
44.37537758468203 3.825522762420821 0
44.73564006127119 5.896378663877314 0
42.60866406517813 2.78555380507977 0
43.30905577217878 2.787802203473297 0
40.49586400955555 8.325462726186574 0
38.75813042981482 7.326649089766614 0
36.87944210934795 6.599998442540358 0
44.423671899261 9.238227378362875 0
44.7715157088702 8.635743794117047 0
40.84807401526686 2.778417274568991 0
44.77710481742012 8.976832748729159 0
38.75110850440515 2.774153227927401 0
38.0496706011271 2.776002915288821 0
36.61871409277155 2.7669815694361 0
36.24610329450086 3.097487734552648 0
44.41132812142349 7.609725237310062 0
41.19946882777408 2.77853978124698 0
37.34254445289213 2.77516560645301 0
39.45424087655129 2.775879192271697 0
44.73826389624672 6.241044338550439 0
35.88745643585924 3.75591721014267 0
36.19171433006345 5.793721088614996 0
40.15132065037363 2.778210892529459 0
44.73322645138444 5.551493102001614 0
44.72840749741518 4.861232784351816 0
44.01275758376514 2.788465297738386 0
44.36890455935733 3.13424147855404 0
36.21475067386839 4.768471727387272 0
44.3644021377075 2.787725220440861 0
35.89182369260744 3.421877555281606 0
41.73562902140594 8.785758199721203 0
43.70280506296338 9.203374797670232 0
39.87608338529522 8.095669634326429 0
42.96969814102849 9.251589498192073 0
37.22036867004356 6.76366213204075 0
35.88393362117728 4.090160603091569 0
36.25996195969783 2.757862844715189 0
44.29101733472538 9.503445155096196 0
38.14576677366512 7.103280170687194 0
39.80423717302602 3.121043013782276 0
38.26575380433134 6.791514602335024 0
36.54298795757921 5.116680087690555 0
37.33292992030705 3.118702386334642 0
36.22516434279763 4.099356730852232 0
40.29868567671771 7.896198292556296 0
36.60287445363232 3.107718684399477 0
44.14816471010847 9.03128050409234 0
36.505704483266 5.779765545114627 0
43.31355949007659 3.134121922364456 0
44.01781912506805 3.134780169210028 0
44.39521820724244 6.239401880390119 0
44.38327805538368 4.861100391114349 0
37.11722826867179 6.349956412727803 0
44.43032374386294 8.626585098892729 0
41.55240135238622 2.779534075496051 0
42.95883836614162 2.78672173613925 0
39.10253217232982 3.116097670558959 0
44.40663004852923 7.268771077599986 0
36.19755723849256 5.449539720425432 0
44.39865238212214 6.583128849074287 0
44.41589705796137 7.946740453811222 0
42.2579178551422 2.78372059782193 0
40.15156212542961 3.122368277712245 0
44.37800646636148 4.170707361534915 0
44.39219277338583 5.895219611664793 0
38.04762937651782 3.119446283602279 0
40.8460900975455 3.122077452146107 0
44.73082404587981 5.206420737631423 0
41.42668454791074 8.670753211331366 0
38.39968130967137 2.774883727332128 0
43.40068860085273 9.06983980583199 0
38.45263647114449 7.214722120825479 0
39.68011022984565 7.667229585467217 0
37.53222856624454 6.882193526065304 0
44.37222556641149 3.479972716114968 0
42.66088704793162 9.132345795340211 0
40.80615218998457 8.440397199921851 0
39.06497723917768 7.439784234844323 0
42.0435275817827 8.900438966542914 0
36.22021570110086 4.43269513756714 0
36.23788938687719 3.433972294125605 0
44.46635235146732 8.940981644223591 0
36.87511444639158 6.256353203601241 0
39.49090941566251 7.241028339365423 0
39.80550513382673 3.463508263418868 0
44.05656172138286 6.580821853608121 0
41.23061511448857 8.241308450501799 0
42.46896923014609 8.701558982864794 0
44.07832864403311 7.931133084797257 0
44.03835685875763 4.860353998122938 0
41.90351842562318 3.124656854374558 0
36.56095174750391 4.442822063307323 0
41.19642386510627 3.121047327552608 0
44.03894854909763 8.629932822741265 0
38.74969521758967 3.115841419781259 0
44.03141639548753 4.170690181419732 0
44.38625747531084 5.205972684039635 0
44.02287019577838 3.480512183186346 0
43.09444525036997 8.941488769515276 0
36.59049009109791 3.445977569595626 0
36.96705994578731 3.114373042895838 0
36.53063166341872 5.457985435819206 0
37.20031677200923 6.091743055697789 0
38.39806359105783 3.11752306324454 0
43.66586685193295 3.13458454452973 0
42.96217652767915 3.132881501769827 0
39.45442277987484 3.118211261343004 0
44.07166118376516 7.60076651556295 0
42.25734068854285 3.128196505181382 0
44.0527025822754 6.237719499175381 0
44.38926091723096 5.550704036146289 0
37.69337727009793 3.119702821414309 0
40.49845671941053 3.122595738633556 0
44.06575599964719 7.26343211970525 0
43.81497274227874 8.921559755397814 0
41.84986718141342 8.471394808799525 0
39.98924338630989 7.781493244774538 0
37.96307561975904 6.682770694764939 0
40.60895355477818 8.011030363530104 0
36.55253804836011 4.777572556798512 0
38.87850437964334 7.015143779308131 0
36.23153316625249 3.767749516178258 0
38.57202400310923 6.902815877298289 0
37.36595150111455 6.464380793889234 0
36.97943814222889 6.069389680916264 0
36.86602302506839 5.834593111172023 0
38.38559414995149 6.478948301512592 0
38.74816590506023 3.455980443143987 0
43.71491559900964 6.577670785031546 0
36.88916422809925 4.783455913640362 0
41.89860534478669 3.465815022039746 0
37.32003520656403 3.46082164631104 0
43.74047045988711 7.917416057642455 0
37.25917088385039 5.75158945623976 0
40.41410265224755 7.582047473534457 0
41.19249430991935 3.462456458845891 0
42.96662093516527 3.478125697748318 0
43.67211813800962 3.480234708048167 0
39.798348781748 7.354414273825663 0
36.56957374325688 4.112502721599785 0
37.49007541023155 6.166772214102608 0
43.69318870289213 8.505286459373362 0
36.95255093777207 3.454681703526124 0
36.86541042039891 5.45458511303321 0
41.54908067953659 3.121620213267589 0
39.45598900260904 3.459091835642119 0
42.6102932924042 3.130876378355994 0
44.06094880070539 6.922728560349623 0
44.03483891053411 4.515385465948055 0
44.04201278303483 5.205096237120936 0
37.68298940149029 3.462436438774995 0
40.49789466299652 3.466214829368566 0
40.15205748422483 3.465585081808185 0
43.73074551659299 7.588626278295854 0
44.04912983204211 5.893988927426374 0
41.54057975948907 8.356322866331908 0
40.91969455173263 8.125997765996388 0
37.66199784352504 6.574601299396447 0
44.02732604899163 3.825648498751595 0
38.39439942080543 3.459146975148637 0
39.18537640213482 7.128164503923452 0
42.7826232441089 8.819342366871071 0
43.54242811156024 8.773213755653783 0
42.15846278949735 8.586076335868203 0
44.07414208511614 8.258894816678879 0
39.00043713714667 6.703368756340971 0
36.5806189228325 3.780477149932297 0
39.45635285718241 3.799349636660764 0
41.34386871884097 7.925925096014311 0
43.69819352598736 5.203298241711063 0
42.58496218500814 8.385402356278757 0
37.60095052462543 5.854191700083008 0
37.29946501618649 3.799388100750066 0
43.39526579301263 7.903823256156701 0
38.74171431938478 3.795291107192686 0
43.68814437183082 4.513604421810584 0
42.61215411118798 3.475550329404406 0
43.71944463060823 6.917408296998689 0
40.1524633631534 3.808466590949381 0
43.67796998335151 3.825103500243106 0
43.23173946152977 8.630104729295967 0
37.16445623581789 5.418517208775285 0
39.61564819292514 6.930207994740117 0
38.08445197110155 6.371239267080545 0
36.91949194140304 4.123736844301988 0
36.8729886430949 5.115494284140825 0
39.10252812365852 3.455955396093786 0
41.54371073784337 3.462168355602912 0
43.31978765294018 3.47926785530338 0
42.25565475867099 3.471268785189976 0
43.72414839121514 7.254172807462297 0
44.0456539176857 5.549633999172939 0
38.03946268435764 3.46153758151643 0
43.71057624577672 6.235618452047529 0
40.84446523207774 3.464796649907586 0
41.96156819284703 8.155009653902674 0
40.72381804375168 7.696533984574412 0
38.6919475615929 6.590229757450949 0
36.93726421089618 3.790493033748074 0
40.10657732438669 7.468184593839132 0
39.30847501350562 6.816790193884321 0
36.90405212960997 4.45269110218624 0
37.78551500462044 6.266350368417816 0
43.7585999329583 8.215869306249694 0
41.53838719010041 3.802191780999321 0
40.53655845920345 7.269986209028098 0
39.74069954502558 6.618712937885642 0
38.50545513449132 6.165796697184983 0
43.37411172100038 6.571282483783501 0
42.25466453116433 3.81349756919246 0
43.70247362834721 5.548131881096582 0
37.22437959260871 4.790312083858272 0
37.90282356486082 5.95386105303893 0
39.10014452285764 3.795082373696089 0
43.3260836409757 3.823760857525437 0
43.39237719918294 8.281511220455759 0
43.38005292160548 7.238881934238222 0
43.38458945803279 7.570198706484909 0
39.8055819703566 3.805012604157481 0
43.70650247116677 5.892273107692578 0
43.69323708757982 4.858030593203413 0
38.3807213192779 3.79962224224693 0
37.66161299341177 3.802130251804016 0
40.49729146938745 3.80884949502971 0
42.61433713980083 3.818797209411323 0
39.12151886069221 6.390364258676168 0
41.65293184577327 8.040405137632968 0
43.68284751049318 4.169267285884549 0
41.03391497787374 7.811098371517167 0
39.92312070813038 7.043380866501646 0
42.90729355358177 8.501866837377912 0
42.27082310490764 8.26966060834504 0
37.19498580155928 5.11562425238004 0
41.18915528988158 3.804032607243592 0
37.24920046590168 4.462598659235948 0
37.27463915367795 4.131802293066963 0
37.45044670672915 5.441026683084006 0
41.53624165173264 4.142261838558706 0
39.80422457429191 4.145821990481798 0
38.72553629290228 4.134290862384719 0
43.35996868929342 5.545916359750175 0
41.45966835492648 7.610560253419546 0
42.25674552662881 4.154726692536967 0
37.60138250413498 4.475054816539582 0
43.3478431839585 4.855027748620151 0
42.07258469298526 7.836027248500885 0
43.04241863629017 7.208589863016588 0
43.33188169193411 4.167243170521366 0
37.51310573502438 5.144430145364677 0
40.04974878657531 6.732449040814338 0
41.89540709925124 3.806689753023663 0
39.09162256409628 4.133402430150208 0
42.97118872789433 3.821705850092869 0
42.69296953795203 8.071676115382537 0
43.01350554558211 8.181665985949577 0
43.07962632319848 7.887558805277493 0
37.71963157366888 5.538692099734342 0
38.02027555910769 3.801933853783327 0
43.37867498773432 6.904925610469839 0
40.84264998207498 3.807068892038262 0
40.15135159469422 4.149895389728667 0
43.36912873292831 6.231730427079924 0
38.81274632951681 6.277243627110534 0
40.84442885084734 7.383599567596898 0
40.2306973438628 7.156843140171365 0
39.43100303527957 6.504312883797922 0
37.63208119764759 4.138215364014609 0
38.20346883795894 6.058380229812147 0
39.862346310637 6.305188212714905 0
39.80198506377481 4.484251186824535 0
38.63092016932666 5.856986420179698 0
39.0862945233795 4.466894849264905 0
37.82946890404777 5.2224520719047 0
42.97749988068504 4.164879072618621 0
43.03530443886094 6.557335116093148 0
40.6656382221443 6.95998598713435 0
42.79237821434334 7.795956959131271 0
41.89484430199939 4.146694119118782 0
42.61940644532327 4.161177425962965 0
38.02228017762368 5.641911536008416 0
43.36446790698027 5.889559973541648 0
39.45053252319082 4.138428026839755 0
43.35489537420096 5.200529434833881 0
37.99132000530589 4.140889528813608 0
43.3391166321755 4.510693559858129 0
38.35595743581648 4.138835450737633 0
40.49630238347661 4.150841949593365 0
41.18689738629024 4.145223476756517 0
39.24309525231313 6.078729321167345 0
41.15270496237704 7.497192541507057 0
42.38376005226881 7.951022190786697 0
41.76589623652164 7.724506067658982 0
43.04142793651695 6.884880159755573 0
37.56590084154897 4.816450158875759 0
40.3582090271545 6.846235898696647 0
43.00689280609237 7.54964488630142 0
37.96485330198635 4.482414858619932 0
41.53941313841988 4.483841993357191 0
43.0178683172747 5.542938049469893 0
41.58123651235719 7.29743872602733 0
42.72049046597326 7.186241386781784 0
42.26759402288667 4.496934311320752 0
40.97273660064369 7.073303316737564 0
38.14230666574609 5.335174126809452 0
39.44686254770468 4.472344578079618 0
42.98788443485594 4.508077628750546 0
37.95997331481058 4.866834985391158 0
43.02914790156463 6.222517982271119 0
40.84107458099388 4.148915140320647 0
40.15162239081132 4.489599291490171 0
43.01106625016478 5.197635244920885 0
38.9368949056755 5.968190485189345 0
40.17297611023803 6.419363654167615 0
42.16635086373478 7.530867995991692 0
39.5517517565308 6.191440100668316 0
38.32723645621153 5.749678934086146 0
38.71510609907644 4.471177940071037 0
42.70619735756998 6.861303411934881 0
40.7947718760163 6.649282661319512 0
42.52586242729598 7.602006660621688 0
42.74424713337916 7.429543581866584 0
38.34048791043256 4.477546122396827 0
39.97719432855082 5.990452404928977 0
39.36075933342374 5.777666784593757 0
39.8076856581102 4.825090876108654 0
39.10438669160746 4.765418727986101 0
42.67434247909326 5.540040619422783 0
41.1039555049906 6.764201541084608 0
38.27195826459997 5.068801403582948 0
42.35715633098383 7.209270033412293 0
41.90265909642662 4.488656396460203 0
43.00024064466803 4.852454746338951 0
43.023249547143 5.884316241425572 0
42.70002749949492 6.532347617792446 0
41.1876847107533 4.48702022624743 0
40.49677812747487 4.49108186578273 0
38.76100261827415 5.562105103671475 0
41.88554483593636 7.410310572273579 0
42.63147308614564 4.504258502395468 0
40.48343955599965 6.533920981780365 0
41.27813557135548 7.186200563700449 0
38.45397178506406 5.452512077226402 0
38.34481082820896 4.782233113406857 0
41.5492068845798 4.828901861325011 0
40.91858254282178 6.33658721685742 0
42.28686951486544 4.842609243979313 0
42.68323124162686 5.877615848276387 0
38.89943054273827 5.286676665748613 0
38.72534583482584 4.838203314070351 0
42.64723922168739 4.848786187754446 0
39.44222520628746 4.804878042245975 0
41.70044450890207 6.992678026971305 0
41.99859143366027 7.096941822058673 0
42.69243796855714 6.206103347615951 0
40.84124110077997 4.490004364395038 0
40.16283205385231 4.823800691073207 0
39.06083169443782 5.67590402768645 0
38.58183675366094 5.165832584719797 0
42.66188065548241 5.194803021183228 0
39.66485865809835 5.881894237647298 0
40.29057389917678 6.104626858202202 0
42.37235269197318 6.8339449694121 0
41.40611759300419 6.880721012292298 0
42.36443947971934 6.191798904672066 0
40.0795936032202 5.678670863561164 0
39.45687367366935 5.504750618969553 0
41.80368590897803 6.718908871521229 0
39.84657194310256 5.210695408504829 0
41.9180229694434 4.835220125688462 0
42.32099298068147 5.544821481645426 0
42.30061151958886 5.194441192300441 0
41.19162763319355 4.829753381964863 0
40.50333466735407 4.824716101435397 0
40.6040619373317 6.22017506393802 0
41.23404125945965 6.453116652478522 0
39.16843511163069 5.419214803035157 0
39.04298991063033 5.045316098619343 0
42.37141801154826 6.508075740633048 0
42.07606318743677 6.812508497353942 0
41.55225774248974 5.17470113144187 0
41.03603039368002 6.026708632754998 0
40.19827521963518 5.119604492626777 0
41.92437820317087 5.189972232579246 0
40.84445541127673 4.829276204621297 0
42.34716435174131 5.878288512273979 0
39.75387812333921 5.571692938815887 0
41.54282070633765 6.580966822741702 0
40.39835874797718 5.7906009741013 0
42.0256434953139 6.498057732556002 0
39.39431533287686 5.170784032319952 0
41.71268738630924 6.249112817807106 0
40.50788082477173 5.150691669506793 0
41.19486326755821 5.1692473939856 0
41.35162575807644 6.140259117067311 0
40.71936911923003 5.904652904813078 0
41.91257935425741 5.583599765974575 0
40.17234508970118 5.405921882949919 0
42.06657377212728 6.178590318295425 0
41.5204705520767 5.510573709302234 0
41.15165303116263 5.756023620438095 0
41.74255135824666 5.905775536459425 0
40.84750202305818 5.16891079267555 0
40.47685982906758 5.473365985277974 0
42.04766062103158 5.914754677673651 0
40.85242039225547 5.550532307208053 0
41.449553565032 5.829169924375633 0
41.20707743872342 5.468904384740298 0
41.89510598963912 5.910265107066538 0
41.98011998764449 5.749177221824113 0
41.82756535625204 5.744687651217 0
42.4415093791399 7.405638347016991 0
42.2617535973593 7.370069014701992 0
42.34610664551538 7.56643732830669 0
40.00945851640187 5.308308645727374 0
40.18531015466818 5.262763187788348 0
40.02242358136887 5.165149950565803 0
44.44501212536416 9.089604511293233 0
44.30725853078789 8.986131074157965 0
44.28591830468473 9.134753941227608 0
44.6516741104684 9.509964330497002 0
44.70622970996035 9.714019747159615 0
44.81072274537657 9.565748958523569 0
43.57548856607062 8.248690263352728 0
43.54278295103754 8.39339883991456 0
43.72589431792521 8.36057788281153 0
43.92696064568818 8.77574628906954 0
43.9815687261936 8.976420129745076 0
44.09355662960304 8.830606663416802 0
46.84728857858131 11.53823944060585 0
46.98801221483149 11.58056491118033 0
46.98756820172594 11.45889580858919 0
34.16634640185474 7.875237227066895 0
34.02307515150575 7.797606102154436 0
34.00890218499792 7.927918245586211 0
45.0236753642979 9.717539568266103 0
45.01230500864332 9.885338967230695 0
45.17070202807271 9.833074160310616 0
46.65688180997937 12.12188602848783 0
46.53651363965212 12.12156312220535 0
46.60394831852537 12.25799465805073 0
46.68995115831994 11.26888863604621 0
46.72703334364839 11.41104785501338 0
46.8097623801473 11.27441111904754 0
46.045993556626 11.46715802284725 0
45.91002979165029 11.41931431318385 0
45.90281563749909 11.57714343549645 0
38.88416787272809 4.941759706344848 0
39.07368830111889 4.905367413302722 0
38.91486626321665 4.801811021028226 0
41.17936523494303 5.612464002589197 0
41.02974891548945 5.509718345974176 0
41.00203671170905 5.653277963823074 0
38.30838454640447 4.925517258494902 0
38.15239207150977 4.824534049399007 0
38.11596578970528 4.967818194487053 0
36.71885632842385 5.993319184346944 0
36.6858637541672 5.807179328143325 0
36.53869705752265 5.965905401318247 0
36.99617135753169 6.303154808164521 0
36.87727827786976 6.428175823070799 0
36.99833518900987 6.47497742763408 0
45.68533509318873 11.37175984586495 0
45.53763118303459 11.37982736728858 0
45.61914796236924 11.53736724725668 0
43.04325956464542 7.718601845789456 0
42.89963551021785 7.672800922716346 0
42.93600226877091 7.841757882204382 0
46.01765703451852 11.03689860980772 0
45.96797802941394 11.18798054828118 0
46.10288671588178 11.15824696206118 0
42.04610863372059 6.338324025425714 0
41.88963057921826 6.213851568051266 0
41.86916544081157 6.373585275181554 0
37.35480879528976 5.596308069661883 0
37.30745147127352 5.429771945929645 0
37.21181355983414 5.585053332507522 0
42.05085334137534 6.655283114954972 0
41.91466470214597 6.608483302038616 0
41.9398745482074 6.765708684437586 0
44.70820267284849 11.27473306204177 0
44.59047636307292 11.23933983467004 0
44.61226696908894 11.3988586690543 0
39.4255945032731 5.337767325644752 0
39.28137522225377 5.294999417677555 0
39.31265439265002 5.461982711002355 0
45.18414264851587 10.15139369012959 0
45.0559670454763 10.10717611187308 0
45.08077802157404 10.25769624272747 0
33.68281546732447 7.835143560336876 0
33.85018573403858 7.667270125914122 0
33.66737026671411 7.482126565577246 0
33.67509286701929 7.658635062957061 0
47.32634435006669 4.166756274487827 0
47.15271333002697 4.340424491200718 0
47.32636897996028 4.513945994490668 0
47.32635666501348 4.340351134489247 0
33.66802923438387 6.121306049852741 0
33.83718143145063 5.951626757153638 0
33.66915219706676 5.780320707300897 0
33.66859071572532 5.950813378576819 0
40.15006949448319 0.1746892550260331 0
40.32503581520844 0.3493659355943031 0
40.49996632072525 0.17467668056827 0
40.32501790760422 0.1746829677971515 0
47.15276592977199 4.687582523292342 0
47.32639694981171 4.861136528801671 0
47.32638296488599 4.687541261646169 0
43.82510182825337 0.3497238306107597 0
44.0000414327331 0.1748627498432747 0
43.65006039552027 0.1748610807674851 0
43.82505091412668 0.1748619153053799 0
41.90006919125378 0.1747395498044426 0
42.07513876635637 0.3495004926744638 0
42.25006957510259 0.1747609428700221 0
42.07506938317819 0.174750246337231 0
47.32616854129463 1.73644164699314 0
47.15239471310063 1.910254022292734 0
47.326226171806 2.083534597521816 0
47.32619735655031 1.909988122257478 0
33.67106500746246 1.3613974038585 0
33.67074563415659 1.700726847982939 0
33.84181064161904 1.532124251841439 0
33.67090532080952 1.53106212592072 0
47.32627381281817 2.777903245617664 0
47.15257397137152 2.951617349778849 0
47.32630015855334 3.125102993050074 0
47.32628698568575 2.951503119333869 0
47.15261588419055 3.298817585601926 0
47.32631572563721 3.472325703662963 0
47.32630794209528 3.298714348356519 0
47.32561184304839 0.6949878262422367 0
47.15152255214121 0.8691634534163146 0
47.32591070909281 1.042231182729632 0
47.32576127607061 0.868609504485935 0
36.97846103887852 9.31726566132579 0
37.28711077713169 9.431910078060486 0
37.19035112362524 9.220266781286748 0
37.1327859080051 9.374587869693137 0
47.15310790862583 6.076167183946474 0
47.32658357517471 6.249870918977601 0
47.32652433345113 5.902685153857757 0
47.32655395431291 6.076278036417679 0
47.15300189827633 5.729023270785816 0
47.3264775648252 5.555504783594722 0
47.32650094913816 5.729094968726239 0
47.1538779433246 8.15927414323715 0
47.32699056232237 8.333092952491416 0
47.32688738100222 7.985903412967946 0
47.3269389716623 8.159498182729681 0
47.15372081191125 7.812177451907661 0
47.32683343090902 7.638774038939707 0
47.32686040595563 7.812338725953826 0
36.88169687014336 9.106052666804416 0
36.66985895169012 9.202866063606383 0
36.82415999528432 9.260065862466085 0
37.8753010818361 0.3493403132325952 0
38.05008982161633 0.1746732128087274 0
37.70021126021977 0.1746671004238687 0
37.87515054091805 0.1746701566162976 0
47.15689014449272 10.24201495806889 0
47.3285187717326 10.41587012695227 0
47.32837137276012 10.06920038667217 0
47.32844507224637 10.24253525681222 0
34.72284296708154 0.3472531983159231 0
34.89914653134672 0.1738511739726132 0
34.54869643573483 0.1734020243433108 0
34.72392148354077 0.1736265991579629 0
39.97521472368604 0.3493745586403882 0
39.80014522920285 0.1746853036143552 0
39.97510736184302 0.1746872793201941 0
35.94993674407088 0.1743901984480285 0
36.12500565599989 0.3488681645651575 0
36.30006891192901 0.174477966117129 0
36.12500282799994 0.1744340822825787 0
35.77476372523761 0.3486749587667086 0
35.59982698116674 0.1742847603186801 0
35.77488186261881 0.1743374793833548 0
38.22506332850974 0.3493290986607942 0
38.39997350689342 0.1746558858520668 0
38.22503166425487 0.1746645493303971 0
39.4469406731592 10.2354321707491 0
39.75553443561922 10.35026244176687 0
39.65847384071594 10.13814645464226 0
39.60123755438921 10.29284730625799 0
47.13918900877847 11.3092966211015 0
47.31414591898805 11.4797773062485 0
47.32504308979041 11.11424153707521 0
47.31959450438923 11.29700942166185 0
47.1564678234797 9.896023101547994 0
47.32809645071958 9.722656048209144 0
47.32823391173984 9.895928217440657 0
38.52132939454007 9.891016580069023 0
38.82980728386352 10.00578601393377 0
38.73292812622018 9.793744136044392 0
38.6755683392018 9.948401297001395 0
42.53269327467642 11.38504084583036 0
42.43571984207291 11.17338158369479 0
42.22440598309615 11.26935799548412 0
42.37854962888628 11.32719942065724 0
47.32643896234714 5.208321883495302 0
47.15291652717234 5.381882222645584 0
47.32645826358618 5.381913333545012 0
33.66999025339578 4.76003340675117 0
33.84010560467103 4.590016833488699 0
33.67011535127525 4.419983426737528 0
33.67005280233551 4.590008416744349 0
47.32632458863388 3.819554894805716 0
47.15266893870057 3.993255613737988 0
47.32633446935029 3.993155584646771 0
46.97940061175141 5.208263902714068 0
46.80602889999163 5.381725071082637 0
46.97954481541257 5.555343391014152 0
46.97947271358198 5.38180364686411 0
47.15283591215885 5.034736190074755 0
47.32641795607942 5.034729206148487 0
46.45780638981708 3.646912360731269 0
46.63159700589222 3.820224317668587 0
46.80523119286195 3.646402207809795 0
46.63144057678682 3.473090250872477 0
46.63151879133952 3.646657284270532 0
45.04996378355349 0.1748423588372745 0
45.22495299888446 0.3496755811902847 0
45.39998921533096 0.1748332223530102 0
45.22497649944223 0.1748377905951424 0
44.35001771570911 0.17485625729182 0
44.52499826398337 0.3497167062244291 0
44.69998054827427 0.1748604489326091 0
44.52499913199168 0.1748583531122154 0
43.30008350402031 0.1748249192080884 0
43.47514389954058 0.3496859999755735 0
43.47507194977029 0.1748429999877867 0
46.80514648925985 3.29920028135852 0
46.631308628423 3.125924926140547 0
46.45760271594996 3.299814895654505 0
46.63137460260491 3.299507588506512 0
33.66983045491052 5.100050723104782 0
33.8398207083063 4.930084129855953 0
33.66991035415315 4.930042064927976 0
47.32623881208909 2.430732933673371 0
47.15251262490726 2.604469512624369 0
47.32625631245363 2.604318089645518 0
42.45353037354888 10.65152164648066 0
42.35657973138036 10.43838117884239 0
42.14518886399607 10.53499729701998 0
42.24213950616459 10.74813776465825 0
42.29935961877247 10.59325947175032 0
45.75013452647458 0.1747811002669941 0
45.92541201728937 0.3495009181528177 0
46.10027749081479 0.1747198178858236 0
45.92520600864469 0.1747504590764093 0
47.1526403142711 3.646047265135346 0
47.32632015713555 3.645940299234339 0
44.35191113119306 1.571643494759154 0
44.52817948867924 1.745734414209886 0
44.70262534210241 1.571424915828939 0
44.52635698461624 1.397333996378207 0
44.52726823664774 1.571534205294046 0
45.41062531961548 2.263684781289617 0
45.58614241354171 2.436021278844728 0
45.76004320518668 2.261900181061997 0
45.58452611126046 2.089563683506886 0
45.58533426240108 2.262792481175807 0
46.4504264522556 0.1745356261586801 0
46.62586757066887 0.3488324471122093 0
46.80044111841327 0.1742968209535292 0
46.62543378533444 0.1744162235561051 0
45.9347981758758 2.434406187353196 0
46.1086796892392 2.260403511553763 0
45.93392471855009 2.087897505262564 0
45.93436144721294 2.26115184630788 0
42.6000734908144 0.1747776048514131 0
42.77514519718177 0.3495904695677936 0
42.95007170636737 0.1748128647163805 0
42.77507259859088 0.1747952347838968 0
46.80559959730984 4.68768122407293 0
46.97924179185303 4.861181283777157 0
46.97912373522881 4.514082463588116 0
46.97918276354092 4.687631873682636 0
46.97876213837465 2.778272626924163 0
46.80504174887662 2.952055512819361 0
46.97885358187349 3.125400235674047 0
46.97880786012406 2.951836431299105 0
47.32668628581911 6.597036198978314 0
47.15341943445528 6.770489800748568 0
47.32673314863617 6.944286935103581 0
47.32670971722764 6.770661567040948 0
46.80544768244414 4.340633747497943 0
46.9790372772423 4.166975775110546 0
46.97908050623556 4.340529119349331 0
44.87494433182776 0.3497028077698827 0
44.87497216591388 0.1748514038849418 0
44.17505914844221 0.3497190071350946 0
44.1750295742211 0.1748595035675464 0
43.12515521038768 0.3496377839244689 0
43.12507760519384 0.1748188919622349 0
45.05043577820523 0.8737346450644452 0
45.22621106535667 1.048149976913488 0
45.40099150870005 0.8735252051880655 0
45.22521622154859 0.6991098733390233 0
45.22571364345264 0.8736299251262549 0
46.80580649144558 5.034708996416471 0
46.97932120180222 5.034722593245613 0
45.76445759472679 4.341376172646122 0
45.93818750667322 4.514555731351412 0
46.11128995485657 4.341130325046733 0
45.93756004291014 4.167950766341443 0
45.93787377479168 4.341253248846428 0
33.67020587363023 4.07989326003232 0
33.84046574310661 3.909686026157436 0
33.67025986947638 3.739792766125116 0
33.67023287155331 3.909843013078718 0
47.32605418935584 1.389388328289618 0
47.15222273065048 1.563329975282758 0
47.32611136532523 1.562914987641379 0
44.70001507633315 0.5244673470764987 0
44.87504589823705 0.699203270950151 0
45.04997515373167 0.524438731643535 0
44.87499511503241 0.5244530393600169 0
44.00018753592317 0.5244810636719892 0
43.65025176181851 0.524480137083585 0
43.8253374694883 0.6992373701448145 0
43.82521964887083 0.5244806003777871 0
47.15246498389509 2.257323086750743 0
47.32623249194754 2.257133765597594 0
45.57512374180555 0.3496143226200044 0
45.57506187090277 0.1748071613100022 0
46.63223022842115 4.861198168572331 0
46.63196031304655 4.514251189027181 0
46.45859094415786 4.687768133526582 0
46.63209527073385 4.687724678799756 0
39.13834222261374 10.12057311264756 0
39.04134338233416 9.908470768651158 0
38.98407475323863 10.06317956329067 0
41.55002681247205 0.1746821549288828 0
41.72509600372585 0.3494217047333246 0
41.72504800186292 0.1747108523666636 0
38.21289757267834 9.776224141094762 0
38.11624625505611 9.564268124002048 0
37.9043620906418 9.661442640922138 0
38.05862983166007 9.718833391008449 0
33.67032587767812 3.39972362501863 0
33.84069033880733 3.2294565874832 0
33.67036446112922 3.059732962464571 0
33.67034516940367 3.229728293741601 0
40.49865515308089 2.950583212024599 0
40.67227340847801 3.122336595389831 0
40.84708205640618 2.950247363357549 0
40.67346380100906 2.778493979992316 0
40.67286860474353 2.950415287691074 0
37.59578190295416 9.546662814559362 0
37.49907441574119 9.334834034548546 0
37.44144634004293 9.489286446309924 0
40.84991689489036 0.174662249450579 0
41.02487218858354 0.3493438339080415 0
41.19995529369318 0.1746815844574616 0
41.02493609429177 0.1746719169540203 0
46.97836589284287 1.737345923150922 0
46.80455059997949 1.91122619463188 0
46.97857942023724 2.084134293773692 0
46.97847265654006 1.910740108462307 0
39.45010604697458 0.1746241719563901 0
39.62525127617744 0.3493094755707453 0
39.62512563808872 0.1746547377853727 0
38.74993668007349 0.1746304644155048 0
38.92494157065224 0.3492692955912382 0
39.10000489057875 0.1746388311757334 0
38.92497078532612 0.1746346477956191 0
37.35029342502119 0.1745873203705157 0
37.52550468524097 0.3492544207943844 0
37.52525234262048 0.1746272103971922 0
40.06410715458263 10.46504030647082 0
39.96704275017969 10.2529246903922 0
39.90982079510093 10.40765137411885 0
47.32680435615359 7.291547048739517 0
47.15363778706261 7.465043309901453 0
47.32681889353131 7.465160543839612 0
34.34856809924919 5.100141575089396 0
34.51893140349785 4.930185917420988 0
34.34982613686282 4.760211410217748 0
34.17946283261416 4.930167067886155 0
34.349197118056 4.930176492653572 0
39.27626901932179 1.74065416310368 0
39.4515768398739 1.567386707810659 0
39.27582047848753 1.393932541733106 0
39.10051265793542 1.567199997026128 0
39.27604474890466 1.567293352418393 0
33.67045020717161 2.719810173595384 0
33.84095166388174 2.54976636289082 0
33.67050145671013 2.379956189295436 0
33.67047583194087 2.54988318144541 0
46.80625199759717 5.728723548163694 0
46.97970908046094 5.902403427935358 0
46.97962694793675 5.728873409474756 0
46.27570394307039 0.3492554440445037 0
46.27535197153519 0.1746277220222519 0
40.68143511836431 10.69472141404469 0
40.58439655880255 10.48257522759424 0
40.37275542437979 10.57989167133859 0
40.52709527137205 10.63730654269164 0
44.17522486575955 0.6992498797191029 0
44.35009647827859 0.5244878231822083 0
44.17514200710087 0.5244844434270988 0
45.41782316789642 4.341778728376673 0
45.5916159008761 4.514754216402703 0
45.59066486174711 4.168400684620093 0
45.59114038131161 4.341577450511398 0
44.87704710601394 1.397087773003051 0
45.05167436239887 1.222606601054482 0
44.87562904924677 1.04837435459921 0
44.70100179286184 1.22285552654778 0
44.87633807763035 1.22273106380113 0
45.93886962426397 4.861069144812838 0
46.11179954310573 4.68781249957421 0
45.76525758783147 4.68781237659004 0
45.9385285654686 4.687812438082124 0
42.42514306591699 0.3495385477214352 0
42.4250715329585 0.1747692738607176 0
33.66953107917704 5.440100177408541 0
33.83936153408756 5.270150900513324 0
33.66968076704378 5.270075450256662 0
45.93601700482582 3.127674497122714 0
45.7624631412623 3.301533466895618 0
45.93647088116762 3.47445128403572 0
46.11002474473113 3.300592314262816 0
45.93624394299673 3.301062890579217 0
41.29871515813555 10.92439295898661 0
41.20182715186734 10.7122788814609 0
40.9901011215927 10.80958358020687 0
41.14440813986413 10.86698826959674 0
33.67062552719619 2.040281881203099 0
33.84137116135278 1.871008729186038 0
33.67068558067639 1.870504364593019 0
40.32458569807086 2.08781192570967 0
40.49850020757405 1.91470873208527 0
40.32413944695467 1.741402943303258 0
40.15022493745148 1.914506136927658 0
40.32436257251277 1.914607434506464 0
36.29813041825205 1.216312595215788 0
36.47493419936155 1.390361109651022 0
36.65235875446534 1.21846656492548 0
36.47555497335584 1.044418050490246 0
36.4752445863587 1.217389580070634 0
45.22826268525289 1.396528801253661 0
45.40279938821069 1.222072177112667 0
45.22723687530478 1.222339389083574 0
36.36134680418276 9.088992997488059 0
36.26482743413618 8.880272811039918 0
36.05290860645933 8.975699071736067 0
36.20712770532105 9.032346034612063 0
34.69989633913301 1.709310042325879 0
34.52649147597853 1.876407213248461 0
34.69781912535959 2.046729239974674 0
34.87122398851407 1.879632069052092 0
34.6988577322463 1.878019641150277 0
33.84032122490548 4.249876686769849 0
34.01037720202915 4.419976273148797 0
34.18073603181405 4.249827504351964 0
34.01068005469038 4.079727917973015 0
34.01052862835976 4.249852095560906 0
46.10120434500021 0.5238968265696951 0
46.27699299344404 0.6980195585128932 0
46.45149259151422 0.5233781759877019 0
46.27634846825721 0.5236375012786985 0
40.49679692643203 3.979845722311537 0
40.66868848223524 4.149878544957006 0
40.84186228153442 3.977992016179455 0
40.66997072573122 3.807959193533986 0
40.66932960398323 3.978918869245496 0
46.45803732780843 3.993942870226507 0
46.63177137601407 4.167270555589221 0
46.80533105409786 3.993552003031301 0
46.63168419095314 3.993747436628904 0
47.15326986099382 6.423296006844811 0
47.32663493049691 6.423453558977958 0
41.91587699847913 11.15416704819059 0
41.81899451906123 10.94205344838609 0
41.60730179236239 11.03924385787164 0
41.76158939542076 11.09670545303111 0
43.47543572372734 0.6991798885743687 0
43.30078298757559 0.8737052424090379 0
43.47598768229973 1.048345217182386 0
43.65064041845147 0.8738198633477161 0
43.47571170301353 0.873762552878377 0
46.97865317803019 2.431215322928299 0
46.80490269149757 2.605018437228093 0
46.97870765820241 2.60474397492623 0
36.65019127686748 0.1745198976470252 0
36.82544880551849 0.3490979335772941 0
37.00025752865101 0.1745780359302689 0
36.82522440275925 0.1745489667886471 0
44.52511329062837 0.6992384640342788 0
44.52505577730587 0.5244775851293539 0
34.86005771462948 4.590230517468375 0
35.0288300672152 4.760210899876361 0
35.19967350677589 4.590344884315793 0
35.03090115419018 4.420364501907807 0
35.02986561070269 4.590287700892084 0
47.32728368895775 8.680521642124393 0
47.15481492169778 8.854523272043584 0
47.32753123274003 9.028168296585848 0
47.32740746084889 8.854344969355122 0
35.74507485367628 8.864907174609023 0
35.65095791718795 8.66690673515944 0
35.4381158960982 8.756759018791076 0
35.59159537488724 8.810833096700049 0
44.7002391692786 0.8738429804849162 0
44.87533747374191 0.8737888127746807 0
34.18111005987068 3.909478269955236 0
34.35126578256425 4.079766022754459 0
34.5219228550313 3.909788173585375 0
34.35176713233773 3.739500420786151 0
34.35151645745099 3.909633221770306 0
46.97890879157693 3.472617631286399 0
46.9788811867252 3.299008933480223 0
46.97896271555612 3.819831841658742 0
46.97899999639921 3.993403808384644 0
34.00932875060449 5.100135158248409 0
34.00995479031597 4.760116039493699 0
34.00964177046023 4.930125598871054 0
40.15115113797004 2.605821100886802 0
40.32508711856245 2.77839078897255 0
40.49895758402651 2.606074799973238 0
40.3250216034341 2.433505111887491 0
40.32505436099827 2.60594795043002 0
40.67316432084642 1.741534245834759 0
40.67380136564928 2.087965104560556 0
40.84846547892164 1.914790618310045 0
40.67348284324785 1.914749675197658 0
46.63257862023913 5.208117351987838 0
46.45944189006529 5.381430113340804 0
46.63289216981779 5.555037832435604 0
46.63273539502846 5.381577592211721 0
46.97990647614258 6.249456143805989 0
46.80650764797768 6.075692387794874 0
46.97980777830175 6.075929785870674 0
33.67016061245274 4.249938343384924 0
47.15196489844865 1.216341733241473 0
47.32598244922433 1.215809755509626 0
45.24066403282336 3.130346543184615 0
45.41398140373068 2.956379369374581 0
45.23915528259624 2.784175538666585 0
45.06583791168892 2.958142712476619 0
45.2399096577098 2.9572610409256 0
40.49841951337837 1.56793154224297 0
40.84808129837115 1.567995643578999 0
40.6733364909031 1.39439293998721 0
40.67325040587475 1.567963592910985 0
47.32793830485947 9.375596943990455 0
47.15603475557904 9.549641881088499 0
47.32801737778952 9.549126496099799 0
42.76055395736338 10.77004908103952 0
42.66410644096028 10.55638346167896 0
42.54997788995198 10.86518726584122 0
42.60704216545614 10.71078536376009 0
44.52545767603148 1.0484745415277 0
44.35033179738126 0.8738700250770624 0
44.52528548332992 0.8738565027809893 0
44.35404292427019 1.919873901048182 0
44.53133883745532 2.093510927394273 0
44.70547540186437 1.919371440555977 0
44.52975916306728 1.919622670802079 0
46.45828400661647 4.340887997118459 0
46.63186584453031 4.340760872308201 0
46.28496977453811 4.514415873105792 0
46.28460418693493 4.167602449059401 0
46.28478698073652 4.341009161082596 0
40.15722722233181 4.656699991281689 0
40.33308336060318 4.824258396254302 0
40.50005639741447 4.657898983609064 0
40.3242002591431 4.490340578636451 0
40.32864180987314 4.657299487445377 0
34.18022638767409 4.590075479153798 0
34.52024378286767 4.590162183216667 0
34.35064403367895 4.420026252152717 0
34.35023508527088 4.590118831185232 0
45.76306785550219 3.648201446276434 0
45.93700308258792 3.821252407391343 0
46.11040610825336 3.647502245150629 0
45.93673698187777 3.647851845713532 0
37.69616526834234 2.948014899536858 0
37.87050332330787 3.119574552508294 0
38.04864998882245 2.947724599445551 0
37.87431193385692 2.776164946474115 0
37.87240762858239 2.947869749491205 0
40.6738950393154 4.826996153028347 0
40.84284825602835 4.659640284508168 0
40.66900961412742 4.490543115088885 0
40.67145232672141 4.658769634058616 0
34.01089574828692 3.739436378139656 0
34.01078790148865 3.909582148056336 0
39.80185810735867 1.914189496164589 0
39.97637112490364 2.087471957915656 0
39.97571191990651 1.741223675176591 0
39.97604152240508 1.914347816546123 0
35.37725606676781 3.409258026175491 0
35.54959488011585 3.243754202047697 0
35.37930453252355 3.071902187345777 0
35.20696571917551 3.237406011473571 0
35.37828029964568 3.240580106760634 0
37.70176646425502 1.220173646885277 0
37.87606327024887 1.393980722038735 0
38.05020700690136 1.220266400383506 0
37.87591020090752 1.046459325230048 0
37.87598673557819 1.220220023634392 0
46.28542071272547 4.861164759995001 0
46.28519524363179 4.687790316550396 0
42.25033289781031 0.5241166940197246 0
41.90028399740383 0.5240499813726691 0
42.07547812885776 0.698666182717929 0
42.07530844760707 0.5240833376961973 0
35.72006529556826 3.417030732356103 0
35.89405314390579 3.253772747561559 0
35.72358272845338 3.080496217253152 0
35.72182401201082 3.248763474804628 0
39.34987919967016 10.02328702549472 0
39.29264144788647 10.17800264169833 0
46.80476761437235 2.258026529951247 0
46.63070471658004 2.085136330485904 0
46.45684130216078 2.259124533837325 0
46.63090419995309 2.432014733302669 0
46.63080445826657 2.258575531894286 0
41.37498210616524 0.3493637393863445 0
41.37499105308262 0.1746818696931722 0
38.4246159869947 9.679012163177157 0
38.36711348360921 9.833620360581891 0
38.32836928951681 9.466973991211908 0
38.23202964923053 9.254991541083221 0
38.01990661476984 9.352285673873359 0
38.17413795214333 9.409629832542635 0
33.84058574715451 3.569516391143745 0
33.67029287357725 3.569758195571873 0
37.80772815729161 9.449536697438422 0
37.75007199679798 9.604052727740749 0
39.86984455116704 10.04057237400226 0
39.77268353425332 9.828234626212669 0
39.56131282380222 9.925808706852662 0
39.71557868748463 9.983190540427463 0
40.67488321561561 0.3493389300188499 0
40.6749416078078 0.1746694650094245 0
44.17986058901372 2.093937063658702 0
44.17747352672763 1.745908768447766 0
44.00329119147116 1.919971931058285 0
44.17866705787068 1.919922916053234 0
40.15015299071416 0.5238371181791672 0
40.32490865617929 0.6982720343018194 0
40.49979148067358 0.5238008517169543 0
40.32497223569387 0.5238189849480612 0
40.84355760707636 3.635932770972924 0
40.67117994753713 3.465505739638076 0
40.49759306619198 3.637532162199137 0
40.67057533663417 3.636732466586031 0
45.41898105171995 4.687920147123602 0
45.59262273867532 4.86097830731094 0
45.5921193197757 4.687866261856821 0
34.68946586743467 4.760253520098327 0
34.69083563006248 4.420139180586714 0
34.69015074874858 4.590196350342521 0
46.97893575356652 3.646224736472571 0
39.80098743385948 1.220382396339875 0
39.97544614485686 1.39425633827029 0
40.14994644170075 1.220490266831635 0
39.97548773070336 1.04661632490122 0
39.97546693778011 1.220436331585756 0
39.97540944465127 0.6982956704475223 0
39.80047117762315 0.5238331109087433 0
39.97531208416866 0.5238351145439557 0
34.86282145537822 3.91081006519683 0
34.69283331114591 3.740448620997743 0
34.69191099926361 4.080149617784462 0
34.69237215520477 3.910299119391103 0
45.75065037146301 0.5242024303260511 0
45.92644269917385 0.6985983387429275 0
45.92592735823161 0.5240496284478731 0
46.45430027728028 1.219147113508245 0
46.27860237436924 1.046123523940837 0
46.10447590729385 1.220345263324897 0
46.28017381020489 1.393368852892305 0
46.27938809228706 1.219746188416571 0
39.27511093755334 0.3492630031321236 0
39.27505546877667 0.1746315015660622 0
38.5749101869669 0.3492863502675716 0
38.57495509348345 0.1746431751337854 0
42.60033387079515 0.524214795019363 0
42.7755406182898 0.6989161909459547 0
42.95035194467641 0.5242918654943853 0
42.77534290773578 0.5242533302568742 0
38.05023537927245 0.523779253286512 0
38.22502582824671 0.6981715836985902 0
38.39985377748401 0.5237214290728724 0
38.22504457837823 0.5237503411796922 0
37.87564816606286 0.6982094947699409 0
37.70071386862652 0.523770554716025 0
37.87547462394949 0.523774904001268 0
37.1755509536722 0.3491653563007846 0
37.1752754768361 0.1745826781503927 0
40.27566616698057 10.36772401999215 0
40.21843128948121 10.52246598890471 0
34.01016599617256 4.590046156321248 0
40.7960582194544 10.38503471377474 0
40.69889207653173 10.17265923354547 0
40.48723041587988 10.27019974736498 0
40.64164431766714 10.32761723056986 0
39.15611296797782 9.59876144770849 0
39.36729111410565 9.50088775395561 0
39.27076916443414 9.288497653181613 0
39.0595910183063 9.386371346934494 0
39.21344106620598 9.443629550445053 0
38.55932727989391 8.847271014952437 0
38.46251887915988 8.634820692546231 0
38.25111748399526 8.732913070254318 0
38.34792588472928 8.945363392660521 0
38.40522238194458 8.790092042603376 0
47.15353750478975 7.117778428287549 0
47.32676875239488 7.117916991921549 0
39.60896627896037 8.352076107234767 0
39.81978007320679 8.252498178869892 0
39.72132981417616 8.038399248670313 0
39.51051601992974 8.137977177035189 0
39.66514804656826 8.195237677952541 0
34.52117378442915 4.249964770555213 0
34.35095490812159 4.249896137453589 0
46.45900235721469 5.034606524143698 0
46.63240442433013 5.034657760280084 0
33.84081466830082 2.889543136059955 0
33.67040733415041 2.889771568029977 0
41.02491021467094 2.088206288570966 0
41.20021038452809 1.915133554165696 0
41.02376564877879 1.741717883904775 0
41.02433793172487 1.914962086237871 0
40.32487741627043 3.808658042989545 0
40.1519074789238 3.979180990339024 0
40.32382698908542 4.150368669661016 0
40.32435220267791 3.979513356325281 0
42.42552370268847 0.6987929413176523 0
42.42533338430273 0.5241657445195438 0
35.03253946791358 4.080986637161937 0
35.20370721143604 3.912639074535032 0
35.03398919890069 3.742462502569926 0
35.03326433340713 3.911724569865931 0
34.8669759204957 2.555854001321221 0
35.03792300682231 2.727573276509708 0
35.21023425511299 2.560173285863131 0
35.03928716878639 2.388454010674644 0
35.03860508780435 2.558013643592176 0
46.98046338385078 6.943663428378251 0
46.80756035147109 7.116973736544961 0
46.98063447241007 7.291088736454259 0
46.98054892813042 7.117376082416254 0
40.89314468405578 10.59743723649075 0
40.8357681199785 10.75215249712578 0
45.75842926070291 1.915415875538774 0
45.58207018217242 1.74282147756185 0
45.40816703272996 1.916969285529962 0
45.58329814671644 1.916192580534368 0
45.4001940667014 0.524346722885773 0
45.22508461021653 0.5243927272646536 0
37.09360949842294 9.009096702233172 0
37.40234885564119 9.123122456626682 0
37.30560723043888 8.911952377573108 0
37.24797917703206 9.066109579429927 0
35.87843256824261 4.593484530744914 0
36.04560105919857 4.765233936370064 0
36.21748318748462 4.600583432477206 0
36.05031469652866 4.428834026852056 0
36.04795787786362 4.59703398161106 0
39.97709348546515 2.43310832009994 0
39.80344487453219 2.605133390528725 0
39.97750252703708 2.777846171315587 0
39.97729800625112 2.605477245707763 0
43.12552459573814 0.6990398330362737 0
43.30032786144942 0.5243857514663572 0
43.12533990306292 0.5243388084803717 0
33.8386832762438 5.610420884709438 0
33.6693416381219 5.610210442354719 0
37.52870383280911 2.086489574530781 0
37.35318066068508 2.258796058111788 0
37.52655038004039 2.431556376726127 0
37.70207355216442 2.25924989314512 0
37.52762710642475 2.259022975628454 0
41.51043025067735 10.82710925915389 0
41.45300847524897 10.98181840842912 0
40.49654025547574 4.320961907688048 0
40.15148699275277 4.319747340609419 0
40.32401362411426 4.320354624148734 0
37.76140948667113 7.67232267506852 0
37.97241752764238 7.571543168205091 0
37.87450642123724 7.359830074686466 0
37.66349838026599 7.460609581549894 0
37.81795795395418 7.516076374877493 0
36.99698480929982 8.798775240972628 0
36.78507218102025 8.895731205543871 0
36.93934083972159 8.952413953888522 0
45.58905419756013 3.475379277872979 0
45.4158280719188 3.649138876490652 0
45.58984172986086 3.821961044894107 0
45.5894479637105 3.648670161383543 0
40.84115784088692 4.319459752357843 0
40.66884904818133 4.320210830022945 0
33.84112698390632 2.210238070498535 0
33.67056349195316 2.210119035249268 0
46.97861629913372 2.257674808350996 0
38.04354603043772 3.290491932559354 0
38.21693105258153 3.460342278332533 0
38.39623150593163 3.288335019196588 0
38.22284648378783 3.11848467342341 0
38.21988876818468 3.289413475877971 0
41.62511599185014 10.5172691433383 0
41.83660000772052 10.41954824632452 0
41.73939715578035 10.2068037404983 0
41.52791313990997 10.30452463751208 0
41.68225657381524 10.3620364419183 0
45.57572069635886 0.6989348305918188 0
45.5754222190822 0.5242745766059116 0
36.57318020740728 8.992609902938462 0
36.51560287793644 9.145929530547221 0
46.80783009973518 7.464336952980218 0
46.98083341438772 7.638291526427412 0
46.9807339433989 7.464690131440836 0
44.89435049176809 3.478039063350259 0
45.06743094628756 3.304212096439377 0
44.89255781528099 3.13202451906219 0
44.71947736076153 3.305851485973072 0
44.89345415352454 3.305031791206225 0
40.84860613926507 2.606048557180519 0
40.67409992228252 2.433629377161441 0
40.67378186164579 2.606061678576879 0
46.80685900200005 6.422617233358412 0
46.9802223868513 6.596457096397234 0
46.98006443149694 6.422956620101611 0
40.14992053377282 1.567831682659036 0
40.32420060019651 1.394360281598748 0
40.32417002357559 1.567881612451003 0
46.97796278059018 1.390587299003239 0
46.80410594278257 1.564603246871402 0
46.97816433671652 1.56396661107708 0
34.86157284489695 4.250324027815964 0
34.69137331466305 4.250144399185588 0
42.12750113783531 11.0573376860268 0
42.07014149078763 11.21176252183735 0
46.63323031479958 5.901908797056461 0
46.45987048702021 5.728223081328371 0
46.63306124230868 5.728473314746033 0
40.91055792588629 10.07482603902114 0
40.81333895655271 9.862166663506599 0
40.60167310719814 9.959999858030928 0
40.75611551654222 10.01741294852603 0
36.4662446263598 2.079025529645211 0
36.649572775916 1.909683425017041 0
36.47262023690919 1.735473225120606 0
36.289292087353 1.904815329748776 0
36.4694324316345 1.907249377382909 0
46.46358380866965 7.809208400825262 0
46.6361729181184 7.983624676119152 0
46.8081332094589 7.811367864307809 0
46.63554410001016 7.63695158901392 0
46.63585850906428 7.810288132566535 0
44.00047665110579 0.8738716028039599 0
44.1755835827275 1.04849174816192 0
44.17540422424352 0.8738708139405116 0
40.67455932715886 0.6982786169705939 0
40.84965106210089 0.5238166952724885 0
40.67472127138723 0.5238087734947214 0
36.4752601887965 0.3489978637641542 0
36.47513009439825 0.1744989318820771 0
41.12213475682336 9.977025405249769 0
41.00775762937941 10.28754572151927 0
41.21933446031647 10.18974508774789 0
41.06494619310138 10.13228556338452 0
43.12713571187393 1.396836634351018 0
43.3015210391314 1.222670910118253 0
43.1261673399457 1.048151082311258 0
42.95178201268821 1.222316806544024 0
43.12665152590981 1.222493858331138 0
43.82577960006896 1.048454096006862 0
43.82555853477864 0.8738457330758385 0
35.95715305558939 8.771016888132653 0
35.89899173006781 8.920303123172545 0
47.15427425128012 8.506670150171376 0
47.32713712564006 8.506807297307905 0
46.45712711948246 2.605915585197212 0
46.63112561102695 2.778919289122637 0
46.63101490549002 2.605467011212653 0
37.7021746572873 1.56729993406208 0
37.87637235373272 1.740723816770141 0
38.05026096669429 1.567404604746796 0
37.8762178119908 1.567352269404438 0
35.24946792663785 0.1740478304694317 0
35.42429490780459 0.3483325907881127 0
35.4246474539023 0.1741662953940573 0
41.72528674118105 0.6985293797974599 0
41.5502113265939 0.8727368707306562 0
41.72561566609144 1.047140063799106 0
41.90069108067858 0.872932572865909 0
41.72545120363624 0.8728347217982826 0
43.48115915677818 2.441147426993425 0
43.65496436869294 2.267685664030461 0
43.47895639137424 2.093621964903747 0
43.30515117945947 2.26708372786671 0
43.48005777407621 2.267384695948585 0
39.80123753099055 1.567648330787845 0
39.97557903238169 1.567740006723441 0
40.84902680999613 2.260845476751516 0
40.49887447793567 2.260749004970481 0
40.6739506439659 2.260797240860998 0
36.82855185575698 1.392448732551004 0
37.00351867053492 1.219351229035473 0
36.82732556924329 1.045369061409949 0
36.82793871250013 1.218908896980476 0
40.18055363674374 4.971702591849993 0
39.98525885598126 4.824445783590931 0
39.82712880060638 5.017893142306742 0
40.00384121867506 4.994797867078367 0
43.47528981163396 0.5244329442749711 0
46.98102060698244 7.985253789788057 0
46.98092701068508 7.811772658107735 0
38.54023379808861 9.369628876317257 0
38.63648049556648 9.581667048282505 0
38.48242489254164 9.524320519747207 0
38.57471008412119 0.6981365105190571 0
38.74976649360408 0.5237014317137563 0
38.57481013554405 0.5237114303933144 0
35.94898263746811 0.5224826534793694 0
36.12396369026148 0.6965525473271557 0
36.29998670879325 0.5229380584129437 0
36.12448467313068 0.522710355946157 0
42.33901941213786 10.9606766104815 0
42.64667831988704 11.07789223905451 0
42.49284886601245 11.01928442476801 0
38.26679788646959 8.209215964193021 0
38.05593922729197 8.308047853532782 0
38.15395440153615 8.520695315749935 0
38.36481306071377 8.421863426410173 0
38.21037614400287 8.364955639971477 0
38.74939427175978 1.567123320328297 0
38.57411461089967 1.393857896878038 0
38.39899391759202 1.567343797452582 0
38.57427357845214 1.740609220902841 0
38.5741940946759 1.56723355889044 0
39.97680372729307 4.486925239157353 0
39.8048353609425 4.654671031466594 0
39.98103129163717 4.655685511374142 0
38.22467712930506 1.740743204040132 0
38.22457775498124 1.394005198159247 0
38.22462744214316 1.567374201099689 0
33.67196118843188 1.022017338942929 0
33.84477618394151 0.854011946297673 0
33.67281499550963 0.6819946073547438 0
33.67238809197075 0.8520059731488363 0
34.5225831528805 3.569975585513355 0
34.86393876655805 3.571972961422442 0
34.69368860829264 3.401499925938054 0
34.69326095971928 3.570974273467899 0
43.12946625757721 2.093066589489804 0
42.95556764796653 2.266431033169292 0
43.13125256984879 2.440448171546198 0
43.13035941371299 2.266757380518001 0
36.27986885837366 2.247184093985153 0
36.45466098465126 2.42131684274372 0
36.64103675263739 2.253158278403778 0
36.46045280550553 2.250171186194465 0
46.80726633624678 6.769630724026916 0
46.98034288535104 6.770060262387743 0
34.00842345171868 5.44018524226243 0
34.17839066823561 5.270169499997515 0
34.00887610116159 5.270160200255419 0
47.1554695375995 9.202376351687425 0
47.32773476879975 9.201882620288151 0
34.01180685568669 2.380301031983902 0
34.01159381628255 2.71980121907386 0
34.1824490080875 2.550335888166943 0
34.01170033598461 2.550051125528881 0
40.5215363549646 9.222755427029155 0
40.42388998145559 9.009367074579371 0
40.21204296059133 9.107869959059668 0
40.30968933410036 9.32125831150945 0
40.36678965777797 9.165312693044411 0
34.01112901221116 3.399321640336824 0
34.18173908513941 3.229231218353172 0
34.01130041173559 3.059366165499548 0
34.01121471197337 3.229343902918186 0
43.83196995776399 2.441525585753332 0
44.00605417802943 2.267774209640437 0
43.82904858895838 2.093934287917566 0
43.83050927336119 2.267729936835449 0
38.02986912173266 3.631735717649878 0
38.20049843919279 3.800778048015129 0
38.38756037004166 3.629384608697784 0
38.20871474588716 3.630560163173831 0
42.16213239669396 10.01119330882349 0
42.37355064475534 9.913357681575574 0
42.2761247372474 9.69945081671522 0
42.06470648918602 9.797286443963133 0
42.21912856697068 9.855322062769353 0
45.41254648869347 2.610077405691145 0
45.58747997188505 2.782428743066304 0
45.76107589673329 2.608372616219888 0
45.58681119271338 2.609225010955517 0
44.17621490844387 1.397398235857229 0
44.35081286778588 1.222953011358128 0
44.00098562338549 1.222936972661021 0
44.17589924558568 1.222944992009575 0
35.77172132689907 0.6955109855441854 0
35.5918036342665 0.8666390867894753 0
35.76612653492898 1.039702550844726 0
35.94604422756154 0.8685744495994365 0
35.76892393091403 0.8676067681944559 0
46.28717526625383 5.901173498587362 0
46.28660342049845 5.554534698063959 0
46.11390819973207 5.727485115322951 0
46.28688934337615 5.72785409832566 0
46.63361373792935 6.248712620197621 0
46.46033640475126 6.074929029459209 0
46.63342202636447 6.075310708627041 0
34.18207955971731 2.889624248513453 0
34.01144711400907 2.889583692286704 0
46.1096557095907 2.953751435258716 0
46.28368035818026 3.126695074329071 0
46.45739249057333 2.952788702443824 0
46.28336784198378 2.779845063373469 0
46.28352410008202 2.95327006885127 0
40.22785098117046 8.58170503067959 0
40.43930521687241 8.482306326466366 0
40.34089775100137 8.268046384663855 0
40.12944351529941 8.367445088877078 0
40.28437436608591 8.424875707671722 0
41.10484409398079 10.49994824423528 0
40.9504511567176 10.44249147900501 0
37.64905585218089 7.984041971620043 0
37.85995411601112 7.88380194549849 0
37.55051122284091 7.772562701190073 0
37.70523266942602 7.828182323344281 0
46.29251745450429 7.980497826456558 0
46.29119395707198 7.634094367299671 0
46.12012760290662 7.805383792930966 0
46.29185570578814 7.807296096878114 0
46.63121711972498 2.952422107631592 0
43.12822833188054 1.745181354541739 0
42.95414218796306 1.91884067850612 0
43.30355240149468 1.919407265525423 0
43.12884729472887 1.919123972015771 0
40.15144138790162 2.950289585120852 0
40.32500942242007 3.1224820081729 0
40.32504827049126 2.950436398572725 0
44.52590733032386 1.222904268952954 0
34.52319050418988 3.230484879863771 0
34.86495270955309 3.233415334531882 0
34.69445460545033 3.062400288457599 0
34.69407160687148 3.231950107197826 0
37.17894685920745 1.3933518843764 0
37.35308837965596 1.21991177015927 0
37.17766019098345 1.045911114818344 0
37.17830352509544 1.219631499597372 0
45.61190602759174 8.316640496101273 0
45.78046482235909 8.146795011100393 0
45.60822408341915 7.97111338072566 0
45.4396652886518 8.140958865726541 0
45.61006505550544 8.143876938413467 0
37.68818333579411 3.291069630094652 0
37.86122604292396 3.461987010145712 0
37.86586468311592 3.290780781327003 0
40.35307802220346 5.135148081066785 0
40.5056077460629 4.987703885471095 0
40.34308069140332 4.979703238660544 0
39.97789964922781 3.12170564574726 0
39.80396078836327 2.949262231941995 0
39.97770108813245 2.949775908531423 0
46.28602348922009 5.207856273808094 0
46.11318501965325 5.380960858531249 0
46.28631345485927 5.381195485936026 0
37.67230119745103 3.632283345289506 0
37.84094427625973 3.802032052793672 0
37.85108515959185 3.632009531469692 0
44.18385730792414 2.44134401563503 0
44.35766371890844 2.267506869653295 0
44.18185894846893 2.267640539646866 0
40.49939775353256 0.872423421579283 0
40.1500923308243 0.8724602062487845 0
40.32458142817757 1.046611593526249 0
40.32474504217844 0.8724418139140342 0
39.57842513762961 9.403011109618898 0
39.46427254400936 9.713480201685499 0
39.67540656753332 9.615603557348786 0
39.52134884081948 9.558245655652199 0
47.32528367509248 0.3475506620567659 0
47.15089551814087 0.5217051549656695 0
47.32544775907044 0.5212692441495008 0
47.15028367509248 0.1739395509456543 0
47.32514183754624 0.1737753310283825 0
46.97572479350575 0.3482363718991834 0
46.97536239675287 0.1741181859495917 0
38.39959486797721 0.8722476553639726 0
38.05027258080143 0.8723383301677483 0
38.22484162053193 1.046414401833131 0
38.22493372438932 0.8722929927658605 0
41.02458344951245 0.6983004822315495 0
41.1998045759951 0.5238276208671024 0
41.024727819048 0.5238221580697955 0
39.80080484453033 0.8724517890999577 0
39.97544858767732 0.8724559976743711 0
46.11083225469609 3.994362049126542 0
46.28426539556959 3.820702470293648 0
46.28443479125225 3.994152459676525 0
41.41346671686425 10.61473086224413 0
41.3164836589777 10.40240022501851 0
41.25915540542252 10.55733955323971 0
45.05398821318686 1.570852646185871 0
44.87956644927532 1.74518978901176 0
44.87830677764463 1.571138781007406 0
38.39999069906841 2.603057006137336 0
38.22549968347158 2.431556250115554 0
38.05018493980241 2.603942565288693 0
38.22467595539923 2.775443321310475 0
38.22508781943541 2.603499785713014 0
46.11244184473087 5.034414509659396 0
46.28572210097278 5.034510516901547 0
35.37310058703729 4.082896850922706 0
35.54461092968018 3.916282870250335 0
35.37521755407893 3.74602509386266 0
35.37415907055811 3.914460972392683 0
35.53912677099153 4.590950841277611 0
35.37081189537509 4.421063545525334 0
35.36798838239233 4.760232180068069 0
35.36940013888371 4.590647862796702 0
37.17962578649077 1.739803459086389 0
37.35408684455085 1.567012505167703 0
37.00448580114737 1.566142838295085 0
37.17928632284911 1.566577671731394 0
41.72207952566323 10.72964754024805 0
41.56777312126374 10.67218920124609 0
45.76373087080198 3.994841124606245 0
45.93728156274904 3.994601586866393 0
40.11429058649576 8.894463741232689 0
40.32591168563724 8.79553457933363 0
40.01622988202897 8.680634192578651 0
40.17107078383311 8.738084385956141 0
37.50151230402716 3.461629042543017 0
37.5131535952025 3.119202603874475 0
37.32648256343554 3.28976201632284 0
37.50733294961483 3.290415823208746 0
41.37492121733293 0.6983649846388733 0
41.55009874750307 0.5239011031581153 0
41.37495166174908 0.5238643620126089 0
46.10625295205291 1.567386364061364 0
46.28157399004569 1.740031845077102 0
46.45549484819767 1.566014333908043 0
46.28087390012529 1.566700348984703 0
38.92485798937219 0.6980912216469344 0
39.10003306642034 0.5236590855244163 0
38.92489978001221 0.5236802586190867 0
37.70128578616894 0.8723304898322404 0
37.87577918348519 0.8723344099999943 0
39.62598542193356 1.046512879702716 0
39.45118684629088 1.220225241810301 0
39.6261888582168 1.39409475844746 0
39.62608714007518 1.220303819075089 0
42.87453218166402 10.46154235570562 0
42.77831091634316 10.24688826109011 0
42.56788517563943 10.34172936706345 0
42.72120867865172 10.40163586138454 0
37.52706242845276 1.046303254373542 0
37.52779241545824 1.393782162671005 0
37.52742742195549 1.220042708522274 0
38.05051000827912 1.913708312439168 0
37.70248998567037 1.913699893853555 0
37.87662764021677 2.086684389522581 0
37.87649999697474 1.913704103146361 0
38.22521513146129 2.086601423916195 0
38.39938225248724 1.913636315517159 0
38.22494613038318 1.913672313978164 0
40.49817569120352 3.294405284001061 0
40.84527766481162 3.293437051026847 0
40.67172667800757 3.293921167513954 0
43.48462878317523 2.788149416612527 0
43.31130763112768 2.960962062918876 0
43.48971317100477 3.134353233447093 0
43.66303432305232 2.961540587140743 0
43.48717097709 2.96125132502981 0
42.03062123186204 10.84479884020354 0
41.93370623846403 10.63239293206551 0
41.87635037876264 10.7872231902258 0
37.53539375148395 8.294356278875725 0
37.74695702736856 8.195070606903414 0
37.43749257629629 8.083327643592353 0
37.59222480183243 8.139199125247885 0
42.78166683549461 2.439564763423577 0
42.60782071231601 2.612297440099573 0
42.78375121565988 2.78613777060951 0
42.95759733883848 2.613405093933514 0
42.78270902557725 2.612851267016543 0
40.17845233537111 10.15530401917748 0
40.08125413635847 9.942951702787543 0
40.02414844326908 10.09793819658987 0
35.70698830493355 4.761144095491244 0
35.71057103430059 4.42329127653128 0
35.70877966961707 4.592217686011262 0
38.03909159925072 8.830894932123082 0
37.94192851679162 8.618677177618698 0
38.09652300039344 8.675795123936508 0
42.04808263325256 10.32215261127899 0
41.99089443585829 10.47727277167225 0
45.76619951285238 5.034131125622186 0
45.93977173331928 5.207476490468744 0
45.93932067879162 5.034272817640791 0
40.97680476480319 7.968548068756777 0
40.87886651081271 7.753816178045789 0
40.66638579926493 7.853782174052259 0
40.76432405325541 8.068514064763246 0
40.82159528203406 7.911165121404518 0
41.43076394124874 10.09186950024146 0
41.37362380011322 10.24713486262999 0
34.01223984853069 2.041420782970921 0
34.1835314668175 1.873232821899783 0
34.01266277963958 1.702820768114901 0
34.01245131408514 1.872120775542911 0
46.97744235226774 1.04354364090293 0
46.80344023440925 1.217789206664695 0
46.97770256642896 1.217065469953084 0
36.47544845522985 0.6972506836074945 0
36.65072193523309 0.523310488958705 0
36.47535432201317 0.5231242736858244 0
46.28394710250085 3.47371213558825 0
46.28381373034055 3.300203604958661 0
45.416775720806 3.995520604907955 0
45.59025329580399 3.9951808647571 0
44.72730230421718 4.688523932205736 0
44.90113543495693 4.861168257992477 0
45.07300816448103 4.688227727906903 0
44.89917503374127 4.515583402120162 0
44.90015523434911 4.688375830056319 0
43.65818563978289 2.614991796186994 0
43.83647968896841 2.788480963745072 0
44.01026400694951 2.615014753311409 0
43.8342248233662 2.615003274749202 0
40.49883558667334 1.220481608293362 0
40.32439101418704 1.220485937562499 0
40.19541165946638 9.632409582067435 0
40.40713511235093 9.534252315363563 0
40.09796588121581 9.419415578213322 0
40.25255049678337 9.476833946788442 0
36.78496719970981 3.111045863647657 0
36.59668227236511 3.276848126997551 0
36.77152051443499 3.450329636560875 0
36.95980544177969 3.284527373210981 0
36.7782438570724 3.280687750104267 0
42.89247755964433 9.936508262858611 0
42.68207414446022 10.03113960956859 0
42.98871433152726 10.15225691438013 0
42.83539423799374 10.09169826197436 0
38.39887245036461 2.946203395288334 0
38.22376121959353 2.946963997366942 0
38.92514993200054 1.740520310122139 0
38.92475699769465 1.393803007232286 0
38.9249534648476 1.567161658677212 0
40.63562787777495 8.91041802883343 0
40.53764958195661 8.696585533587687 0
40.4807697817061 8.85297630408353 0
40.67769142391495 5.159801231091172 0
40.84597871716745 4.999093498648424 0
40.67579323161517 4.99339869205976 0
40.61896122833286 9.436190564177382 0
40.5044007820165 9.7472846750562 0
40.71622689799844 9.649222923870017 0
40.56168100517468 9.59173761961679 0
36.81578575825191 2.426962464298447 0
36.99999880585724 2.25705342221959 0
36.82524980024272 2.083249236324922 0
36.82051777924732 2.255105850311685 0
40.32497607361067 3.465899955588375 0
40.15180980482722 3.293976679760215 0
40.32499274801537 3.294190981880638 0
38.37772076267792 7.896380790352633 0
38.16824470681582 7.996166710920916 0
38.47627394233169 8.109430043624737 0
38.32225932457376 8.052798377272827 0
38.39921236861181 1.220153199608871 0
38.22470968775659 1.220209799996188 0
44.7252227427723 4.343016276881555 0
45.07140077266808 4.342393726096731 0
44.89744848169911 4.169826600858123 0
44.89831175772019 4.342705001489143 0
43.65124871494246 1.222838291529462 0
43.82645473825899 1.397321168183622 0
43.82611716916398 1.222887632095242 0
41.02118264530819 5.169079093330575 0
41.19324545037588 4.999500387975231 0
41.01804152223514 4.82951479329308 0
41.01961208377166 4.999296943311827 0
39.27529873227181 0.6980797187499919 0
39.45037660340481 0.5236836363576991 0
39.27520483491257 0.5236713609410577 0
46.28410624903522 3.64720730294095 0
39.62896264012591 2.776680321186706 0
39.62864749079054 2.432327900066888 0
39.45416525638426 2.603874830724869 0
39.62880506545822 2.604504110626797 0
37.51761916389788 8.814306201871023 0
37.42073722610941 8.60349995744957 0
37.20872529265041 8.701146133151653 0
37.36317222827414 8.75772616751134 0
46.28863425976824 6.594044457689728 0
46.11659807623487 6.766339783926324 0
46.28959777727448 6.940462579026716 0
46.46163396080786 6.768167252790121 0
46.28911601852136 6.767253518358222 0
45.24395485136986 4.169052509711278 0
45.24526908919465 4.515119944762126 0
45.24461197028225 4.342086227236702 0
44.72153225190988 3.6516875221564 0
44.89588200859558 3.823982448271064 0
45.06870024845379 3.650333989464923 0
44.89511625018184 3.651010755810661 0
43.14320429405272 3.478696776525849 0
43.31667357150838 3.306694888833918 0
43.13786800887787 3.133501712067142 0
42.96439873142221 3.305503599759072 0
43.1405361514653 3.306099244296495 0
42.07609446432002 1.047395861799119 0
42.25088151249919 0.87312947165114 0
42.07578629658889 0.8730310222585249 0
36.82627784613825 0.6976456749629367 0
37.00100471642365 0.5234331195815258 0
36.82586332582837 0.5233718042701154 0
43.47678207177414 1.397163984465329 0
43.47638487703693 1.222754600823857 0
37.52846908637991 1.740530276558778 0
37.52813075091908 1.567156219614892 0
46.28782272183049 6.247680419249786 0
46.11466158333306 6.073924888377938 0
46.28749899404216 6.074426958918574 0
42.43329096016016 2.78463720145085 0
42.43212234674601 2.438517758725681 0
42.25759259459018 2.610857520076958 0
42.4327066534531 2.611577480088266 0
42.78011926861176 2.092371222906446 0
42.60621845613984 2.265504953160731 0
42.78089305205319 2.265967993165011 0
46.63725660197079 8.330340121677359 0
46.80871704284256 8.15819219606092 0
46.46471247724664 8.155772601735592 0
46.6367147600446 8.156982398898256 0
34.51698476435737 5.26993218562605 0
34.3468073333438 5.43996011053417 0
34.3476877162965 5.270050842811782 0
42.42628132642511 1.047644125349368 0
42.60092351661439 0.8733075950158797 0
42.4259025145568 0.8732185333335103 0
34.18291972031106 2.211483744456288 0
34.01202335210869 2.210860907477412 0
44.00177730397844 1.571663509545841 0
44.17684421758575 1.571653502152498 0
34.35225503388634 3.399716792059939 0
34.18143901334357 3.569241627332736 0
34.35201108311203 3.569608606423045 0
44.90323908694046 5.206554285348854 0
45.07475875024991 5.033895782349712 0
44.72961577164749 5.033826760991619 0
44.90218726094869 5.033861271670665 0
37.13629307216805 3.457751674918582 0
37.14999493304718 3.11653771461524 0
37.14314400260761 3.287144694766911 0
37.71121537841205 9.237620341627469 0
37.92339383589027 9.140369318062406 0
37.86556099659094 9.294953007750413 0
45.24672012700633 4.86102793026838 0
45.24599460810049 4.688073937515252 0
38.05067866457973 2.259278926030198 0
38.40003615035313 2.258878748001552 0
38.22535740746643 2.259078837015875 0
41.37721798356252 2.088860718939336 0
41.55252551397173 1.915911055147166 0
41.37551791493729 1.742183890373527 0
41.37636794924991 1.915522304656431 0
37.17648694355707 0.6978314319761516 0
37.35103318080561 0.5235636686954095 0
37.17601894861463 0.5234983941384677 0
37.87612457652739 2.431844429652736 0
37.87637610837208 2.259264409587659 0
39.25283891987729 9.810958520327555 0
39.40707587183976 9.868383613590108 0
42.18482032199995 10.90273772534252 0
39.80487115342638 3.292275638600572 0
39.97878130902578 3.464546672613527 0
39.9783404791268 3.293126159180394 0
43.38708378654501 8.701659242474875 0
43.16309235594987 8.785796749405621 0
43.24756692561135 9.005664287673632 0
43.47155835620649 8.921526780742887 0
43.31732535607818 8.853661765074254 0
43.82737789353907 1.745850267417556 0
43.65205532781962 1.571507926055337 0
43.82691631589903 1.571585717800589 0
40.73345273571832 9.124343015507542 0
40.83087760908657 9.337778152655769 0
40.67620698202559 9.280266789842461 0
41.09330997012539 7.654145456512111 0
40.99856690661219 7.440396054551977 0
40.78412344729951 7.540066776085655 0
40.93871670871245 7.597106116298884 0
45.24281032344487 3.822893168436667 0
45.06998945400872 3.99642507323999 0
45.24338258740737 3.995972839073973 0
39.97778808449306 4.147858690105233 0
39.80310481903336 4.315036588653166 0
39.97729590589307 4.317391964631293 0
35.07361445798457 0.3478990044420449 0
35.07430722899228 0.1739495022210225 0
38.67239220357547 8.535823879485219 0
38.57468638512935 8.322866613349161 0
38.51860263214462 8.478843652947695 0
42.79276293384758 3.820251529752096 0
42.9689048315298 3.649915773920593 0
42.78938752317662 3.476838013576362 0
42.6132456254944 3.647173769407865 0
42.7910752285121 3.648544771664229 0
34.00706486460485 5.780613600904361 0
34.00369117326497 6.122484362643025 0
34.17357460641918 5.951471206393747 0
34.00537801893491 5.951548981773692 0
45.25009809348776 5.552451511449004 0
45.07863727008619 5.724808622457874 0
45.25182202701688 5.898023953446561 0
45.42328285041845 5.725666842437692 0
45.25096006025232 5.725237732447782 0
39.62662551264765 1.740940280151043 0
39.62640718543223 1.567517519299252 0
41.44803574664751 9.567354102657172 0
41.54492491106984 9.780659714738789 0
41.7562427960333 9.68210343935429 0
41.65935363161095 9.468797827272674 0
41.60213927134041 9.624728771005731 0
38.88199824555616 8.4368581516442 0
38.77037064323245 8.74913992079351 0
38.97997668521314 8.650174192952489 0
38.8261844443943 8.592999036218854 0
34.01101238024904 3.56937900923824 0
40.69049365502539 7.326792888312498 0
40.90858272574551 7.228451442167231 0
40.81918741139399 7.016644651935957 0
40.60109834067387 7.114986098081224 0
40.75484053320969 7.171718770124228 0
37.30975011137526 3.630104873530553 0
37.48053900479913 3.800759176277041 0
37.49102565441314 3.631194109410029 0
45.60535488958447 7.625853299696137 0
45.43590987957683 7.796133590976754 0
45.77766909342679 7.800833089445042 0
45.60678948650181 7.798483340210899 0
39.27885114654654 2.775221254516242 0
39.1029967944358 2.945330493659873 0
39.27847747610232 3.117154465950981 0
39.45433182821306 2.94704522680735 0
39.27866431132443 2.946187860233611 0
42.47078274244461 10.12791044744509 0
42.25947729818554 10.22456225922404 0
42.41368123691248 10.28314581314374 0
43.30245804510124 1.571253983308505 0
43.47773130114673 1.745597924898513 0
43.47725668646043 1.571380954681922 0
33.84302619589434 1.193414742801429 0
33.67151309794717 1.191707371400714 0
37.8267399323987 8.928379704441992 0
37.72986927798453 8.716777142607409 0
37.61448981831204 9.025908763705607 0
37.67217954814829 8.871342953156507 0
44.72334103628597 3.997383975889196 0
44.89666524514735 3.996904524564593 0
42.77629184643284 1.047877077008419 0
42.95090894810824 0.8734856729384939 0
42.77591623236132 0.8733966339771868 0
40.84915067728139 0.872503358569662 0
40.67398910365508 1.046648163178352 0
40.67427421540697 0.8724633900744738 0
42.43807598597603 4.157952059249966 0
42.26216977475774 4.325830501928859 0
42.44953355451615 4.50059640685811 0
42.62543976573446 4.332717964179217 0
42.4438047702461 4.329274233054038 0
34.54498311039031 0.5191062331316152 0
34.71768168940957 0.692167315862962 0
34.8955415461008 0.5203142810472698 0
34.72026232824555 0.5197102570894421 0
37.17392592114438 2.430288244664156 0
36.98948148396273 2.601079880134222 0
37.16260323201628 2.774027493414243 0
37.34704766919793 2.603235857944178 0
37.16826457658033 2.6021578690392 0
39.62932997645043 3.11962713756264 0
39.62914630828817 2.948153729374673 0
46.10921957922744 2.60702821624782 0
46.28297885672613 2.433098738071563 0
46.28317334935495 2.606471900722516 0
41.3511763860918 9.354028853969742 0
41.13967751787717 9.452532386476154 0
41.23653687843287 9.665857635163583 0
41.29385663226233 9.509943244566664 0
38.75015840357128 1.913318666532365 0
38.57526707760638 2.086345761146683 0
38.57477032802926 1.913477491024763 0
46.63022518368247 1.738626654521364 0
46.45637930028302 1.912536790375388 0
46.63046495013126 1.911881492503634 0
38.00579778220679 3.971411691298467 0
38.17363872056119 4.13986248977562 0
38.36833937754719 3.969228846492282 0
38.18706857987699 3.970320268895374 0
38.94461743043469 9.696273696032094 0
39.09872817515599 9.753616108179823 0
41.04261399711906 9.239246765741182 0
40.92794112984469 9.551063773390741 0
40.98527756348187 9.395155269565961 0
46.10773682443651 1.913924362021238 0
46.28254213467385 2.086429307319525 0
46.28205806235977 1.913230576198313 0
45.94254826701722 6.246433681520202 0
45.94157404699086 5.900210388733903 0
45.76946073067501 6.072719181876167 0
45.94206115700403 6.073322035127052 0
45.42029750987366 5.03392597277645 0
45.59387428405071 5.207078791087695 0
45.59324851136302 5.034028549199317 0
40.8475243991425 8.811595003389495 0
40.94534925708587 9.025519990063607 0
40.79048856743041 8.967969009448518 0
37.3234688727548 8.392738921652224 0
37.63266210483857 8.505117314673072 0
37.47806548879668 8.448928118162648 0
43.12584596784192 0.8735954576737655 0
39.93266338580256 7.938581439550483 0
39.83467680807777 7.724361415120877 0
39.62334323645137 7.824179224240708 0
39.77800331112697 7.881380331895596 0
41.56283506255387 9.25519400443368 0
41.87077517747368 9.369898653588752 0
41.77425660841659 9.156294830749758 0
41.71680512001377 9.312546329011216 0
41.72519137245345 0.5239755422653927 0
40.15073282356929 2.260568032626679 0
40.32480365075249 2.26065851879858 0
42.93853424723944 8.880415568193174 0
43.06951650755578 8.56598578333694 0
42.84495839884534 8.660604602124492 0
43.0040253773976 8.723200675765057 0
39.73922950579682 7.51082192964644 0
39.64462909870526 7.297721306595543 0
39.43121693286501 7.397120653477526 0
39.52581733995657 7.610221276528422 0
39.58522321933091 7.453971291561983 0
34.1846442375637 1.535525030462944 0
34.01379209954315 1.364828514189482 0
34.01322743959137 1.533824641152191 0
46.11553443169591 6.420194451127288 0
46.46092254990283 6.421530425812225 0
46.28822849079937 6.420862438469756 0
34.19851661334971 0.1721902522779395 0
34.37221304908454 0.3455922766212502 0
34.37360652454227 0.1727961383106251 0
42.48765332379973 9.601324086890362 0
42.39041807646409 9.386933150428185 0
42.17888948991175 9.485059880253045 0
42.33327140685574 9.543191983571703 0
38.74954605252076 0.872248685022794 0
38.57443083637678 1.046359829867709 0
38.57457046024899 0.8722481701933829 0
45.7518910966276 0.8730982945892674 0
45.57716190896878 1.047688669185513 0
45.57644130266382 0.873311749888666 0
45.24171799692773 3.476579697518907 0
45.24226416018629 3.649736432977787 0
35.20186777720681 4.251027111253779 0
35.03172031105188 4.250675569534872 0
45.94070037304269 5.553850590418447 0
45.76836622030149 5.7265758638294 0
45.94113721001678 5.727030489576175 0
42.43450083548258 3.816147389301892 0
42.25570502889656 3.984112130864713 0
42.61687179256205 3.989987317687144 0
42.43628841072931 3.987049724275929 0
39.41204435734923 7.923947633265926 0
39.31451846085443 7.70998968555364 0
39.4689308486529 7.767084454897174 0
45.42178704368983 5.379833088640983 0
45.59519984634782 5.553120519909229 0
45.76728708670871 5.380366222355941 0
45.59453706519927 5.380099655498462 0
42.60282039946264 9.28872226103292 0
42.50622420745061 9.073974000401769 0
42.29382188445206 9.172184889797037 0
42.44832114195735 9.230453575414977 0
39.2789147202694 2.431499267001498 0
39.10360061043168 2.60284569079287 0
39.27888293340797 2.60336026075887 0
34.17680504007973 5.610377958457353 0
34.00774415816177 5.610399421583395 0
40.39001658427042 10.05777974655031 0
40.33284137562549 10.21275188327123 0
35.41150403310428 1.037313614177317 0
35.41979904071246 0.6945732452179012 0
35.23949943955024 0.865247772605743 0
35.41565153690837 0.8659434296976087 0
44.56391641732851 5.895799137771053 0
44.73443325632782 5.723935882939464 0
44.5612436843077 5.551098569073951 0
44.39072684530839 5.722961823905541 0
44.56258005081811 5.723448853422503 0
38.84816979978099 9.484196608270206 0
38.79054896300059 9.638970372157299 0
46.98357144730299 9.028111267936676 0
46.98241064875954 8.679970487574707 0
46.81116717436474 8.853558483467797 0
46.98299104803126 8.85404087775569 0
40.29274425908878 9.845064563575582 0
40.44720868314346 9.902532210803255 0
40.84849000788484 1.2205594948722 0
40.67366279727909 1.220520551582781 0
45.93549730008495 2.780994645114511 0
45.93514773798037 2.607700416233854 0
45.41495108346353 3.302714144264145 0
45.24119101487554 3.303463120351761 0
42.58484204677096 9.816586843699069 0
42.52781239460778 9.972248645572082 0
41.46608501685857 9.041510078497826 0
41.25442634039651 9.14034492803389 0
41.40863070147519 9.197769466233785 0
37.35468293351865 1.913319957236006 0
37.52858645959451 1.91350992554478 0
43.65313529102629 1.919812624276837 0
43.82821324124873 1.919892277667561 0
44.55336792039591 4.515902374234145 0
44.38190839257817 4.688545029761491 0
44.55584277639943 4.861166587733083 0
44.55460534839767 4.688534480983614 0
46.80139008421737 0.522630276435482 0
46.9765608088525 0.6960990595019672 0
46.97614280117912 0.5221677157005757 0
40.00049905196925 9.206422647036263 0
39.90274667787367 8.993016429209284 0
40.0573948192325 9.050443194134477 0
38.74933307866463 1.220064527136877 0
38.57427272363822 1.220108863372874 0
46.1396893560249 9.536684198832587 0
46.30936340441849 9.713729978648768 0
46.47501784899629 9.545098390291159 0
46.30534380060269 9.368052610474978 0
46.30735360251059 9.540891294561874 0
41.98584895353216 9.057037954704818 0
41.88957830159432 8.843098583132058 0
41.67798595647876 8.942355459177 0
41.83191745500545 8.999696706940908 0
44.73202524863213 5.378956919816519 0
44.90543334460683 5.551814882133467 0
45.07664718291517 5.379412247665803 0
44.90433621577365 5.379184583741161 0
39.62559650485053 0.6982072716956971 0
39.62542389051398 0.5237583736332212 0
44.55112742044345 4.170462417619184 0
44.37927259806706 4.343348514971774 0
44.55224767041968 4.343182395926664 0
41.58115678465835 8.728255705526283 0
41.36925584503815 8.827410324847111 0
41.52362090075846 8.884882892012055 0
35.06851862196472 0.6936178217797133 0
35.24659153384848 0.5212025451744884 0
35.07106653997464 0.5207584131108796 0
40.56896034799962 7.639290729054435 0
40.4753305557255 7.426016841281278 0
40.62972700151251 7.483041808683467 0
41.15716160036332 8.926618152356316 0
41.09988779874119 9.082932459048749 0
37.55678211702662 9.180371399127075 0
47.32689860102964 10.76433002948957 0
47.15194169082005 10.94107156656479 0
47.32597084541003 10.93928578328239 0
44.19754788109493 3.480242449650657 0
44.37056506288441 3.307107097334504 0
44.19336184221269 3.134510823882034 0
44.02034466042322 3.307646176198187 0
44.19545486165381 3.307376636766346 0
39.6309674137695 3.802181120409122 0
39.80554355209166 3.634260433788175 0
39.63074706821789 3.461300049530494 0
39.45617092989572 3.629220736151441 0
39.63085724099369 3.631740584969808 0
37.52624236419116 0.69807980261705 0
37.52587352471606 0.5236671117057172 0
43.47834384626049 1.91960994490113 0
42.72175514602026 8.975844081105642 0
42.6257962371275 8.760450674867933 0
42.41026529855785 8.858580594164062 0
42.56601022228906 8.917212337634851 0
41.90137474701805 1.221362221692327 0
42.07707989825705 1.395664055265457 0
42.25179961555902 1.221697695372249 0
42.07658718128853 1.221529958532288 0
46.2941852042127 8.327118329914821 0
46.12199018147035 8.151843554635787 0
46.2933513293585 8.153808078185691 0
45.5883600271657 3.128868333286785 0
45.58870711236291 3.302123805579882 0
40.15226042368911 3.637025836378783 0
40.32492674494055 3.63727899928896 0
45.24833613311723 5.206793824857782 0
45.24921711330249 5.379622668153393 0
46.98157437918471 8.332212549510013 0
46.80971077666413 8.505512886913344 0
46.98199251397212 8.506091518542359 0
45.76185859532006 2.954917706978508 0
45.58791999952538 2.955648538176545 0
46.28276049569999 2.259764022695544 0
39.979022666755 3.806739597553431 0
39.97890198789039 3.635643135083479 0
37.17925354539794 2.085561235667222 0
37.17658973327116 2.25792474016569 0
41.02505318839896 9.764007513027321 0
40.8706400431987 9.706615218448668 0
44.20135181683683 3.825585630586208 0
44.02937122223958 3.998169340085663 0
44.2047114309245 4.170698771477324 0
44.37669202552176 3.998115061977868 0
44.20303162388066 3.998142201031766 0
42.11678616746944 5.56421062381 0
42.19741248638644 5.896521594973816 0
42.33407866621138 5.711554996959703 0
42.15709932692794 5.730366109391908 0
46.98129749308357 8.158733169649034 0
45.24752813006178 5.033910877563081 0
41.48363215369991 8.513538038831637 0
41.38559743698882 8.298815658416853 0
41.17364747315035 8.398487651574236 0
41.27168218986144 8.61321003198902 0
41.32863981342513 8.456012845202936 0
45.59644922437211 5.899122186357861 0
45.59582453535997 5.726121353133546 0
35.54204470520558 4.252933285194262 0
35.37195624120619 4.251980198224021 0
43.85713195299036 4.169978733652141 0
43.685495941162 4.341435853847567 0
43.86149164118246 4.514494943879319 0
44.03312765301082 4.343037823683893 0
43.85931179708641 4.34223683876573 0
39.45077708225375 0.8722683622984553 0
39.62579096339204 0.8723600756992074 0
42.08042955708301 3.126426679777969 0
42.25762927184253 2.955958551501656 0
42.08197074767942 2.782736638180762 0
41.90477103291991 2.953204766457076 0
42.08120015238121 2.954581658979365 0
41.95073773176098 10.10878366087844 0
42.10510751497326 10.16667296005124 0
41.19953836581033 0.8725264268082684 0
41.3748284750713 1.046898312900052 0
41.37487484620212 0.8726316487694632 0
41.02410559357926 1.046729303146381 0
41.02434452154586 0.8725148926889652 0
42.60189428250037 1.222010029974147 0
42.77738444875575 1.396449759509752 0
42.77683814759429 1.222163418259085 0
34.85796039184649 4.930066564577396 0
34.68742592790967 5.099998961900057 0
34.68844589767217 4.930126240999192 0
39.49672752050277 8.66507027531034 0
39.70710455133087 8.565770843526533 0
39.39858924813227 8.451375539018574 0
39.55284689973157 8.508573191272554 0
42.10099518564002 8.743257651205557 0
42.00416498545539 8.528735572333863 0
41.79274810140969 8.628576504260364 0
41.94687164352485 8.68591707773296 0
45.93575715245538 2.954334571118612 0
41.64207040546131 9.99365368759422 0
41.33361844685729 9.878875527386029 0
41.4878444261593 9.936264607490124 0
35.88217365656688 4.257566759614271 0
35.71364732747186 4.087208768277252 0
35.71210918088622 4.255250022404266 0
37.35201900647497 0.8720525671583514 0
37.52665239632196 0.8721915284952964 0
45.94509342364604 6.938236370232261 0
45.77378624283591 7.109752570198386 0
45.9463981932022 7.284052199321792 0
46.11770537401235 7.112535999355667 0
45.94574580842412 7.111144284777026 0
41.69522347045125 8.413858837565716 0
41.63819012755479 8.571057271546 0
44.54890564136427 3.82503662024788 0
44.55001653090386 3.997749518933532 0
36.71394381173731 7.136374959060866 0
36.82396530246476 7.349866973464569 0
37.03690263549834 7.240483387893459 0
36.92688114477088 7.026991373489757 0
36.87542322361782 7.188429173477163 0
45.94367817768368 6.592431996157861 0
45.77069201300499 6.418671226550775 0
45.94311322235045 6.419432838839032 0
34.35267455544295 3.059999306157004 0
34.35246479466464 3.229858049108471 0
45.94023605318098 5.380663540443595 0
36.29952814126969 0.8703439773609976 0
36.651475287316 0.871324756736743 0
36.47550171429285 0.8708343670488699 0
40.1439645315138 7.838845768665417 0
40.0310074388712 8.153149838733782 0
40.24230858458245 8.053414167848715 0
40.0874859851925 7.995997803699598 0
35.59750241466857 0.5217032908315247 0
35.77324252606834 0.5220929721554466 0
38.60538345047965 7.270685605296046 0
38.39443651151675 7.370828495841938 0
38.48946541618707 7.583121192371362 0
38.70041235514996 7.482978301825471 0
38.54742443333336 7.426903398833704 0
39.98392153673606 9.730296721279396 0
40.13833289791243 9.787680642427489 0
41.20036156034211 2.606351539806656 0
41.02519627808671 2.433921569079189 0
41.02377142152047 2.778478527907986 0
41.02448384980359 2.606200048493587 0
42.74612786929496 8.443634596828336 0
42.52696570757712 8.543480669571775 0
42.68596205321123 8.602042635848134 0
37.70025157058191 2.604066810838157 0
37.87521825519215 2.604004688063426 0
42.42741257163428 1.396063599997028 0
42.4268469490297 1.221853862673198 0
38.1357455027423 9.042884545743496 0
37.9812427175705 8.985632125092744 0
42.19754447437615 8.958020586003121 0
42.08212636360807 9.271202258498732 0
42.13983541899211 9.114611422250928 0
39.10014805025165 0.8721492080212103 0
38.92483611340022 1.04630667139707 0
38.92484705138621 0.8721989465220021 0
39.27562640023358 1.046337851569674 0
39.2754625662527 0.8722087851598328 0
39.45245406626066 1.913757450377303 0
39.62768666097168 2.087006666390849 0
39.62715608680966 1.913973473270946 0
34.85521218260085 5.269500981901345 0
35.02225676655173 5.438980656920951 0
35.1929027356083 5.269247734696396 0
35.02585815165742 5.099768059676789 0
35.02405745910458 5.269374358298871 0
36.12160867856975 1.042365879633278 0
36.12278618441562 0.8694592134802166 0
42.43381699047352 3.129536441768688 0
42.60947867879116 2.958215091717882 0
42.43355397531685 2.957086821609769 0
41.59675580263117 8.198364001982437 0
41.49840028230712 7.983165116823639 0
41.28724191666477 8.083616773258054 0
41.44199885964797 8.140990387620246 0
39.88664457001606 9.517665652415513 0
39.82966405213469 9.672950139314091 0
43.85264801617156 3.82537599949735 0
44.025098122385 3.65308034096897 0
43.84749416689399 3.480373445617257 0
43.67504406068056 3.652669104145637 0
43.85007109153278 3.652874722557303 0
42.77869601794083 1.744603071779252 0
42.95290599865322 1.570764005584252 0
42.60317446804336 1.570288825704751 0
42.77804023334829 1.570526415644502 0
41.72616244976049 1.395239012373734 0
41.55040336883388 1.221016854480513 0
41.72588905792597 1.22118953808642 0
35.85997414560853 5.614890985842019 0
36.02384501362176 5.790019153404657 0
36.19463578427801 5.621630404520214 0
36.03076491626477 5.446502236957576 0
36.02730496494327 5.618260695181116 0
46.81385739751578 9.549613785408233 0
46.64340390924917 9.374377336879252 0
46.64547133726289 9.72033483882014 0
46.64443762325602 9.547356087849696 0
41.90106188520494 3.295235938207152 0
42.07713005172884 3.468541903614861 0
42.25649772360692 3.299732645185679 0
42.07877980440593 3.297484291696415 0
43.87406377301645 5.54888294013476 0
43.70448804975699 5.72020249439458 0
43.87781615160443 5.893131017559476 0
44.04739187486391 5.721811463299657 0
43.87593996231044 5.721006978847118 0
43.12336251561698 9.313681630398849 0
43.3388577455291 9.222806784218808 0
43.03207169569923 9.096539133853675 0
43.18546472061416 9.159672959036241 0
38.23502306052652 6.425093784296569 0
38.0237637954303 6.527004980922742 0
38.11441471204519 6.737142648549981 0
38.32567397714141 6.635231451923808 0
38.17471888628586 6.581118216423275 0
41.80725001931015 8.09770739576782 0
41.90571768713023 8.313202231351099 0
41.7512367448807 8.25578311666677 0
35.84966448786503 5.958349031517296 0
36.0130076619772 6.137723921344099 0
36.18718818773392 5.96939404323146 0
36.01842633779948 5.963871537374378 0
37.95817491101488 8.096101110751837 0
37.84472134364565 8.407017349684361 0
37.90144812733027 8.251559230218099 0
45.59934724052233 6.590638176495227 0
45.42835345938443 6.762191585430217 0
45.60117974395695 6.935881991398788 0
45.77217352509486 6.764328582463798 0
45.60026349223964 6.763260083947007 0
43.10311272646531 9.841982213147729 0
43.00687656941733 9.625101767159874 0
42.79624140259636 9.719627816870757 0
42.94967706453083 9.780805015009243 0
35.42204697425852 0.521452918003007 0
45.94438580066486 6.765334183195061 0
42.31371600982172 8.643817659366498 0
42.25563024209894 8.80091912268481 0
35.5470838620615 3.580246358234167 0
35.20538975878524 3.575036761803983 0
35.37623681042337 3.577641560019075 0
35.18794486632412 5.60830857255311 0
35.35280565756992 5.778931225651742 0
35.5241371351362 5.609870808485519 0
35.35927634389041 5.439248155386887 0
35.35604100073017 5.609089690519315 0
45.59779777298448 6.245014447617996 0
45.42645300050182 6.416981397562448 0
45.59857250675341 6.417826312056611 0
37.52074885973944 2.775746292056209 0
37.52364961988992 2.603651334391168 0
42.21464294720249 8.427868472106621 0
42.11619564887734 8.212335131123858 0
42.06018031716636 8.370535351728861 0
38.96354544770945 9.174232330920965 0
38.75212422918414 9.272057592256678 0
38.90585762374522 9.329214469595586 0
43.21871421039177 9.531172951763452 0
42.91152487464254 9.407610445795273 0
43.06511954251715 9.469391698779361 0
46.63511084755376 7.289715957433764 0
46.46282484782874 7.462330593467466 0
46.63532747378196 7.463333773223842 0
44.21745741745833 5.550169017659615 0
44.22066130271396 5.894604269545583 0
44.21905936008615 5.722386643602599 0
44.20768882015338 4.515687567178344 0
44.03659788464586 4.687869732035496 0
44.21081745707065 4.860727194618644 0
44.20925313861201 4.688207380898493 0
45.42478626668157 6.07141745209969 0
45.59712349867829 6.072068316987929 0
46.80248060897902 0.870479246988582 0
46.97700158056011 0.8698213502024483 0
44.37380157554676 3.652747739267895 0
44.19944984896588 3.652914040118433 0
39.80273178679949 2.260012245388917 0
39.97673230518439 2.260290139007799 0
37.00419639837006 1.912044737517605 0
36.82851937404333 1.738478926209726 0
36.82688458714303 1.910864081267323 0
34.35325059441379 2.721029899731416 0
34.5245804895183 2.552672050817702 0
34.35377890319201 2.381978039253229 0
34.35351474880289 2.551503969492323 0
44.20620012553894 4.343193169327834 0
41.37593509008015 2.779036928371516 0
41.55335620397009 2.607413723428617 0
41.37778267423205 2.434728334863757 0
41.3768588821561 2.606882631617636 0
46.62701510506272 0.6971760053109737 0
46.6264413378658 0.5230042262115919 0
44.38476776534726 5.033536537576992 0
44.55854076059532 5.206196710835529 0
44.55719176849738 5.033681649284306 0
46.98642550591782 10.06802247726949 0
46.98529173665933 9.722992626487514 0
46.81524941909746 9.894992002209008 0
46.98585862128857 9.895507551878502 0
35.20857260633211 2.899174898623527 0
35.55299228874524 2.906466989267354 0
35.38226036255381 2.733739700545104 0
35.38078244753868 2.90282094394544 0
43.88163941402606 6.236668975611455 0
44.05091620715875 6.065854213300878 0
43.70853935847175 6.063945779870053 0
43.87972778281525 6.064899996585465 0
42.42789264495789 8.327531482311898 0
42.37080432738981 8.485674570839198 0
42.25314263207277 1.56981531912673 0
42.42890452848187 1.744040544834453 0
42.42815855005807 1.570052072415741 0
42.07858722469119 1.743449232056767 0
41.90252449087546 1.569297968195494 0
42.07783356147412 1.569556643661112 0
34.68477101904855 5.439434205627339 0
34.68609847347911 5.269716583763698 0
41.55102404398664 1.568749999902393 0
41.72738608510161 1.742808955724153 0
41.72677426743105 1.569023984048943 0
41.18965617197342 4.658386804106146 0
41.01446290576664 4.488512295321234 0
41.01625221400089 4.659013544307157 0
38.07002391181206 7.783867545667569 0
38.01409941141347 7.939984328209703 0
43.12768202187723 1.571008994446379 0
46.47768466839938 9.890196513388764 0
46.64746275023394 10.06485367677763 0
46.64646704374842 9.892594257798885 0
33.66631250664621 6.462898524075806 0
33.83434174103009 6.294204573928547 0
33.66717087051504 6.292102286964274 0
37.33944876672352 7.873529963365984 0
37.12817648786825 7.973442235535849 0
37.22622029744102 8.183239915762218 0
37.28283453208227 8.028384939564102 0
37.47060362436294 7.03791296969071 0
37.56461608211067 7.249019897145458 0
37.77953201247408 7.148648078269082 0
37.68551955472635 6.937541150814334 0
37.62506781841851 7.093280523979896 0
35.53039824329304 5.269789310135872 0
35.36402463501093 5.099788889445381 0
35.36165048945067 5.269518522416134 0
39.91821614963501 8.466793429013189 0
39.80511828372484 8.779611607091995 0
39.86166721667992 8.623202518052592 0
41.18729104852177 4.316121851501974 0
41.01398598364206 4.147069308538582 0
41.01422444470435 4.317790801929909 0
44.3877591962709 5.378338360092962 0
44.55989222245151 5.378647639954741 0
41.18802633808591 3.974628042000055 0
41.01590263597828 3.805550749640927 0
41.01494430981017 3.976310029089755 0
36.68871885555755 8.687150396576286 0
36.4768268819446 8.784029093970874 0
36.63094953148242 8.839880149757374 0
39.45360236496273 2.25932232106882 0
39.62816707588111 2.259667283228869 0
36.50823500393872 7.765581053468215 0
36.60846850671192 7.96991020662204 0
36.8188979795805 7.866466920803113 0
36.7186644768073 7.662137767649288 0
36.66356649175961 7.816023987135663 0
44.04018482089623 5.032725117621937 0
44.21413512917284 5.205534460580286 0
44.21247629312175 5.033130827599464 0
41.0751548331106 8.183653108249093 0
40.86292337085861 8.283197482959119 0
40.96141601089836 8.498032026284262 0
41.01828542200448 8.340842567266678 0
46.63473248308111 6.94236293784402 0
46.63416781397353 6.595435038973017 0
46.63445014852732 6.768898988408519 0
46.63389077595144 6.422073829585319 0
37.37629861814405 6.822927829053027 0
37.15570308012825 6.922288905406813 0
37.25000808634714 7.137274046044496 0
37.31315335224559 6.980100937548761 0
39.97461179425311 8.309971633873484 0
34.8511556105374 5.608650466777957 0
34.51410278156465 5.609621429297381 0
34.6804873730535 5.778837690447999 0
34.68262919605102 5.609135948037669 0
40.11136244840667 6.575906347490977 0
40.2039789068649 6.789342469755493 0
40.42082429157708 6.690078440238506 0
40.32820783311884 6.47664231797399 0
40.26609336999188 6.632992393864741 0
45.25360728606817 6.243483130272971 0
45.08064304640348 6.070089631619841 0
45.25271465654252 6.070753541859766 0
42.81529259448006 9.191967646766143 0
42.87691342085974 9.036191607479658 0
44.22396039475892 6.238560689782751 0
44.39370549031413 6.067310746027456 0
44.22231084873644 6.066582479664167 0
41.01847977099855 3.463626554376739 0
41.19445908751281 3.29175189319925 0
41.02125698132589 3.121562389849358 0
41.01986837616221 3.292594472113048 0
39.80490327232425 3.975417297319639 0
39.97840537562404 3.977299143829332 0
35.68824934814116 5.783202759169686 0
35.69586193260357 5.441559035157853 0
35.69205564037236 5.612380897163769 0
41.19082479990047 3.633244533044742 0
41.01719120348841 3.634588652008833 0
44.90763718180717 5.896929623263871 0
44.906535263207 5.724372252698669 0
35.51470310865155 5.950719367628154 0
35.67611824837544 6.125865639975765 0
35.68218379825829 5.954534199572725 0
43.68040874692235 3.997185393063828 0
43.85488998458096 3.997677366574746 0
44.54642818609237 3.479398641176414 0
44.54766691372832 3.652217630712147 0
39.7891777407695 9.304672721238456 0
39.94357181099265 9.362044149725888 0
36.61395418405029 7.455878776630204 0
36.92867559522178 7.556125964483654 0
36.77131488963603 7.506002370556929 0
46.46228297916377 7.115105158732824 0
46.63492166531744 7.116039447638892 0
37.4513459798687 7.561989864884959 0
37.24028352375131 7.66295712706087 0
37.39539737329611 7.717759914125471 0
42.69905267962513 9.50436506006205 0
42.64194736319804 9.660475951880558 0
45.2578861557808 6.933414141014335 0
45.25562040956926 6.588670822043323 0
45.08515310596563 6.75989337762744 0
45.25675328267503 6.761042481528829 0
41.18889184835736 7.868511733765739 0
41.13202334073398 8.026082421007416 0
34.34410048830059 5.780039277220564 0
34.34545391082219 5.609999693877366 0
33.84891688292045 0.1712501810345239 0
34.02243349627016 0.3434404333124643 0
34.02371674813508 0.171720216656233 0
37.0296008881085 7.765473569215038 0
37.13935823086457 7.453609522329486 0
37.08447955948654 7.609541545772261 0
42.75717263705259 9.348166353414097 0
46.62937560729777 1.39199092625808 0
46.62980039549012 1.565308790389722 0
37.59711320488479 6.728397412730875 0
37.9009430814836 6.837829735164151 0
37.81253673164204 6.628685997080693 0
37.7490281431842 6.783113573947514 0
41.96753830377737 9.583756275343067 0
41.85341098144194 9.895633607974357 0
41.91047464260966 9.73969494165871 0
42.43054503607402 2.091542699068127 0
42.60467309858953 1.918133616179578 0
42.25477646596636 1.917449627723003 0
42.42972478227794 1.917791621951291 0
37.17943966594436 1.912682347376805 0
41.30618665865175 7.553876397463302 0
41.40176853688372 7.768242674716928 0
41.24753925350456 7.711194065614521 0
43.51363050200317 4.512148990834357 0
43.343479908067 4.682860654239139 0
43.52054013576916 4.856529170911782 0
43.69069072970532 4.685817507506998 0
43.51708531888616 4.684339080873069 0
44.73695197875895 6.068711501213876 0
44.90995784335526 6.241871509569846 0
44.90879751258122 6.069400566416858 0
41.9041879313973 1.916688415159569 0
42.08037717267246 2.090688810825804 0
42.07948219868183 1.917069021441285 0
42.7794076432763 1.918487147342849 0
42.02594784983557 7.470589284132634 0
41.825720536229 7.56740831996628 0
41.91924046475345 7.780266658079934 0
42.11946777836002 7.683447622246288 0
41.97259415729451 7.625427971106284 0
40.54375074666567 6.377048022859192 0
40.44731791825424 6.162400961070111 0
40.23177500470741 6.261995256184909 0
40.38776287568655 6.31952163952205 0
46.98685140020052 10.41322880639516 0
46.81638676162561 10.23923632559575 0
46.98663845305917 10.24062564183232 0
38.4790783127691 5.803332677132921 0
38.26535264708524 5.904029581949146 0
38.35446198622513 6.112088463498565 0
38.56818765190899 6.011391558682341 0
38.41677014949711 5.957710570315744 0
37.78729531081509 8.561897246145884 0
35.19672782702613 4.929912394975754 0
35.02734410943631 4.929989479776575 0
39.59437706314135 8.878332118716683 0
39.69200545729019 9.091736940833973 0
39.74856187050751 8.935674273962984 0
39.00744931649426 7.596267473466338 0
38.91155383449625 7.383216662305468 0
38.79630783714798 7.696029112986341 0
38.85393083582211 7.539622887645905 0
43.86579697316872 4.859192295663176 0
43.86364430717559 4.686843619771247 0
37.01471745115305 8.282023529594161 0
37.11196602646683 8.491522535484165 0
37.16909316195392 8.337381225623192 0
37.35246368171338 7.350400180480523 0
37.19468315860586 7.295441784186991 0
35.94153841445344 1.212654904978478 0
36.11806015413574 1.386601620560988 0
36.11983441635275 1.214483750097134 0
41.72932736026741 2.089790514582582 0
41.72835672268451 1.916299735153368 0
39.30034822719279 8.237721701558744 0
39.20187656461228 8.02369215778948 0
39.35619629227101 8.080834667412335 0
43.90120335017907 7.594696396929402 0
44.06870859170618 7.4320993176341 0
43.89495219543116 7.258802463583773 0
43.72744695390406 7.421399542879075 0
43.89807777280512 7.426749430256588 0
35.0168437103098 5.777978382410114 0
35.01955023843077 5.608479519665533 0
38.65610046231306 9.059899103939667 0
38.44421003121752 9.157470388000247 0
38.59816713020083 9.214763990128462 0
43.8701031545111 5.204197239416 0
43.70033357716729 5.375715061403822 0
44.04383335036027 5.377365118146938 0
43.87208346376377 5.37654008977538 0
41.17933581762812 9.821441520206676 0
34.88857328403214 0.8640097777567748 0
35.05955410161766 1.035639728582805 0
35.06403636179119 0.8646287751812585 0
37.3377371865996 2.946933996393826 0
37.51695122747097 2.947474447965342 0
45.75621218849389 1.568676945500972 0
45.93224136658934 1.741442732297448 0
45.93022377395745 1.394620577264889 0
45.93123257027339 1.568031654781168 0
34.50930140157536 5.949708602141215 0
34.33877551969395 6.121140531314399 0
34.34143800399727 5.950589904267481 0
40.66171552828087 6.062413984375549 0
40.55886393360361 5.847626939457189 0
40.34446632357699 5.947613916151751 0
40.50309092592893 6.005013950263651 0
44.71335968844458 2.613384675903923 0
44.89015067092159 2.785922476889679 0
45.06344013913618 2.611914437920484 0
44.88664915665917 2.439376636934728 0
44.88839991379038 2.612649556912204 0
45.08793392930505 7.104093577153522 0
45.26061639675731 7.277646358353397 0
45.43056862323306 7.106966922214212 0
45.25925127626905 7.105530249683866 0
45.08277469513561 6.415172554753845 0
45.25461384781872 6.416076976158147 0
44.54361423755357 3.133559942131162 0
44.54502121182297 3.306479291653788 0
47.15541737276224 10.58992237866407 0
47.32770868638113 10.59010007822092 0
45.60317512211203 7.280837501013809 0
45.60217743303448 7.108359746206299 0
41.79640406861114 10.05121867423633 0
34.52384559013943 2.891404957374967 0
34.35296257492837 2.89051460294421 0
46.45289940047547 0.8716421522372517 0
46.62836490439177 1.04494539391486 0
46.62769000472725 0.8710606996129169 0
45.2368313452334 2.437816304945045 0
45.23799331391482 2.610995921805815 0
46.62887025584477 1.21846816008647 0
45.95253717917366 8.322485378870272 0
45.78453990477057 8.49258526155849 0
45.9569964953741 8.668230638860713 0
46.1249937697772 8.498130756172493 0
45.95476683727388 8.495358008865491 0
34.52542133497874 2.214165977844518 0
34.3545621520978 2.043671683047578 0
34.3541705276449 2.212824861150403 0
41.05958794518661 8.712417859498224 0
41.21442189511238 8.769914092172668 0
42.02483233369272 9.4274792669209 0
41.55392097503306 2.262306672904454 0
41.73021352471 2.435945559118702 0
41.90561990994436 2.26342940079683 0
41.72977044248871 2.262868036850642 0
40.78589475574275 5.727592606010566 0
40.66464011066152 5.511949146243014 0
40.43760928852238 5.631983479689637 0
40.61175202213257 5.679788042850102 0
44.21579627331558 5.37785173911995 0
36.38078709512838 8.577911918572772 0
36.16878764731997 8.674155635641815 0
36.32280726463228 8.729092364806345 0
44.91525657942742 6.930767673696663 0
44.74592916350669 7.10103509668455 0
44.91860651338432 7.274361000141408 0
44.91693154640587 7.102564336919036 0
42.85324039438493 5.880966044850979 0
42.68783460509199 6.041859597946169 0
42.86079293506089 6.214310664943536 0
43.02619872435381 6.053417111848345 0
42.85701666472291 6.047638354897257 0
42.25644892668019 2.264555504633078 0
42.43133369141002 2.265030228896904 0
43.88573866019625 6.579246319319834 0
44.05463215182913 6.409270676391752 0
43.71274592239318 6.406644618539537 0
43.88368903711115 6.407957647465644 0
37.50798103098968 7.405504881015208 0
44.91245928558943 6.586545140277965 0
44.73964243380908 6.413244095093967 0
44.91120856447235 6.414208324923906 0
46.29745304692014 8.673541163161204 0
46.46664448135564 8.502528736903532 0
46.29581912556642 8.500329746538013 0
43.71718011480893 6.747539541015117 0
43.89019671565681 6.920068428674155 0
44.05875526104413 6.751775206978872 0
43.88796768792653 6.749657373996994 0
42.08169166395209 2.437296094604104 0
42.08103441831228 2.263992452714954 0
44.71687057451365 2.95980428347525 0
44.89135424310129 2.958973497975935 0
44.36665334853241 2.96098334949745 0
44.5399096854925 2.787227690841538 0
44.54176196152304 2.96039381648635 0
42.84610539818398 5.541489334446338 0
43.01446728371974 5.370286647195389 0
42.8364734528236 5.196219133052057 0
42.66811156728783 5.367421820303005 0
42.84128942550379 5.368854233749197 0
45.93308304256972 1.914670118780006 0
43.54451366000501 6.574476634407524 0
43.53985248935251 6.233674439563726 0
43.37162022696435 6.401506455431712 0
43.54218307467876 6.404075536985625 0
34.35546079069823 1.705968352100666 0
34.35501147139802 1.874820017574122 0
43.69571530678358 5.030664417457237 0
43.86795006383991 5.031694767539587 0
37.00212812806554 0.8716899796361437 0
37.17707356727026 0.8718712733972476 0
39.80152292783129 6.461950575300273 0
39.89522416580045 6.67558098934999 0
40.01766121043752 6.362275933441261 0
39.95644268811898 6.518928461395625 0
43.50736460121365 4.168255228202958 0
43.5020268121636 3.824432178884272 0
43.32898266645491 3.995502014023402 0
43.50469570668862 3.996343703543615 0
39.91977031959391 6.147820308821941 0
40.1338841138638 6.04753963156559 0
40.07577266215065 6.204907782503425 0
45.43301263196155 7.451517258772032 0
45.77551737973495 7.455173541937913 0
45.60426500584825 7.453345400354973 0
36.91747357934024 8.074435587123926 0
36.97353723372437 7.919954578169481 0
39.62737854874136 4.142125008660776 0
39.45344269018662 3.96888883175026 0
39.62917298125544 3.972153064534949 0
42.67878686036006 5.708828233849585 0
43.02055893220885 5.713627145447732 0
42.84967289628445 5.711227689648658 0
43.3354991620548 4.338968365189747 0
43.5104975516084 4.340202109518657 0
44.74256275905122 6.757419436347187 0
44.91385793250843 6.758656406987314 0
36.82680170769077 0.8715073681864443 0
40.02839396588551 5.834561634245071 0
40.23897617559869 5.734635918831232 0
40.18643014473125 5.891087775198411 0
37.51397467231979 6.51949104664284 0
37.29316008557905 6.614021462964992 0
37.44513664523193 6.671209437847933 0
44.56674105174458 6.240223109470278 0
44.56532873453654 6.068011123620666 0
38.28997776697991 9.100177466871871 0
41.02353967560527 1.394552044322192 0
41.19915526129969 1.220721852596373 0
41.02382263459226 1.220640673734287 0
43.37639335436735 6.73810404712667 0
43.54905980917128 6.911166953734264 0
43.54678673458814 6.742821794070894 0
43.1339470691602 2.787261969806273 0
43.30760230017052 2.614305047418957 0
43.13259981950449 2.613855070676236 0
45.61752951867801 8.661881658209058 0
45.44489564149919 8.485936892751841 0
45.61471777313488 8.489261077155165 0
41.37473015506227 1.394840394176834 0
41.37477931506679 1.220869353538443 0
35.1796788187872 5.947608490366363 0
35.34157626986884 6.119396632342776 0
35.34719096371938 5.949163928997258 0
34.84454930929203 5.947724700634875 0
35.00738441776943 6.117354808591123 0
35.01211406403961 5.947666595500618 0
44.92213706119938 7.617568398938245 0
45.09106853098837 7.447876623906716 0
44.74967504359533 7.444052775172935 0
44.92037178729186 7.445964699539826 0
40.74935246485426 8.597209170175534 0
40.65100809977007 8.382929963054213 0
40.59432884086334 8.53975774832095 0
36.94490757433412 3.622587368637099 0
37.11836461354133 3.794940567249069 0
37.12732884285469 3.626346121083826 0
35.53528519037712 4.930108674537696 0
35.36600650870163 4.930010534756725 0
36.70648338533463 8.173926852504252 0
36.80372725714743 8.381514794974489 0
36.86060041824383 8.227975191049207 0
43.4828939699767 2.614648421802976 0
44.39693529468229 6.411265364732203 0
44.56983667674679 6.584286350355891 0
44.56828886424569 6.412254729913085 0
45.65348361187404 10.02589899959999 0
45.48921897085256 10.17411894888979 0
45.65002751192108 10.35496824329892 0
45.81429215294256 10.20674829400912 0
45.65175556189756 10.19043362144946 0
39.4812528541503 9.190075329214414 0
39.63521529745989 9.247374025226435 0
46.47930552705483 10.23255240485038 0
46.64822953844651 10.4069350536685 0
46.64784614434022 10.23589436522307 0
44.57320595737448 6.92793588316893 0
44.40047987507005 6.754802797177633 0
44.57152131706064 6.75611111676241 0
42.49766772988736 5.542431050534104 0
42.51519779668408 5.877952180275183 0
42.50643276328572 5.710191615404644 0
34.67336333781389 6.118595612328091 0
34.6769253554337 5.948716651388045 0
36.90022554311624 8.58915164330514 0
37.05447541788332 8.645148888228398 0
43.53548518907352 5.890916540617113 0
43.36679831995429 6.060645200310786 0
43.53766883921302 6.06229549009042 0
36.5855545069652 3.613227359763961 0
36.75894156686434 3.785485091840186 0
36.76523104064967 3.61790736420053 0
35.86742829048544 5.27257256924731 0
36.20262261503363 5.278773992170184 0
36.03928598925431 5.104844324459918 0
36.03502545275954 5.275673280708747 0
45.92814436479156 1.047000886062817 0
46.10269596733781 0.8725009302164786 0
45.9272935319827 0.8727996124028738 0
46.27779768390664 0.8720715412268651 0
41.90606981704133 2.609175212707908 0
42.08183120581575 2.610016366392433 0
36.39765788956642 8.071159743496526 0
36.49567276818913 8.275176389378739 0
36.55207063745053 8.122543298000391 0
34.87484049384465 1.542135188757597 0
34.70374889811633 1.37211325792609 0
34.52880474340469 1.539288111494372 0
34.70182261862467 1.540711650125985 0
45.2634647661926 7.621747524325351 0
45.26204058147496 7.449696941339374 0
40.32460245938438 5.439643934113946 0
40.12596934646069 5.542296373255541 0
40.28178931749154 5.587139926472589 0
41.72921249630143 2.780643377017823 0
41.72971301050571 2.608294468068262 0
43.53122115882032 5.547024120423378 0
43.36221829813685 5.717738166645911 0
43.53335317394692 5.718970330520246 0
34.31671923480548 7.468578381401525 0
34.47697476567219 7.302980587683244 0
34.31733643871841 7.144099563519256 0
34.15708090785171 7.309697357237537 0
34.31702783676194 7.306338972460391 0
34.69623592254871 2.384848879986421 0
34.86863371292956 2.217412142116577 0
34.69702752395415 2.215789059980548 0
40.38362790153312 7.213414674599732 0
40.16863733412474 7.312513867005249 0
40.26033998831711 7.525116033686794 0
40.32198394492512 7.369265354143263 0
43.72179651091168 7.085790552230492 0
44.06335240017629 7.093080340027436 0
43.89257445554398 7.089435446128965 0
45.06036545652928 2.265367711828291 0
45.23415943091138 2.091236188172863 0
45.23549538807238 2.264526246558954 0
38.14396040453025 6.214809748446346 0
38.44552464222141 6.322372499348788 0
38.29474252337582 6.268591123897567 0
43.52654445009416 5.201913838272472 0
43.35136927907973 5.027778591727016 0
43.52354229293167 5.029221504592127 0
33.66454233079864 7.143718527410455 0
33.82932800129173 6.978471498267027 0
33.66478567049309 6.804752970856572 0
33.66466400064586 6.974235749133514 0
41.2550365489974 6.822461276688453 0
41.47446914967092 6.730843917517 0
41.38843098289865 6.517041737610112 0
41.16899838222513 6.608659096781565 0
41.32173376594803 6.669751507149282 0
39.21825084462259 7.496498601216975 0
39.10371693272609 7.809758557803003 0
39.16098388867434 7.653128579509989 0
45.81383634127243 12.17295204846093 0
45.66061845085623 12.30616311698776 0
45.9418163420061 12.33382139364307 0
45.80116096668517 12.320624215731 0
45.26447361178577 12.10151795407518 0
45.10567656489148 12.22648272427719 0
45.38206447458119 12.27121483484395 0
45.24376924684071 12.24947511979057 0
43.35743203174719 5.373222897292028 0
43.52888280445724 5.374468979347926 0
38.96713259510451 6.333803942893351 0
38.75234694555486 6.433736692280741 0
38.84619234936979 6.646799256895959 0
39.06097799891944 6.546866507508569 0
38.90666247223714 6.490301599894655 0
38.63198578235107 6.746522817374618 0
38.53877085577219 6.53458902948177 0
38.41888890372029 6.847165239816657 0
38.47882987974624 6.690877134649213 0
43.19913831724647 6.227124204675522 0
43.19385872706164 5.88693810748361 0
43.19649852215405 6.057031156079566 0
42.83995993051461 11.501250786478 0
42.74267621753168 11.2904444747169 0
42.68632660259551 11.44314581615418 0
39.33814290889867 7.184596421644438 0
39.12517682065625 7.283974369383888 0
39.27819687676062 7.340547511430707 0
39.44869753544775 4.305386302459687 0
39.62442380573975 4.478297882452077 0
39.62590117724056 4.310211445556426 0
46.2843749173858 11.78701132366789 0
46.42796360255338 11.95903589727131 0
46.58819919250348 11.82536728277204 0
46.44461050733592 11.65334270916862 0
46.43628705494464 11.80618930321996 0
40.04791035534829 7.624838919306836 0
39.95246305306735 7.411299433832397 0
39.89356993057256 7.567830424476638 0
44.75390321595344 7.78615750766232 0
44.92651010929272 7.95998851285897 0
45.09474395453867 7.791399404134896 0
44.92432358524605 7.788778455898608 0
39.08999507899432 6.023459903178345 0
38.87482061759616 6.12271705614994 0
39.18230705650267 6.234546789921756 0
39.02856383704941 6.178631923035848 0
43.18891850328406 5.544427204610034 0
43.19138861517285 5.715682656046821 0
44.93187055295114 8.30198681384538 0
45.09931411327165 8.134670462885429 0
44.75906654897222 8.127304863818921 0
44.92919033112193 8.130987663352176 0
40.55240878216686 8.168246544858338 0
40.70766607651274 8.225722013908729 0
33.8310981771393 6.637651494932377 0
33.66554908856965 6.633825747466188 0
42.78623491004167 3.131878940062911 0
42.96050744691038 2.959801618954539 0
42.78499306285077 2.959008355336211 0
39.7070490335839 6.24831415669161 0
39.49137739590518 6.347876492233119 0
39.58585129015258 6.561512910841783 0
39.64645016186824 6.404913533766697 0
44.2276070517525 6.581975351341204 0
44.23162808436167 6.924602652815301 0
44.22961756805709 6.753289002078253 0
45.2671890679229 7.965785470786297 0
45.26532691705775 7.793766497555825 0
38.65910073200406 6.221520162147758 0
38.59893579388813 6.378054595814764 0
44.5771919144058 7.270723124956102 0
44.40897908497636 7.439248157455024 0
44.58146221416589 7.612577807671858 0
44.57932706428585 7.44165046631398 0
44.22578372325571 6.410268020561977 0
39.21079551393078 5.726785406140103 0
38.99886330005666 5.822047256437898 0
39.30192729286843 5.928198052880552 0
39.15039529646255 5.875122654659224 0
35.70196460117491 5.100802844225329 0
35.69891326688924 5.271180939691591 0
44.59016166613429 8.291457062866307 0
44.58605359147997 7.951812545551105 0
44.41714870864205 8.115964744598489 0
44.58810762880714 8.121634804208707 0
44.41361258969243 7.778232845560643 0
44.58375790282293 7.782195176611481 0
36.21121933272156 4.938239995651105 0
35.87366771573134 4.931838265178878 0
36.04244352422644 4.935039130414991 0
39.82102649332458 5.936173321288138 0
39.60830520731457 6.036667169157807 0
39.76403776345424 6.092243738989874 0
36.37533797457696 5.112344175802746 0
36.54776300296965 4.947126322244534 0
36.38364436111425 4.773022142092892 0
36.3794911678456 4.942683158947819 0
43.13590753901903 2.960381840936708 0
33.99868049733859 6.466279122041154 0
34.16802992957347 6.294558910755632 0
34.00118583530178 6.29438174234209 0
38.78390753750108 5.912588452684521 0
38.72150413475257 6.06705430741614 0
43.18298081218288 5.199082339877384 0
43.18594965773347 5.371754772243708 0
46.81270232613898 9.20199795625847 0
46.98460041643548 9.376263040009219 0
46.98408593186923 9.202187153972947 0
39.91673586327971 5.625181901188525 0
39.70936839071878 5.726793588231593 0
39.86888117830215 5.780677611238332 0
44.4044687082736 7.097623911440483 0
44.57519893589014 7.099329504062515 0
33.67391688292045 0.3412501810345239 0
33.67445844146022 0.1706250905172615 0
38.8671438256516 8.961768009780741 0
38.71323555277275 8.904519512366589 0
38.91091715635599 5.619004565678963 0
38.69596139380041 5.709545761925586 0
38.84741234692854 5.765796509181742 0
36.62699232624517 2.595818059070014 0
36.80068805195599 2.769935474905789 0
36.80823690510395 2.598448969602118 0
35.88203934577552 7.590674240324026 0
35.98628188560599 7.781488911389908 0
36.19637117565865 7.67245080849169 0
36.09212863582819 7.481636137425808 0
36.03920526071709 7.631562524407858 0
39.03194039088908 7.071654141615792 0
38.81831740472908 7.170896434537373 0
38.97174711269267 7.22743540196063 0
45.63772088390844 9.350761832050758 0
45.79901274427604 9.182496334579328 0
45.62649013569271 9.006588358364404 0
45.46519827532511 9.174853855835833 0
45.63210550980058 9.178675095207581 0
44.24627122221943 8.272041926032319 0
44.24711285099724 7.93893676930424 0
44.07623536457462 8.095013950738068 0
44.24669203660834 8.105489347668279 0
43.03222617021278 6.389926549182134 0
43.20470807993066 6.564308799938324 0
43.20192319858857 6.395716502306923 0
44.23619302408821 7.266101598652618 0
44.23391055422494 7.095352125733959 0
39.10026003243023 1.220045151492479 0
38.92479655554743 1.220054839314678 0
45.57952971069707 1.395659707929963 0
45.75389223145517 1.221276200002809 0
45.57834580983292 1.221674188557738 0
33.84673187843008 0.5132447883892688 0
33.67336593921504 0.5116223941946334 0
45.92918406937451 1.220810731663853 0
39.36973902439259 6.660551538841122 0
39.27626094798589 6.447338571237045 0
39.15445607532615 6.760079475112645 0
39.21535851165601 6.603709023174845 0
40.45381961574795 7.9536143280432 0
40.39735868337466 8.110830356353528 0
46.59708668786094 11.53540272245684 0
46.48203610124067 11.37865259924233 0
46.32955992071564 11.49659258595411 0
46.46332330428829 11.51599765420547 0
44.24149465259433 7.605245876436507 0
44.23884383834127 7.435673737544562 0
36.65258542865293 1.564784820465644 0
36.82853561490015 1.565463829380365 0
42.86766596917793 6.544841366942797 0
42.69623273402603 6.369225482704199 0
42.8642294521194 6.379576015943167 0
40.07690902599659 7.100112003336505 0
39.86073474493919 7.198897570163655 0
40.01468603953197 7.255705718584451 0
38.89426451049302 7.909588937625743 0
38.99242414237921 8.123522537612219 0
39.04807053755265 7.966640547707612 0
43.26757009253958 10.80167500623628 0
43.47073443171432 10.713564734586 0
43.38022104830939 10.4971922262177 0
43.17705670913465 10.58530249786797 0
43.32389557042449 10.64943361622699 0
42.43390443492949 3.473409557297191 0
42.61122370179609 3.3032133538802 0
42.4338607127015 3.301472999532939 0
34.19504806653264 0.5160857790723474 0
34.3678181278384 0.6895997355827124 0
34.37001558846147 0.5175960061019813 0
40.35639416448262 7.739122883045376 0
40.51138998187378 7.796452528548818 0
46.47569161373067 10.56979885726283 0
46.639673065313 10.74761855624154 0
46.81221099002883 10.58475475264721 0
46.64395130187975 10.57727680495502 0
39.39742350442197 6.13508471091783 0
39.33684222620393 6.291211641077438 0
39.60537589850428 5.538221778892719 0
39.40881650354655 5.641208701781655 0
39.51280899576105 5.829780511120528 0
39.55909244713266 5.684001145006624 0
39.27572343936056 1.220135196651389 0
38.72022596695113 4.654690627070694 0
38.5277970047545 4.474362031233932 0
38.34264936932077 4.629889617901842 0
38.5350783315174 4.810218213738604 0
38.53143766813595 4.642290122486268 0
36.39058372430239 4.437758600437231 0
36.5652627453804 4.277662392453554 0
36.39736904302725 4.105929726226009 0
36.22269002194924 4.266025934209686 0
36.39397638366482 4.27184416333162 0
40.85667720941904 6.492934939088466 0
40.94936369050345 6.70674210120206 0
41.07631190114072 6.394851934667972 0
41.01283779582209 6.550797017935015 0
46.29039057590164 7.287178579061774 0
46.11875968514488 7.458942352893978 0
46.29079226648682 7.460636473180722 0
44.76671934090804 8.466734442231951 0
44.9403474182626 8.642556647826154 0
45.1054986303057 8.477809019439583 0
44.93610898560687 8.472271730835768 0
39.45520589124194 3.288651548492561 0
39.63003852233416 3.290463593546566 0
45.30616057165626 11.80862577139074 0
45.15190242665063 11.93413097268805 0
45.41873175679141 11.97601275277788 0
45.28531709172102 11.95507186273296 0
42.78781121660915 3.304358476819636 0
35.70447645305423 4.930973469858286 0
42.52843872413823 6.198951126144008 0
42.35580191573032 6.035043708473022 0
42.52181826041116 6.038451653209596 0
39.45511625009151 5.982432611019179 0
46.28999417658806 7.113820579044246 0
36.59222056958875 8.479513548245633 0
36.74622305635249 8.534332595775387 0
46.63909865604898 8.677701502139513 0
46.63817762900988 8.504020811908436 0
40.90447020502043 8.654813514836878 0
44.07499491389913 7.765949800180104 0
44.24430375179578 7.772091322870374 0
46.98494607654742 9.549627833248367 0
41.19922402601291 1.568274284647968 0
41.37512403499978 1.56851214227518 0
36.11211406338971 1.729737105358297 0
36.29496900761781 1.561049514305984 0
35.93520520990764 1.555289211613301 0
36.11508710876273 1.558169362959643 0
44.83135178287866 12.1727142920116 0
44.72696016311818 11.99639027475827 0
44.56002265179156 12.10893920564847 0
44.69554161512685 12.14144429095819 0
43.15655936808568 11.10537328118446 0
43.36031828027842 11.01561632831333 0
43.06381118034684 10.89143195910742 0
43.21206473031263 10.95352414371037 0
45.4053877043756 1.569804239990842 0
45.58079994643474 1.569240592745907 0
36.05454898198746 4.0947586669719 0
36.05243183925806 4.261796346911979 0
40.76132224007674 6.27838114039772 0
40.63910571600798 6.591601821549938 0
40.70021397804236 6.434991480973829 0
41.02365266219203 1.568134964113483 0
45.23111323230957 1.744128084923052 0
45.22968795878123 1.570328443088356 0
35.71665863072657 3.752113008590201 0
35.88964006423333 3.588897382712138 0
35.71836196314742 3.584571870473153 0
39.76938445052775 6.986794430620882 0
39.55327880429383 7.08561816705277 0
39.70700677461651 7.142257868608212 0
42.25515964491766 3.642383177191218 0
42.43420263520603 3.644778473299541 0
44.42436205159283 8.455887067139244 0
44.60091972636657 8.631164446504888 0
44.59554069625044 8.461310754685599 0
40.87769975645503 5.965680768784038 0
40.9773064682509 6.181647924806209 0
40.81951099826588 6.12203095459088 0
36.47377721813537 1.562917167385814 0
36.72085113822968 4.780514235219438 0
36.89660817885461 4.618073507913302 0
36.73250193855694 4.447756582746781 0
36.55674489793201 4.610197310052918 0
36.72667653839331 4.614135408983109 0
42.70311242853245 6.696825514863663 0
42.87381264704347 6.873091785845227 0
43.03836618768894 6.72110763792436 0
42.87073930811069 6.708966576394012 0
39.38439116084515 8.977336589125475 0
39.173907471129 9.075758913092674 0
39.32758016263965 9.132917121153545 0
43.90939955196011 7.924274571219856 0
43.73560798824005 7.753021167969155 0
43.90530145106959 7.759485484074629 0
35.55719043016602 2.567950299294357 0
35.3851643227252 2.394383884612384 0
35.38371234263951 2.564061792578744 0
41.09384171242132 5.891366126596547 0
40.93986823408204 5.809479366303556 0
46.22471721567409 12.35589678846092 0
46.09373587216365 12.20240345193033 0
46.08323289232671 12.34549266029628 0
36.22834875452506 3.933553123515245 0
36.05949480105586 3.761833363160464 0
35.88569502851826 3.923038906617119 0
36.05702189152166 3.928296015066182 0
36.40622448236881 7.566258786936076 0
36.29838169722856 7.871773075023829 0
36.35230308979868 7.719015930979952 0
39.07750584907114 8.86329459195245 0
39.0205256483903 9.018763461436707 0
35.86168614250148 8.570495321957409 0
36.07332073423206 8.47363406946657 0
36.01523689491073 8.622325478799613 0
41.29283350876804 6.296687884772917 0
41.19382807587823 6.083483874911154 0
41.13506998850947 6.239167904789563 0
41.61278229572406 7.667533160539264 0
41.73339067414677 7.353874649150455 0
41.52045243364184 7.453999489723438 0
41.67308648493542 7.510703904844859 0
36.36409445095564 5.453762578122319 0
36.53680981049897 5.287332761754881 0
36.3697162127663 5.283053376962533 0
34.8659295027762 2.894672503235134 0
34.6953204874653 2.723677172152502 0
34.69488754645781 2.893038730305051 0
35.036579102286 3.066274125348953 0
35.03725105455415 2.896923700929331 0
36.38711404270832 4.605390371265062 0
42.32729157858822 8.110341399565868 0
42.22817237262704 7.893524719643791 0
42.01707644291615 7.99551845120178 0
42.17218401075219 8.052929925383824 0
43.4940128560783 10.19187356738327 0
43.29069800473709 10.27852573200103 0
43.58353589965061 10.41054006159994 0
43.43711695219385 10.34453289680048 0
46.96138318719984 11.12481193155984 0
46.97447569446288 11.29185387007452 0
41.70941404114745 7.882455602645975 0
41.55559128901559 7.825349138681451 0
46.7371582444263 12.3791587821666 0
46.49179007409906 12.37883587588412 0
46.61447415926268 12.37899732902536 0
42.96884898626516 10.67724195895641 0
42.85551615144507 10.98423908119054 0
42.91218256885512 10.83074052007347 0
40.20215225991546 7.681980901176106 0
36.06672561591001 6.986881656812915 0
36.18931890055823 7.177892131312744 0
36.38892580721868 7.050097066164183 0
36.26633252257045 6.859086591664354 0
36.22782571156434 7.018489361488548 0
41.21542026686625 7.341696552603754 0
41.12543608599958 7.129751940219007 0
41.06200149630588 7.285073997385492 0
45.35096394727725 11.51941075344365 0
45.20277307256143 11.64106002343282 0
45.45435144637209 11.68697650140157 0
45.32856225946675 11.6640182624172 0
38.18249795631175 7.471093819628263 0
38.29920162240481 7.159001145756337 0
38.0872630671998 7.259266469542663 0
38.24084978935828 7.3150474826923 0
44.94745196337819 8.986555137910774 0
44.76663598165237 9.169263145295057 0
44.94683688479688 9.354391505676066 0
45.12765286652269 9.171683498291783 0
44.94714442408753 9.17047332179342 0
35.71515297909922 3.919660888433727 0
43.55210065641031 7.246527370850259 0
43.3793639546699 7.07190377235403 0
43.55058023279079 7.078847162292261 0
34.49595871803271 8.338833324995431 0
34.32750101579782 8.440457722695548 0
34.59643172465953 8.497123010225327 0
34.46217088688768 8.467820372200041 0
45.05710563049098 1.918394987565953 0
45.23263633161047 1.917682136547958 0
37.96241330839847 4.674624922005545 0
38.15267060620945 4.479980490508379 0
38.15253133885962 4.652257269953694 0
34.01934644869255 0.6858901341491519 0
34.02088997248136 0.5146652837308086 0
42.95151404908972 11.19679131685293 0
43.0474506282338 11.40838764327756 0
43.25249594722977 11.31696960760909 0
43.10200499815974 11.25688046223101 0
44.88301458308003 2.092576639110169 0
44.88129051617768 1.918883214060965 0
44.9941753903676 12.05349809878762 0
44.9683906579716 12.20022084414867 0
33.83191259751275 7.315845092987701 0
33.66595629875637 7.312922546493851 0
34.695778205007 2.554263026069462 0
46.44902613153192 10.89516440023413 0
46.59957152518926 11.09273453390377 0
46.79021845897036 10.94518868991117 0
46.61962229525113 10.92017654507265 0
38.28010434048142 7.683418197090742 0
38.1262609340619 7.627480682647915 0
45.53738104664637 12.14073671866434 0
45.52126256134093 12.28931852564041 0
36.50643329510588 7.255818917902303 0
36.29870359342439 7.366198928208175 0
36.45632888873734 7.411038852419189 0
46.31229418929661 10.05813732323498 0
46.14763584959634 10.22347367870925 0
46.31464718735457 10.39788876032465 0
46.31347068832559 10.22801304177982 0
36.59643632385011 6.930653107322746 0
36.55143480947799 7.093236012612524 0
35.0353393264426 3.404547220656499 0
35.03466426267165 3.573504861613213 0
43.85247158445917 9.27527681129334 0
44.07515140803172 9.189229664504394 0
43.75888890262105 9.062467276534022 0
43.91702015532638 9.125848470519207 0
43.55174683190805 9.136607301751109 0
43.67870042691949 8.847386755525799 0
43.61522362941377 8.991997028638455 0
43.08273990453351 10.36960289461719 0
43.19667243173083 10.06117975176397 0
43.13970616813218 10.21539132319058 0
43.14606525733822 11.61781391436278 0
42.99301259392642 11.55953235042039 0
45.45311663143986 8.830798112132724 0
45.79090302293086 8.837671904440738 0
45.62200982718536 8.834235008286731 0
43.60964630272957 9.88523520834938 0
43.40513951801311 9.970693977035445 0
43.69851964079476 10.10641479869721 0
43.55182957940393 10.03855438786633 0
38.78345095452629 8.223080179997078 0
38.68503851172862 8.009643610272654 0
38.62986244842899 8.166255111810909 0
44.53562316466304 2.440581506475628 0
44.70929828320993 2.266585564216606 0
44.53348100105919 2.267046216934951 0
44.8848318698696 2.265976638022448 0
43.72837856864761 9.578306572553046 0
43.52156138540114 9.662048749684153 0
43.81646348597604 9.801493031218273 0
43.66901243568859 9.731770890451212 0
43.02579444539933 10.5234224267868 0
44.77431026314517 8.806288271423103 0
45.11348911849561 8.822823514313823 0
44.94389969082039 8.814555892868464 0
39.10154764516823 1.913453983332839 0
39.27773269210711 2.086557270606461 0
39.27700085571445 1.913605716855071 0
38.56121781933134 3.797456674719808 0
38.74494011222251 3.625635775168337 0
38.57128266293283 3.457563709146312 0
38.56625024113208 3.62751019193306 0
46.98077696259057 10.76144832491612 0
46.9710800748952 10.94313012823798 0
45.04609512494684 11.76569445734184 0
44.88836808866381 11.88506158344141 0
45.02013525765722 11.90959627806473 0
38.58708183838357 7.796083785633253 0
38.7406731744383 7.852836361629498 0
43.64158486942429 9.355525780560701 0
43.9392652836825 9.498057603285684 0
43.79042507655339 9.426791691923192 0
34.01656160858365 1.026211506819662 0
34.18732751223246 1.197625278207715 0
34.01517685406341 1.195520010504572 0
38.73362530614354 3.964790984788703 0
38.54074686435938 4.136563156561176 0
38.55098234184535 3.967009915640492 0
39.28674161820658 8.764074745719132 0
39.44055934067396 8.821203432217906 0
39.18921245434856 8.550954346719172 0
39.09097143340908 8.33730050925934 0
39.24478034077067 8.394338024138957 0
45.44977825222867 11.20490319766295 0
45.26311101647132 11.34448658381802 0
45.40037109975296 11.3621569755533 0
44.46308988448261 11.92775177529454 0
44.2913718994685 12.03376177466324 0
44.42552977187419 12.07196245484019 0
45.94787887167763 7.6300636955101 0
45.94713853243992 7.457057947415946 0
46.64144812666277 9.025805303263805 0
46.47214970977296 9.198184683884588 0
46.64242601795597 9.200091320071529 0
39.13335915170985 8.70712446933581 0
35.0359592143643 3.235410673002726 0
38.92655611673897 2.086252339743064 0
38.92585302436976 1.913386324932602 0
43.42869578304533 9.441725263028399 0
43.49022130747669 9.289166282389754 0
34.36275171830394 1.030088626830528 0
34.35798819027016 1.368844789856649 0
34.53341239634163 1.201308138479461 0
34.36036995428705 1.199466708343588 0
45.94991782465578 7.976153186865909 0
45.95122750191472 8.14931928286809 0
43.31157981274758 9.751496438419206 0
43.25412612223921 9.906338095091588 0
35.98274394296202 7.293329340530376 0
36.14072376819321 7.329764134369276 0
43.37013779789646 9.596610850723803 0
45.94889834816671 7.803108441188004 0
46.14397292531572 9.881670788494988 0
46.31082879685755 9.885933650941876 0
45.98131944014982 10.38444780199609 0
45.98060856238908 10.04577417072229 0
45.98096400126944 10.21511098635919 0
34.83395002784245 6.286902445298118 0
34.5012956625897 6.29100520211446 0
34.66188235261825 6.459312035084487 0
34.66762284521607 6.288953823706289 0
46.46937960834701 8.849948321935521 0
46.64027339135588 8.851753402701659 0
34.99251741436348 6.455987873488785 0
35.16595180429046 6.28644023678179 0
34.99995091606645 6.286671341039954 0
46.98381418139554 10.58733856565564 0
38.51233023712686 7.058768999061884 0
38.72526419137628 6.95897982830321 0
38.66532382092797 7.114832716799629 0
34.19113187333469 0.8580896946711407 0
34.0179540286381 0.8560508204844064 0
34.21986472744658 8.282216941692617 0
34.05754801018391 8.393198776053724 0
34.19267111329117 8.415847828913321 0
34.77452738980632 8.403807178175663 0
34.86558930717547 8.568249079617281 0
34.73127222823528 8.53172989504198 0
37.99228865843664 7.048084473125279 0
38.20576028899823 6.947397386511109 0
38.05335168524091 6.89261356083763 0
37.43006070423791 5.802890578161384 0
37.66029104914715 5.696441899908675 0
37.58503914019901 5.489859391409174 0
37.50754992221846 5.646374984785279 0
34.53943797280765 0.8615986677420997 0
34.36528492307117 0.8598441812066202 0
36.23471127656484 3.600860905151931 0
36.06485653974232 3.427924924703605 0
36.06217567039909 3.594879143932034 0
44.18857986073633 2.788095259089624 0
44.36217316171096 2.614424521413245 0
44.18621858433023 2.614719637362327 0
35.49807141911241 6.290531299502817 0
35.32244695353403 6.457574903941831 0
35.33201161170143 6.288485768142303 0
45.96325465414262 9.013644452878866 0
46.12934812658585 8.844203187298842 0
45.96012557475835 8.840937545869789 0
44.53776642507776 2.613904598658584 0
44.22587565626634 9.649469985686899 0
44.30019723911013 9.865990389106422 0
44.49342078773257 9.797360540534145 0
44.41909920488878 9.580840137114622 0
44.35964822199945 9.723415263110521 0
37.93339753983694 7.203957273905872 0
36.42448887406659 3.102603209476062 0
36.24199634068903 3.265730014339126 0
36.41418973898755 3.439974931860615 0
36.41933930652706 3.271289070668339 0
38.93721119396768 8.28019034462821 0
35.21311081036789 2.22132156949434 0
35.04245735451106 2.050279700936272 0
35.04087226164872 2.219366855805458 0
42.53836479511043 8.011349153084616 0
42.63896586148009 8.228539235830647 0
42.48312872003416 8.169440317698257 0
34.3567244904842 1.537406570978658 0
44.57699819691118 10.00576952129787 0
44.78980711913896 9.922428727923345 0
44.64161395343577 9.859894634228745 0
42.79909618448838 11.13734177795372 0
35.90054799454817 2.916706110223928 0
35.72995755484004 2.74267688223813 0
35.72677014164671 2.911586549745641 0
43.8418429885005 3.134682356869879 0
44.0152883544166 2.961622733474207 0
43.83916133873446 2.961581660307475 0
41.86324524203179 7.938987026923877 0
35.05760302678054 8.4816557734682 0
35.13484235111463 8.653077398405053 0
35.00053381486889 8.609724302906608 0
41.42968604185633 7.24181964486389 0
41.36793635025404 7.397848021163595 0
38.43359308943249 7.739750991361997 0
34.71032956743023 1.033441129635913 0
34.7140056284199 0.8628042227494372 0
35.97656522321156 8.27460220099934 0
35.87785851063311 8.081373327970603 0
35.66793565077582 8.183749796275523 0
35.76664236335426 8.376978669304261 0
35.82225043699368 8.22917599863743 0
45.27179033400056 8.309843857825673 0
45.26948970096173 8.137814664305985 0
46.84185497005147 12.23852294670266 0
46.97969672562516 12.35936416453606 0
46.85842748502574 12.36926147335133 0
39.10304504741377 2.258734216539139 0
39.27832370618825 2.25902826880398 0
44.1909708514745 2.961303041485829 0
33.9968221955168 7.478205796837779 0
34.16971161298397 7.608541773078093 0
34.00994867351127 7.637905949496107 0
35.21786164440188 1.883057014024412 0
35.04662827840488 1.712409382140231 0
35.04454281645798 1.881344541538252 0
46.35896831510978 12.23727036230141 0
46.35824234460266 12.36800070634183 0
41.20107968276152 2.261282380898639 0
41.02505324637882 2.261063928825078 0
38.57596165201765 2.431038909133986 0
38.75119257927091 2.258505922279117 0
38.57561436481202 2.258692335140334 0
44.19852098547382 11.84642413937328 0
44.02202357047396 11.9475084464271 0
44.15650854220478 11.99124072129493 0
45.84593178404523 11.8783808887495 0
46.01109181384898 11.7606683031818 0
45.73765560769534 11.69485602106416 0
45.87437371077216 11.72776216212298 0
38.92768150994571 2.430987799075191 0
38.92711881334234 2.258620069409128 0
43.34859752548529 11.52651162331614 0
43.44970439972577 11.73420466648836 0
43.297884828532 11.67600929042557 0
36.0711929448525 3.091577837197081 0
36.0680247422974 3.259751380950343 0
43.4959528954749 3.479751281675774 0
43.66899249497128 3.307409626288949 0
43.49283303323983 3.307052257561433 0
43.84466857769725 3.307527901243568 0
34.1170912039043 8.13012980091734 0
34.3877905800044 8.176008430407609 0
34.28501705646212 8.023921289632334 0
34.25244089195435 8.153069115662475 0
43.21005146212563 6.894902885112706 0
43.20737977102814 6.729605842525515 0
34.33055007246922 6.464423581555693 0
34.33466279608159 6.292782056435046 0
45.27860393780435 8.653902054365751 0
45.27519713590245 8.481872956095712 0
43.7411363973587 11.34851174650042 0
43.93534782789661 11.26317166910901 0
43.84523345943542 11.05510895756762 0
43.65102202889752 11.14044903495902 0
43.79318492839706 11.20181035203401 0
44.21079441579593 11.38161897294582 0
44.28703145755577 11.56758319202497 0
44.45541843161629 11.48927912319116 0
44.37918138985646 11.30331490411201 0
44.33310642370611 11.43544904806849 0
34.56347985434199 8.069093279928524 0
34.6716479923703 8.231918174516345 0
34.52971928618735 8.203963302461977 0
36.28423929372877 8.373574759705878 0
36.43822993165875 8.426544153975756 0
41.37750032889728 2.261794526901546 0
38.57387940432375 3.116682241512899 0
38.75040186099741 2.94499732385433 0
38.57539490703826 2.774518477629765 0
38.574637155681 2.945600359571332 0
45.96825974376452 12.04214369611492 0
45.69150838155315 12.00918924109552 0
45.82988406265883 12.02566646860522 0
43.21123577894782 7.223735898627405 0
43.04192328640356 7.04673501138608 0
43.21064362053673 7.059319391870055 0
36.25303262709934 2.927675289633918 0
36.08238767679502 2.752803562660767 0
36.07679031082375 2.922190699928923 0
45.28800181213113 8.999719572080798 0
45.30484932971667 9.346817782046818 0
45.2964255709239 9.173268677063808 0
38.35904526306254 7.003083192786496 0
38.7513658599875 2.602500380626415 0
38.92728496047347 2.774358272344094 0
38.92748323520959 2.602673035709643 0
38.939470758395 6.85925626782455 0
38.78572827037303 6.802889542599584 0
45.09895488116729 11.47431589741193 0
44.94227693355269 11.59895033132095 0
45.07252500305707 11.62000517737689 0
43.54828873263997 11.43725407189795 0
43.45218715438446 11.2277120561909 0
43.40039233993487 11.37711183975352 0
46.1249421496119 11.91448338155195 0
46.25041827801103 12.07474313736737 0
46.10933901088778 12.05844341674114 0
43.14863618443501 3.822733353809153 0
43.32293564695794 3.651514356414409 0
43.14592023924387 3.650715065167501 0
41.5507410159614 2.95057714438182 0
41.19794634644018 2.949793554399794 0
41.37275227232143 3.121333770410099 0
41.37434368120078 2.950185349390807 0
46.17052458162289 11.63319624529773 0
46.1477333656174 11.77383981342484 0
44.12544228243116 11.18075246504935 0
44.02069996126138 11.46403817700548 0
44.07307112184627 11.32239532102741 0
36.18748378270826 8.174542891238648 0
36.13040225847016 8.324088480352609 0
43.49898985381925 3.652091730280023 0
43.6430974912554 11.64238347739754 0
43.83594515597412 11.553641152 0
43.69211694430705 11.49544761194898 0
45.57285909169818 11.84446527520906 0
45.55512006917228 11.9926009969367 0
37.23679002925519 4.62645537154711 0
37.39514021707884 4.803381121367016 0
37.58364167284198 4.645752487707671 0
37.42529148501833 4.468826737887765 0
37.41021585104858 4.63610392962739 0
41.72629955257988 3.123138533821074 0
41.72775602444065 2.951890955419448 0
39.46206160321537 6.873499094312219 0
39.67817386897536 6.774460466312879 0
39.52395644668398 6.717506002577001 0
46.39346595883157 12.09815312978636 0
47.23825708661393 12.34294020442722 0
47.0929538122391 12.20230436896328 0
47.10897690611955 12.35115218448164 0
35.14732813759439 6.622674618370857 0
35.29793844771565 6.789020243578318 0
35.47305726365529 6.623920529149293 0
35.31019270062485 6.623297573760075 0
41.02251420142318 2.950020458878672 0
35.22363307944153 1.544820650247209 0
35.05184529488129 1.374546456864575 0
35.04923678664309 1.543477919502403 0
46.3122061001346 10.72853434136301 0
46.15116167375849 10.55662424442483 0
46.31342664374459 10.56321155084383 0
45.80047733227703 10.56315445319612 0
45.97031956588572 10.73533089562486 0
45.97581950301777 10.55988934881048 0
36.08820759037041 7.97515622276595 0
36.24293273996841 8.023157983131238 0
46.20502889571875 11.33055436350363 0
46.18777673867082 11.48187530440068 0
34.49108982950837 6.632887040760455 0
34.64921741396707 6.80017867448344 0
34.82000993707695 6.626603668807473 0
34.65554988329266 6.629745354783964 0
43.55766748731289 7.579412492390381 0
43.38232118981914 7.404540320361566 0
43.55488407186159 7.412969931620321 0
43.74916279506802 11.84851566841595 0
43.5994335973969 11.79136016745216 0
41.40058966155422 5.984714520721472 0
41.30060329809731 5.792596772406864 0
41.24721568698777 5.93804032365901 0
37.20968269708399 4.952968168119156 0
37.35404576829183 5.130027198872359 0
37.53950328828667 4.980440152120218 0
37.37459299268534 4.966704160119687 0
45.28330287496774 8.826810813223275 0
38.57567827952796 2.602778693381875 0
41.72103611742325 4.486249194908697 0
41.54431001149984 4.656371927341101 0
41.7336149270116 4.832060993506737 0
41.91034103293501 4.661938261074333 0
41.72732552221743 4.659155094207716 0
38.05314620140988 6.006120641425539 0
38.1747583169176 5.695795235047281 0
37.96255187124225 5.797886294523673 0
38.11395225916374 5.85095793823641 0
39.24692570782022 6.972477348903887 0
39.40010225605702 7.029047757978328 0
37.07662629775582 4.457644880711094 0
37.26191980978982 4.297200476151456 0
37.0970655475405 4.127769568684475 0
36.9117720355065 4.288213973244114 0
37.08684592264816 4.292707224697785 0
34.88066606920493 1.204246249082541 0
34.70703923277328 1.202777193781001 0
37.75188704474313 5.904026376560969 0
37.87095587564628 5.590301817871379 0
37.81142146019471 5.747164097216174 0
36.74453284232996 4.118119782950886 0
36.92837807614961 3.95711493902503 0
36.57509633304469 3.946489935766041 0
36.75173720459715 3.951802437395536 0
43.55915315479149 10.92835330708145 0
43.50567015458797 11.07803268163617 0
33.94087877199451 8.227541225049769 0
33.78338128158761 8.35415051703999 0
33.92055281321993 8.372687254805857 0
35.73652141685063 2.403181846853806 0
35.90928854152465 2.57790842979758 0
35.73323948584533 2.572929364545968 0
43.95291922015613 10.75963209103101 0
44.14880636792923 10.67629697345005 0
44.0630936475202 10.46088793374489 0
43.8672064997471 10.54422305132585 0
44.00800643383816 10.61026001238795 0
41.20097035314082 5.319075889362949 0
41.36377399540007 5.489739047021266 0
41.53636414728322 5.342637420372052 0
41.37356050502397 5.171974262713735 0
41.36866725021202 5.3308566548675 0
36.40607604454249 3.774113333055277 0
36.41013289176502 3.607044132457946 0
44.23463614648028 8.628258960816996 0
44.05654531710688 8.444413819710073 0
44.24045368434985 8.450150443424658 0
35.77593280586869 7.88770601659456 0
35.93207019811955 7.931431119680255 0
39.27107754364356 4.135915228494982 0
39.27824869002002 3.797216005178426 0
39.09588354347696 3.964242401923149 0
39.27466311683179 3.966565616836704 0
45.59600352703372 11.69091626123287 0
42.79845316300415 4.163028249290793 0
42.97434430428969 3.993292461355745 0
42.79560804842587 3.991639889521444 0
38.74893056132495 3.285910931462623 0
38.92534701435937 3.455967919618886 0
39.10253014799417 3.286026533326372 0
38.92611369495974 3.115969545170109 0
38.92573035465956 3.285968732394497 0
43.02465572119127 7.379117374659003 0
43.19574113206258 7.559921796393164 0
43.2034884555052 7.391828847510284 0
37.05677191035397 4.786883998749317 0
37.0666991040549 4.622264439730206 0
36.10433235363514 2.07203629934903 0
35.9183710446319 2.23787806325004 0
36.09390754937041 2.413025857886163 0
36.09911995150278 2.242531078617596 0
46.30127468801274 9.020610346073161 0
46.13446877884245 9.190478272663549 0
46.30330924430771 9.194331478274069 0
41.36354892458659 4.485431109802311 0
41.53782739507626 4.313051915957949 0
41.36156951901144 4.143742657657612 0
41.36255922179902 4.314586883729961 0
36.73851739044345 4.282938182848834 0
41.37041725888668 4.829327621644937 0
41.36698309173663 4.657379365723624 0
42.48124608753563 5.194622106741835 0
42.31080225013516 5.369631336972933 0
42.4894569087115 5.36852657863797 0
34.97482066030787 6.793290413689544 0
34.98366903733567 6.624639143589165 0
45.15479403380547 11.17510914077373 0
44.99063789850144 11.30493845436764 0
45.12687445748638 11.32471251909283 0
41.55073231353477 5.001801496383441 0
41.37198888195532 5.000650942179336 0
39.09534060749348 4.616156788625503 0
38.90070031122796 4.46903639466797 0
38.90778328722231 4.635423707848099 0
41.53731442091652 3.972226809779014 0
41.363771239991 3.803112194121456 0
41.36267037950122 3.973427425889534 0
43.15469078630957 4.166061121569994 0
43.1516634853723 3.994397237689574 0
38.92092942112122 3.795186740444388 0
38.90857942849929 4.133846646267464 0
38.91475442481025 3.964516693355926 0
43.17404191431326 4.853741247479551 0
43.00565344741641 5.025044995629918 0
43.17851136324807 5.026411793678467 0
43.92671569930958 11.75096862307774 0
44.11147050459684 11.66136564808322 0
43.97370783028548 11.60750340004161 0
42.45481123978239 7.776514425704192 0
42.28713950907121 7.72998102397524 0
36.40172254378488 3.940021529640643 0
44.32149608971814 11.10098240935256 0
44.23670808996138 10.89205631917424 0
44.0406542826744 10.97182637487102 0
44.18107518619627 11.03640439211179 0
42.98269215777049 4.336478350684583 0
43.16350053351572 4.509385594304337 0
43.15909565991265 4.337723357937166 0
33.99217130984766 7.14733665338746 0
33.99449675268223 7.312771225112619 0
35.56220179380814 2.228378104371371 0
35.39014828145083 2.055315789253328 0
35.38765630208802 2.224849836932855 0
38.92669932771661 2.945163908757102 0
43.88538254105129 11.89861054580926 0
43.75749839691715 10.8429146737276 0
43.89907633979577 10.90737052429932 0
44.43315019043535 10.80807909841377 0
44.3452484684032 10.59231975268959 0
44.29097827918229 10.74218803593191 0
45.61700545410686 10.69213484144128 0
45.46655563375091 10.48394863154408 0
45.63351648301398 10.5235515423701 0
39.27925856313378 3.457523615867952 0
39.27886801961805 3.287339040909467 0
46.29936386746643 8.847075754617181 0
44.63381601803361 10.71426349296082 0
44.82439910684462 10.62187820131825 0
44.7303306776502 10.41560724948431 0
44.53974758883918 10.50799254112688 0
44.68207334784191 10.56493537122256 0
44.91044945899525 10.34303291292485 0
44.83346915597193 10.14426587256574 0
44.65335037462689 10.2168402091252 0
44.78189991681107 10.27993656102502 0
44.37408193843275 11.75264168331503 0
44.2427762215148 11.70700366569912 0
35.55591413804073 8.47339008250629 0
35.70880014027111 8.521942702231851 0
41.73831797283031 5.182336682010558 0
41.71652495316706 5.547086737638404 0
41.91847877871415 5.386785999276911 0
41.72742146299868 5.364711709824481 0
43.56786812644987 7.910619656899578 0
43.38992762552272 7.737010981320805 0
43.56276780688138 7.74501607464498 0
39.26657853554209 4.469619713672262 0
39.08895854373789 4.300148639707556 0
39.26882803959282 4.302767471083621 0
39.09319823310761 6.915866808364219 0
44.92965708054208 10.81124909334066 0
45.11476158339846 10.70621238827723 0
45.00950360970101 10.51684149625482 0
44.96958034512155 10.66404529479774 0
45.17983217227982 10.43150482605745 0
45.04514081563753 10.38726886949115 0
44.10001875673559 9.944661173696989 0
44.17859096491096 10.16168296863214 0
44.37876944728549 10.08301218404157 0
44.23939410201054 10.01383667886928 0
40.5119236246494 6.903110942915498 0
40.7302050490803 6.804634324226931 0
40.57551467032869 6.747356382232718 0
35.23073332729402 1.205939936364838 0
35.05569969824948 1.205093092723689 0
35.1587639640446 8.20613442801279 0
35.35969012025406 8.098027257514824 0
35.24922979146991 7.905178004966391 0
35.04830363526044 8.013285175464357 0
35.20399687775726 8.055656216489592 0
44.26062250456523 10.37841008343161 0
43.98106210786593 10.24416081894542 0
44.12084230621558 10.31128545118852 0
43.78166272555772 10.32663701169363 0
43.66907967383998 10.62812610123216 0
43.72537119969886 10.47738155646289 0
41.94206813479832 7.253626197166126 0
41.84951797128117 7.044809924514989 0
41.64084051062962 7.145058376499318 0
41.79145432271397 7.199342286832722 0
40.29445318550865 7.001539519434006 0
40.44777576309126 7.058262808757615 0
42.65912032081966 7.69898180987648 0
42.74267387614768 7.933816537256904 0
42.59874255796504 7.855165481480548 0
47.21040483310144 12.02380423004569 0
47.04951367426175 11.89274894529371 0
46.93206265339941 12.0712490842113 0
47.07123374325042 12.04752665712849 0
42.80967876050079 4.506168065573007 0
42.80406596175247 4.3345981574319 0
33.64987428576367 8.180186109381765 0
33.6417200644674 8.341084374986757 0
33.83268975308813 8.025329669718639 0
33.66634487654407 8.00766483485932 0
45.97022686897589 9.359330154364011 0
45.96674076155925 9.186487303621439 0
35.56925231068531 1.888724312775528 0
35.74405142158941 2.063074320767606 0
35.92715432967185 1.896958074958551 0
35.75235521876775 1.722608066966474 0
35.74820332017858 1.89284119386704 0
38.57258103362829 3.287122975329606 0
39.98643474735285 6.887914953657992 0
39.8323043081641 6.831187709985436 0
44.79159113660806 11.71543235683862 0
44.63018321106243 11.82676104815548 0
44.75927564986312 11.85591131579845 0
35.34932298658606 8.569906858927046 0
35.28647912360645 8.704918208597967 0
44.45512162500121 10.2940828718689 0
44.51605991095619 10.14992619658339 0
44.40018504670221 10.44320131227924 0
40.84996120765682 5.359721549941802 0
41.02546578039882 5.339398719652376 0
42.11249486137987 5.192206712439844 0
42.11464051442465 5.378208668124921 0
39.27330594894746 4.785148385116038 0
39.44454387699606 4.638611310162797 0
39.26994224224477 4.627384049394149 0
43.61411641431573 10.7782397041568 0
42.82373993317771 4.850620467046699 0
42.6545599385849 5.021794604468838 0
42.83010669300065 5.023419800049377 0
34.9666121793547 7.128411711671907 0
35.13221020329682 6.954486975057262 0
34.80922263636575 6.96721515030419 0
34.97071641983128 6.960851062680725 0
35.65233908131503 6.465345491747582 0
35.6191235102393 6.79327998982306 0
35.79840532789903 6.63470495242135 0
35.63573129577716 6.629312740785322 0
40.14044396643075 6.944727236545999 0
42.08512655965664 4.492795353890477 0
42.10244624215442 4.838914684833887 0
42.27723176887606 4.669771777650032 0
42.09378640090553 4.665855019362183 0
44.84870959942985 11.44474847652144 0
44.85013097192008 11.13492303988797 0
44.84942028567497 11.28983575820471 0
42.99406253976198 4.680266187544748 0
42.63935615391652 4.676522345074957 0
42.81670934683925 4.678394266309853 0
41.54104896397189 3.632180068301116 0
41.71689714467583 3.804440767011492 0
41.89700622201896 3.636252387531705 0
41.72115804131503 3.463991688821329 0
41.71902759299542 3.634216227916411 0
41.55328105095313 6.936699519631802 0
41.75206520894005 6.855793449246267 0
41.67325330765784 6.649937847131466 0
41.61326717930548 6.793318683381633 0
41.36810252388136 3.462312407224402 0
41.54639570868998 3.291894284435251 0
41.3704273981014 3.29182308881725 0
41.03834605281715 6.918752428911086 0
40.88427555094872 6.861693376569009 0
35.74028641922002 2.233128083810706 0
37.34519609112039 6.129257634900198 0
37.54551296742849 6.010481957092807 0
37.22974382792981 5.921666255968774 0
37.38762839767915 5.966074106530791 0
38.29813922540508 5.393843102017927 0
38.5179042693625 5.3091723309731 0
38.42689750913046 5.117316994151373 0
38.20713246517303 5.201987765196201 0
38.36251836726777 5.25558004808465 0
41.62775404632345 6.415039820274403 0
41.77120937423471 6.51176156115651 0
45.32542645791439 10.00738956779219 0
45.48815762275831 9.849189797424255 0
45.33343319291663 9.674874389942678 0
45.3294298254155 9.841131978867434 0
42.22420793970498 6.823226733383021 0
42.37188535176072 6.671010355022574 0
42.19853075343108 6.503066736594525 0
42.21136934656803 6.663146734988773 0
36.32450431010453 6.518785034781969 0
36.53390223697465 6.347182385446325 0
36.37717583859185 6.148556127684895 0
36.16777791172173 6.32015877702054 0
36.35084007434819 6.333670581233432 0
36.69802104190882 5.456285274426208 0
36.51816807334236 5.618875490466917 0
36.86571672273365 5.644589112102616 0
36.69194239803801 5.631732301284766 0
44.54117526501257 11.65165095617597 0
44.50213257474759 11.78970136573525 0
45.47849301891508 9.515510056570895 0
45.64789685065341 9.691964091900218 0
45.80712471564676 9.527215867380079 0
45.64280886728093 9.521362961975488 0
37.67128731953608 5.183441108634688 0
37.89472110942917 5.044643528647929 0
37.76293707817977 4.841642572133459 0
37.71711219885793 5.012541840384074 0
41.34212658217983 7.033460787996374 0
41.49148354640473 7.089259582247846 0
35.83038591057806 6.300679832220531 0
35.66422866484523 6.295605565861674 0
35.39696567363635 1.716465537546612 0
35.57734879244945 1.549056964097938 0
35.40401619825462 1.377412076798534 0
35.40049093594548 1.546938807172573 0
37.637795207426 6.216561291260212 0
37.84416928474063 6.110105710728373 0
37.69484112608456 6.06029383391059 0
41.89875169921301 4.317675257789492 0
42.0757949143141 4.150710405827874 0
42.08046073698537 4.321752879859176 0
39.11463340303425 5.547559415360803 0
39.2617249532904 5.594384058571229 0
35.44367731533951 6.940132126291735 0
35.57570048720557 7.095295494997075 0
35.75114668210535 6.9484433585284 0
35.59741199872244 6.944287742410068 0
41.71554297686602 4.144477978838744 0
41.71828954714464 4.315363586873721 0
36.61079427320193 2.937350126917789 0
36.43933802623469 2.762422207075645 0
36.43191345015064 2.932512708275854 0
36.82108345433839 6.786532755373498 0
36.68777847575898 6.571158977955569 0
36.46313134527069 6.715279329904818 0
36.64210739980454 6.750906042639158 0
36.70798830033705 5.11608718591569 0
36.88107643559707 4.949475098890594 0
36.71441971928336 4.948300710567564 0
37.934983487861 6.318794817749181 0
37.99406484463544 6.162457729587359 0
42.46705436827642 4.84569771586688 0
42.45829396139629 4.673147061362495 0
36.8691995317469 5.285039698587017 0
36.70300467112293 5.286186230170949 0
45.97658720269578 9.704569911848655 0
45.81322283976913 9.868673294075951 0
45.97859788254243 9.87517204128547 0
37.04990538969575 6.681830287290554 0
36.98839326723332 6.854410830390155 0
45.15978950371822 9.506182115418602 0
44.98525612454739 9.535965536971084 0
42.17787388232205 7.153105927735483 0
42.36475451147851 7.021607501412197 0
42.03732731054853 6.954725159706308 0
42.20104091101351 6.988166330559253 0
44.73345689053286 10.94319173445764 0
45.0463311619293 11.00298039877099 0
44.88989402623108 10.97308606661432 0
34.96120790717416 8.302560298629942 0
35.25515908365098 8.385229902851048 0
35.10818349541258 8.343895100740493 0
36.34870940666472 5.786743316864811 0
36.35640192881019 5.620252947493565 0
37.48177622087676 5.292728414224341 0
37.77455023885832 5.38057208581952 0
37.62816322986754 5.336650250021931 0
41.19023631749849 6.97610660845373 0
39.62495543219883 4.814984459177315 0
39.62468961896928 4.646641170814696 0
36.1277054874043 6.662592296541504 0
36.29541841633749 6.688935813223161 0
36.26700668464078 2.58792099074935 0
36.08814761308271 2.582914710273465 0
37.61673185089128 4.306635090277096 0
37.45336017566277 4.135008828540786 0
37.43932583034055 4.301917783214276 0
37.28705208493222 3.965595196908515 0
37.10771508054091 3.961355067966772 0
44.44833804766512 8.78378337155816 0
44.27094733863409 8.807195017487482 0
41.72372879694746 3.293565111321201 0
36.97486097846387 2.943631211635657 0
36.7928276258329 2.940490669276723 0
37.15629908253173 2.945282604014742 0
42.07503581520778 3.810093661108062 0
42.07608293346831 3.639317782361461 0
44.01856321960867 9.722215598966262 0
43.89791902310297 10.023938605949 0
43.95824112135581 9.87307710245763 0
36.44699950544297 2.591869524909682 0
36.10822320851243 1.900886702353664 0
35.58478690406488 1.208785754611013 0
35.76019878358934 1.381738108744765 0
35.76316265925916 1.210720329794746 0
45.97340703583583 9.531950033106334 0
47.36325708661393 12.16932909331611 0
47.36912854330697 12.33466454665805 0
47.16129366547555 11.68147466520031 0
47.34714774648751 11.83364180339624 0
47.33064683273778 11.65670955482237 0
47.35520241655072 12.00148544835617 0
35.57723188275924 7.510242856365027 0
35.67413925303826 7.693549883825474 0
35.7851319754965 7.407367212863579 0
35.72963561426738 7.550458548344526 0
44.14657772034018 9.425311990006323 0
44.35734461699319 9.370836266729537 0
44.21624801251245 9.280032965616964 0
34.80277143318165 7.306683111576421 0
34.6426204297996 7.139361970533111 0
34.63712576905424 7.470301728726553 0
34.63987309942692 7.304831849629832 0
37.64684709552968 3.970172807909313 0
37.81170060147674 4.139552446414108 0
37.82632243886824 3.97079224960389 0
34.73853804401224 7.948242801105262 0
34.61328646624696 7.782113683658216 0
34.43822827657671 7.902964162481477 0
34.58838316029448 7.92560348179337 0
34.48261520740093 6.972325494712362 0
34.32201357867812 6.806231958782578 0
34.1567348099956 6.978006027589472 0
34.31967500869827 6.975165761150917 0
33.99389150143968 6.809140872469039 0
34.16147382163897 6.637768499577817 0
33.99628599938914 6.637709997255096 0
41.53215657219283 6.194685967437208 0
41.46029377754574 6.35586385252366 0
34.85832850973815 8.130671294970622 0
34.92851316953454 7.830856681598997 0
34.89342083963635 7.980763988284809 0
39.10133632325808 3.625518884894937 0
38.92313821774029 3.625577330031637 0
36.72340203908544 6.204199230561554 0
36.70559025742221 6.387679104258562 0
37.78311790306067 4.478734837579757 0
37.77302749062022 4.660188704856608 0
42.96039954958194 8.341766411663745 0
42.85323754176707 8.126671050666058 0
42.79968270553101 8.285152823747197 0
38.3906041206378 5.601095505656274 0
38.60748720166911 5.507308590448939 0
38.5432827572191 5.655320633790931 0
44.92288708230762 10.01480241989821 0
44.08257046997442 9.573763794486291 0
45.33053619878295 11.05397562689012 0
45.22207332690678 10.88184688488738 0
45.18843368035613 11.02847801283056 0
34.31955762196932 7.754280099916039 0
34.46656524379084 7.61431670823947 0
34.3181384283874 7.611429240658781 0
43.83979087433035 10.17528780882131 0
39.80022503322089 5.391194173660358 0
39.62044363798972 5.190739720412391 0
39.612909768247 5.364480749652556 0
33.99303140564367 6.97823876292825 0
38.65359129424338 5.002017949395074 0
38.7406336481996 5.226254625234205 0
38.97121022668431 5.165996382183978 0
38.81240076046385 5.084007165789526 0
41.89469625974429 6.905259304476287 0
41.89512570062531 3.976691936071223 0
42.07541536476094 3.980402033467968 0
35.98515616032259 6.483114687896972 0
35.99908191114989 6.310419304620535 0
38.08229342168489 5.488542831408934 0
37.98588778489693 5.278813099357076 0
37.9284218302716 5.434557458614227 0
34.78384699151037 7.638098704145298 0
34.62520611765061 7.626207706192385 0
38.83021658050622 5.424390884710044 0
38.67406042493435 5.366781607841571 0
35.56587553592423 7.993063927360055 0
35.46175023510565 8.288713126430292 0
35.51381288551494 8.140888526895173 0
45.65069023126372 9.858931545750103 0
35.40776011567945 1.207362845487926 0
46.28951428827301 11.03019109565744 0
46.15269425687571 10.86356103678632 0
46.30086019420381 10.87936271851023 0
46.74708949332731 11.95461216599646 0
46.87623222361769 11.79183919127373 0
46.71734192279386 11.6625943080493 0
46.73221570806059 11.80860323702288 0
44.69802380248521 11.56123050203911 0
44.57672111705075 11.52525481261514 0
37.46694959023095 3.967884002408914 0
37.24158988489317 6.407168603308518 0
37.14574763729446 6.544499445299536 0
45.59082905227133 11.08574121751414 0
45.47158699882561 10.93481364674131 0
45.46068262552714 11.06985842220213 0
35.46408198309381 7.798907794590969 0
35.62000739448125 7.843306905592764 0
34.32628182557367 6.635327770169136 0
37.06259695445939 5.793091283705891 0
37.0149333281084 5.436551160904247 0
37.0387651412839 5.61482122230507 0
34.64591892188334 6.969770322508276 0
44.62172858444372 8.958907196476375 0
44.61132415540515 8.795035821490632 0
43.31205833035636 8.455807974875864 0
43.20294137238253 8.231588603202669 0
43.13622893996915 8.398787193269804 0
34.99587956860161 7.478837937784887 0
35.14054574662578 7.671595915238585 0
34.96219636906807 7.654847309691942 0
43.1687712239145 4.681563420891944 0
38.72032119598936 4.302734401227879 0
38.90463986986363 4.301441520467717 0
37.03398722232709 5.115559268260433 0
37.04537956634054 4.951221633504875 0
39.03393282718448 5.352945734391885 0
38.97242499177023 5.485975150035424 0
34.81642794977223 8.267239236573143 0
35.75627700117855 1.552173087855619 0
42.29374051722715 5.018525218139877 0
42.47415022790602 5.020159911304357 0
35.3935569775436 1.88589066339997 0
44.58991952257281 9.299960460111915 0
44.50450936373079 9.440400298613268 0
43.0465659343903 8.034612395613536 0
42.89461990526899 7.984214466435219 0
36.36294262262829 5.967649722274853 0
36.92727629431023 6.162871442258752 0
37.15877252034051 6.220849734212796 0
37.08987745711906 6.080566368307027 0
37.04302440732537 6.191860588235775 0
39.2186526217536 5.108050065469648 0
39.41827026958216 4.987831037282963 0
39.24597928535053 4.946599225292843 0
41.71622006077092 3.974459372925118 0
39.62269953509427 5.002862089794853 0
38.23644877116134 5.544819168532604 0
44.60582405350826 9.129433828294145 0
39.96309718984079 5.46674527345795 0
43.39382149609779 8.09266723830623 0
43.7495351964227 8.066642681946075 0
43.57167834626024 8.079654960126152 0
41.48501205855435 5.669871816838933 0
41.33218864674869 5.641167909714065 0
39.2787536265769 3.627369810523189 0
42.21550662592331 6.185194611483745 0
42.05711719657943 6.046672497984538 0
42.20645955615488 6.04085810322878 0
35.35539793824968 7.565325704863162 0
35.30231386485979 7.735251854914777 0
35.3097231624041 7.394967515697632 0
35.53155710691366 7.339884667199497 0
35.44347752258167 7.452605186031329 0
41.36593688193618 3.632712300672929 0
42.53572275552159 6.520211679212748 0
42.53927502477158 6.84762419067349 0
42.53749889014658 6.683917934943119 0
43.61780840722618 8.639250107513574 0
43.46493336879127 8.547529041194718 0
44.53279106293459 11.03700733991059 0
44.5833035404841 10.8756354164357 0
43.86606862599487 8.567609641057315 0
43.77238452645718 8.707498198291557 0
37.17972101868859 5.267070730577663 0
37.02446027521775 5.27605521458234 0
42.88145455113171 7.197415624899186 0
42.71334391177162 7.023772399358332 0
42.87763359908759 7.035253705372206 0
42.10191086607881 7.311847605934059 0
42.53882339847854 7.19775571009704 0
42.53904921162506 7.022689950385265 0
45.31914126131665 9.510846085994748 0
38.34822267312452 4.308190786567231 0
37.97808665364612 4.311652193716769 0
38.16315466338533 4.309921490142 0
35.15972031477465 7.300566537880373 0
34.98124587397815 7.303624824728397 0
37.72375642407274 6.420475833907132 0
37.87376010975152 6.473740407414937 0
45.74328333095239 11.14042608096229 0
45.82665656130133 11.27987019707307 0
41.59605246163933 5.867472730417529 0
41.65628870740319 5.707279734027967 0
43.91637100903722 8.237382061464288 0
43.89121981751605 8.402495851260801 0
37.79740925226871 4.309143641996933 0
41.72761937227795 6.077444177133265 0
41.56410451691608 6.031079348927369 0
42.3679287456338 6.349937322652557 0
42.2070186896772 6.344130674039135 0
37.42801345567305 6.315576503995921 0
37.57588493987289 6.368026168951526 0
43.23744605810555 7.895691030717098 0
43.22019371524404 8.063639816959881 0
35.94095465498074 6.814182561065882 0
35.96305540765167 6.648648624481426 0
40.49237032691966 5.312028827392384 0
40.67116576728824 5.335875188667092 0
33.97489047849622 8.077729735317989 0
37.33074861978267 5.279899572401002 0
38.53427193455694 4.305462593897554 0
45.405764388085 10.77296488298448 0
45.29845264457668 10.59733038637434 0
45.26026298574173 10.73958863563086 0
41.92120058630714 5.012596179133854 0
42.10747055176714 5.015560698636865 0
38.0509267873011 5.123315646922064 0
35.27794907092068 7.105598857770678 0
35.28794375931817 6.947309550674499 0
42.53208073982991 6.359581402678378 0
44.82015036801896 11.58009041668003 0
36.92273058364864 5.951991396044144 0
36.82306631136704 6.078095313302849 0
44.45598622639552 11.1701611220113 0
45.83528234352853 10.90866846864626 0
45.99398830020212 10.88611475271629 0
41.73596644992095 5.007198837758647 0
41.89236828442869 6.062058337558902 0
35.87691764303462 7.121142454275432 0
35.90893614900768 6.967662507670657 0
37.29339298800678 6.268213119104358 0
35.40553661084585 8.42930999267867 0
45.34793516145404 10.31812307122719 0
45.32319390301537 10.45772672880076 0
42.63505478033757 7.515775121244136 0
42.73236879967621 7.307892484324184 0
42.58693908940806 7.356765415670588 0
34.30228733921572 7.889100694774187 0
35.67930567556909 7.235180326608635 0
35.42795191855014 7.199999835587938 0
35.55362879705962 7.217590081098287 0
35.83102480926556 7.264254833569506 0
46.39165646810999 11.20249849709989 0
46.24727159199588 11.18037272958054 0
45.68282806484747 10.85398360519811 0
45.54429622646624 10.81347424409129 0
38.48098792032393 4.963767603944988 0
40.33884024079392 5.287396007590366 0
46.79447223168938 12.09656755634956 0
46.72218763322113 11.53682108153134 0
43.21659359508407 7.727806413555131 0
42.87556996973576 7.489594234084002 0
42.76734514527771 7.594288021980241 0
45.33668080968421 10.16275631950969 0
47.01876294454662 11.73665692823702 0
42.87851226043374 7.343504929491593 0
43.91288528049866 8.080828316342071 0
39.12629272446904 5.230497899930766 0
46.54080381321496 11.23569356657305 0
35.29383611666239 7.250283186734155 0
37.07623720578923 5.936828826006459 0
45.71305569789993 10.9972048430802 0
41.90093044451189 5.801376660035883 0
42.34978987400486 7.44738156334189 0
40.07239741747964 5.245407261360508 0
44.34606298694559 9.070163175559601 0
44.7228755219351 9.596577678726728 0
43.61472194501113 8.334222328692938 0
44.00069533382828 8.860924360743805 0
46.94095633171291 11.52590005345846 0
34.06610791278613 7.866920524935847 0
45.06889413367131 9.811984231935805 0
46.59911458938561 12.16714793624796 0
46.74224896070522 11.31811587003571 0
45.95294632859179 11.48787192384252 0
38.95757414568787 4.882979380225264 0
41.07038362071384 5.591820104128816 0
38.19224746920651 4.905956500793654 0
36.64780571337123 5.922134637936172 0
36.9572616081371 6.402102686289799 0
45.61403807953085 11.4296514868034 0
42.95963244787806 7.744386883570062 0
46.02950725993808 11.12770870671669 0
41.9349682179168 6.308586956219511 0
37.29135794213247 5.53704444936635 0
41.9684641972429 6.676491700477058 0
44.63698200167011 11.30431052192204 0
39.33987470605896 5.364916484774888 0
45.10696257185541 10.17208868157672 0
0.3333333333333333 0.3516666666666666 0
0.3333333333333333 0.7033333333333336 0
0.3333333333333333 1.055000000000001 0
0.3333333333333333 1.406666666666669 0
0.3333333333333334 1.744444444444444 0
0.3333333333333333 2.082222222222223 0
0.3333333333333333 2.42 0
0.3333333333333333 2.757777777777777 0
0.3333333333333333 3.095555555555555 0
0.3333333333333334 3.433333333333334 0
0.3333333333333333 3.771111111111111 0
0.3333333333333334 4.108888888888889 0
0.3333333333333333 4.446666666666666 0
0.3333333333333334 4.784444444444444 0
0.3333333333333334 5.122222222222222 0
0.3333333333333334 5.460000000000001 0
0.3333333333333334 5.797777777777778 0
0.3333333333333334 6.135555555555555 0
0.3333333333333334 6.473333333333334 0
0.3333333333333334 6.811111111111111 0
0.3333333333333334 7.148888888888889 0
0.3333333333333334 7.486666666666666 0
0.3333333333333334 7.824444444444445 0
0.3333333333333334 8.162222222222223 0
0.6666666666666666 0.3633333333333333 0
0.6666666666666666 0.726666666666667 0
0.6666666666666666 1.090000000000001 0
0.6666666666666666 1.453333333333334 0
0.6666666666666666 1.788888888888889 0
0.6666666666666666 2.124444444444445 0
0.6666666666666666 2.46 0
0.6666666666666666 2.795555555555556 0
0.6666666666666666 3.131111111111111 0
0.6666666666666666 3.466666666666667 0
0.6666666666666667 3.802222222222222 0
0.6666666666666667 4.137777777777778 0
0.6666666666666666 4.473333333333334 0
0.6666666666666667 4.808888888888889 0
0.6666666666666667 5.144444444444445 0
0.6666666666666666 5.48 0
0.6666666666666666 5.815555555555555 0
0.6666666666666667 6.151111111111111 0
0.6666666666666666 6.486666666666667 0
0.6666666666666666 6.822222222222222 0
0.6666666666666667 7.157777777777778 0
0.6666666666666667 7.493333333333333 0
0.6666666666666667 7.82888888888889 0
0.6666666666666666 8.164444444444445 0
0.3333333333333333 0.1758333333333333 0
0.1666666666666666 0.3458333333333332 0
0.1666666666666666 0.1729166666666666 0
0.3333333333333333 0.5274999999999999 0
0.1666666666666666 0.6916666666666664 0
0.1666666666666666 0.5187499999999998 0
0.3333333333333333 0.8791666666666673 0
0.1666666666666666 1.0375 0
0.1666666666666666 0.8645833333333339 0
0.3333333333333333 1.230833333333335 0
0.1666666666666666 1.383333333333335 0
0.1666666666666666 1.210416666666668 0
0.3333333333333333 1.575555555555556 0
0.1666666666666667 1.722222222222221 0
0.1666666666666667 1.552777777777778 0
0.3333333333333334 1.913333333333333 0
0.1666666666666666 2.061111111111112 0
0.1666666666666666 1.891666666666667 0
0.3333333333333333 2.251111111111112 0
0.1666666666666666 2.4 0
0.1666666666666666 2.230555555555556 0
0.3333333333333333 2.588888888888889 0
0.1666666666666666 2.738888888888888 0
0.1666666666666666 2.569444444444444 0
0.3333333333333333 2.926666666666666 0
0.1666666666666666 3.077777777777778 0
0.1666666666666666 2.908333333333333 0
0.3333333333333333 3.264444444444445 0
0.1666666666666667 3.416666666666667 0
0.1666666666666667 3.247222222222223 0
0.3333333333333334 3.602222222222222 0
0.1666666666666666 3.755555555555555 0
0.1666666666666666 3.586111111111111 0
0.3333333333333334 3.94 0
0.1666666666666667 4.094444444444444 0
0.1666666666666667 3.925 0
0.3333333333333334 4.277777777777778 0
0.1666666666666666 4.433333333333334 0
0.1666666666666666 4.263888888888889 0
0.3333333333333334 4.615555555555556 0
0.1666666666666667 4.772222222222222 0
0.1666666666666667 4.602777777777778 0
0.3333333333333334 4.953333333333333 0
0.1666666666666667 5.111111111111111 0
0.1666666666666667 4.941666666666666 0
0.3333333333333334 5.291111111111111 0
0.1666666666666667 5.45 0
0.1666666666666667 5.280555555555555 0
0.3333333333333334 5.628888888888889 0
0.1666666666666667 5.788888888888889 0
0.1666666666666667 5.619444444444444 0
0.3333333333333334 5.966666666666667 0
0.1666666666666667 6.127777777777777 0
0.1666666666666667 5.958333333333333 0
0.3333333333333334 6.304444444444444 0
0.1666666666666666 6.466666666666667 0
0.1666666666666666 6.297222222222222 0
0.3333333333333334 6.642222222222222 0
0.1666666666666667 6.805555555555555 0
0.1666666666666666 6.636111111111111 0
0.3333333333333334 6.98 0
0.1666666666666667 7.144444444444444 0
0.1666666666666667 6.975 0
0.3333333333333334 7.317777777777778 0
0.1666666666666667 7.483333333333333 0
0.1666666666666667 7.313888888888888 0
0.3333333333333334 7.655555555555556 0
0.1666666666666667 7.822222222222223 0
0.1666666666666667 7.652777777777778 0
0.3333333333333334 7.993333333333333 0
0.1666666666666667 8.161111111111111 0
0.1666666666666667 7.991666666666667 0
0.3333333333333334 8.331111111111111 0
0.1666666666666667 8.330555555555556 0
0.6666666666666666 0.1816666666666666 0
0.5 0.3574999999999999 0
0.5 0.17875 0
0.6666666666666666 0.5449999999999999 0
0.4999999999999999 0.7150000000000003 0
0.4999999999999999 0.5362499999999999 0
0.6666666666666666 0.9083333333333341 0
0.5 1.072500000000001 0
0.4999999999999999 0.8937500000000007 0
0.6666666666666666 1.271666666666667 0
0.4999999999999999 1.430000000000001 0
0.4999999999999999 1.251250000000001 0
0.6666666666666666 1.621111111111112 0
0.5 1.766666666666667 0
0.5 1.598333333333334 0
0.6666666666666666 1.956666666666667 0
0.5 2.103333333333334 0
0.5 1.935 0
0.6666666666666666 2.292222222222223 0
0.5 2.44 0
0.5 2.271666666666667 0
0.6666666666666666 2.627777777777777 0
0.5 2.776666666666666 0
0.5 2.608333333333333 0
0.6666666666666666 2.963333333333333 0
0.4999999999999999 3.113333333333333 0
0.5 2.945 0
0.6666666666666666 3.298888888888889 0
0.5 3.450000000000001 0
0.5 3.281666666666667 0
0.6666666666666667 3.634444444444444 0
0.5 3.786666666666666 0
0.5 3.618333333333333 0
0.6666666666666667 3.97 0
0.5 4.123333333333333 0
0.5 3.955 0
0.6666666666666666 4.305555555555555 0
0.5 4.46 0
0.5 4.291666666666667 0
0.6666666666666666 4.641111111111111 0
0.5 4.796666666666667 0
0.5 4.628333333333334 0
0.6666666666666667 4.976666666666667 0
0.5 5.133333333333333 0
0.5 4.965 0
0.6666666666666666 5.312222222222222 0
0.5 5.470000000000001 0
0.5 5.301666666666667 0
0.6666666666666666 5.647777777777778 0
0.5 5.806666666666667 0
0.5 5.638333333333334 0
0.6666666666666667 5.983333333333333 0
0.5 6.143333333333333 0
0.5 5.975 0
0.6666666666666667 6.318888888888889 0
0.5 6.48 0
0.5 6.311666666666667 0
0.6666666666666666 6.654444444444445 0
0.5 6.816666666666666 0
0.5 6.648333333333333 0
0.6666666666666667 6.99 0
0.5 7.153333333333333 0
0.5 6.984999999999999 0
0.6666666666666667 7.325555555555555 0
0.5 7.49 0
0.5 7.321666666666666 0
0.6666666666666667 7.661111111111111 0
0.5 7.826666666666667 0
0.5 7.658333333333333 0
0.6666666666666667 7.996666666666667 0
0.5 8.163333333333334 0
0.5 7.995 0
0.6666666666666667 8.332222222222223 0
0.5 8.331666666666667 0
0.8333333333333333 0.3691666666666666 0
0.8333333333333333 0.1845833333333333 0
0.8333333333333333 0.7383333333333333 0
0.8333333333333334 0.55375 0
0.8333333333333333 1.1075 0
0.8333333333333333 0.9229166666666675 0
0.8333333333333333 1.476666666666667 0
0.8333333333333334 1.292083333333334 0
0.8333333333333333 1.811111111111111 0
0.8333333333333334 1.643888888888889 0
0.8333333333333333 2.145555555555556 0
0.8333333333333334 1.978333333333333 0
0.8333333333333333 2.48 0
0.8333333333333334 2.312777777777778 0
0.8333333333333333 2.814444444444445 0
0.8333333333333334 2.647222222222222 0
0.8333333333333333 3.148888888888889 0
0.8333333333333334 2.981666666666666 0
0.8333333333333333 3.483333333333333 0
0.8333333333333333 3.316111111111111 0
0.8333333333333334 3.817777777777778 0
0.8333333333333334 3.650555555555556 0
0.8333333333333334 4.152222222222222 0
0.8333333333333334 3.984999999999999 0
0.8333333333333333 4.486666666666666 0
0.8333333333333333 4.319444444444445 0
0.8333333333333334 4.821111111111112 0
0.8333333333333333 4.653888888888889 0
0.8333333333333334 5.155555555555556 0
0.8333333333333334 4.988333333333333 0
0.8333333333333333 5.49 0
0.8333333333333333 5.322777777777778 0
0.8333333333333333 5.824444444444444 0
0.8333333333333334 5.657222222222222 0
0.8333333333333334 6.158888888888889 0
0.8333333333333334 5.991666666666666 0
0.8333333333333333 6.493333333333334 0
0.8333333333333333 6.326111111111111 0
0.8333333333333333 6.827777777777778 0
0.8333333333333333 6.660555555555555 0
0.8333333333333334 7.162222222222223 0
0.8333333333333334 6.994999999999999 0
0.8333333333333334 7.496666666666666 0
0.8333333333333334 7.329444444444444 0
0.8333333333333334 7.831111111111111 0
0.8333333333333334 7.663888888888889 0
0.8333333333333333 8.165555555555555 0
0.8333333333333333 7.998333333333334 0
0.8333333333333334 8.332777777777778 0
4.119047619047619 0.375 0
4.119047619047619 0.7499999999999996 0
4.11904761904762 1.125 0
4.119047619047619 1.5 0
4.119047619047619 1.833333333333333 0
4.119047619047619 2.166666666666667 0
4.119047619047619 2.499999999999999 0
4.119047619047619 2.833333333333333 0
4.119047619047619 3.166666666666667 0
4.119047619047619 3.5 0
4.119047619047619 3.833333333333334 0
4.119047619047619 4.166666666666667 0
4.119047619047619 4.5 0
4.119047619047619 4.833333333333333 0
4.119047619047619 5.166666666666667 0
4.119047619047619 5.5 0
4.119047619047619 5.833333333333334 0
4.119047619047619 6.166666666666667 0
4.119047619047619 6.5 0
4.119047619047619 6.833333333333334 0
4.119047619047619 7.166666666666668 0
4.119047619047619 7.5 0
4.119047619047619 7.833333333333333 0
4.119047619047619 8.166666666666666 0
4.452380952380953 0.375 0
4.452380952380953 0.75 0
4.452380952380953 1.125 0
4.452380952380953 1.5 0
4.452380952380952 1.833333333333333 0
4.452380952380953 2.166666666666667 0
4.452380952380953 2.5 0
4.452380952380953 2.833333333333333 0
4.452380952380953 3.166666666666667 0
4.452380952380953 3.5 0
4.452380952380953 3.833333333333334 0
4.452380952380953 4.166666666666667 0
4.452380952380953 4.5 0
4.452380952380953 4.833333333333333 0
4.452380952380953 5.166666666666667 0
4.452380952380953 5.5 0
4.452380952380953 5.833333333333333 0
4.452380952380953 6.166666666666667 0
4.452380952380953 6.5 0
4.452380952380953 6.833333333333334 0
4.452380952380953 7.166666666666667 0
4.452380952380953 7.5 0
4.452380952380953 7.833333333333333 0
4.452380952380953 8.166666666666666 0
4.785714285714286 0.375 0
4.785714285714286 0.75 0
4.785714285714286 1.125 0
4.785714285714286 1.5 0
4.785714285714286 1.833333333333333 0
4.785714285714286 2.166666666666667 0
4.785714285714286 2.5 0
4.785714285714286 2.833333333333333 0
4.785714285714286 3.166666666666667 0
4.785714285714286 3.5 0
4.785714285714286 3.833333333333334 0
4.785714285714286 4.166666666666667 0
4.785714285714286 4.5 0
4.785714285714286 4.833333333333333 0
4.785714285714286 5.166666666666667 0
4.785714285714286 5.5 0
4.785714285714286 5.833333333333333 0
4.785714285714286 6.166666666666666 0
4.785714285714286 6.5 0
4.785714285714286 6.833333333333333 0
4.785714285714286 7.166666666666667 0
4.785714285714286 7.5 0
4.785714285714286 7.833333333333333 0
4.785714285714286 8.166666666666666 0
5.119047619047619 0.375 0
5.119047619047619 0.75 0
5.119047619047619 1.125 0
5.119047619047619 1.5 0
5.119047619047619 1.833333333333333 0
5.119047619047619 2.166666666666667 0
5.119047619047619 2.5 0
5.119047619047619 2.833333333333333 0
5.119047619047619 3.166666666666667 0
5.119047619047619 3.5 0
5.119047619047619 3.833333333333333 0
5.119047619047619 4.166666666666667 0
5.119047619047619 4.5 0
5.119047619047619 4.833333333333333 0
5.119047619047619 5.166666666666667 0
5.119047619047619 5.5 0
5.119047619047619 5.833333333333332 0
5.119047619047619 6.166666666666666 0
5.119047619047619 6.5 0
5.119047619047619 6.833333333333334 0
5.119047619047619 7.166666666666667 0
5.119047619047619 7.5 0
5.119047619047619 7.833333333333333 0
5.119047619047619 8.166666666666666 0
5.452380952380953 0.375 0
5.452380952380953 0.7499999999999996 0
5.452380952380953 1.125 0
5.452380952380953 1.5 0
5.452380952380953 1.833333333333333 0
5.452380952380953 2.166666666666667 0
5.452380952380953 2.499999999999999 0
5.452380952380953 2.833333333333333 0
5.452380952380952 3.166666666666667 0
5.452380952380953 3.5 0
5.452380952380953 3.833333333333333 0
5.452380952380953 4.166666666666667 0
5.452380952380953 4.5 0
5.452380952380953 4.833333333333333 0
5.452380952380953 5.166666666666667 0
5.452380952380953 5.5 0
5.452380952380953 5.833333333333333 0
5.452380952380953 6.166666666666666 0
5.452380952380953 6.5 0
5.452380952380953 6.833333333333333 0
5.452380952380953 7.166666666666668 0
5.452380952380953 7.5 0
5.452380952380953 7.833333333333334 0
5.452380952380953 8.166666666666666 0
4.119047619047619 0.1875 0
3.952380952380952 0.375 0
3.952380952380952 0.1875 0
4.119047619047619 0.5625 0
3.952380952380952 0.75 0
3.952380952380952 0.5625 0
4.119047619047619 0.9375 0
3.952380952380953 1.125 0
3.952380952380952 0.9375 0
4.119047619047619 1.3125 0
3.952380952380952 1.5 0
3.952380952380953 1.3125 0
4.119047619047619 1.666666666666666 0
3.952380952380953 1.833333333333333 0
3.952380952380953 1.666666666666666 0
4.119047619047619 2 0
3.952380952380952 2.166666666666667 0
3.952380952380952 2 0
4.119047619047619 2.333333333333333 0
3.952380952380953 2.5 0
3.952380952380953 2.333333333333333 0
4.119047619047619 2.666666666666667 0
3.952380952380953 2.833333333333333 0
3.952380952380953 2.666666666666667 0
4.119047619047619 3 0
3.952380952380952 3.166666666666667 0
3.952380952380952 3 0
4.119047619047619 3.333333333333333 0
3.952380952380953 3.5 0
3.952380952380952 3.333333333333333 0
4.119047619047619 3.666666666666667 0
3.952380952380953 3.833333333333334 0
3.952380952380953 3.666666666666667 0
4.119047619047619 4 0
3.952380952380952 4.166666666666667 0
3.952380952380952 4 0
4.119047619047619 4.333333333333334 0
3.952380952380953 4.5 0
3.952380952380952 4.333333333333334 0
4.119047619047619 4.666666666666666 0
3.952380952380953 4.833333333333333 0
3.952380952380953 4.666666666666666 0
4.119047619047619 5 0
3.952380952380953 5.166666666666667 0
3.952380952380953 5 0
4.119047619047619 5.333333333333334 0
3.952380952380953 5.5 0
3.952380952380953 5.333333333333334 0
4.119047619047619 5.666666666666667 0
3.952380952380953 5.833333333333334 0
3.952380952380953 5.666666666666667 0
4.119047619047619 6 0
3.952380952380953 6.166666666666666 0
3.952380952380953 6 0
4.119047619047619 6.333333333333334 0
3.952380952380953 6.5 0
3.952380952380953 6.333333333333333 0
4.119047619047619 6.666666666666667 0
3.952380952380953 6.833333333333334 0
3.952380952380953 6.666666666666667 0
4.119047619047619 7.000000000000001 0
3.952380952380953 7.166666666666668 0
3.952380952380953 7 0
4.119047619047619 7.333333333333334 0
3.952380952380953 7.5 0
3.952380952380953 7.333333333333334 0
4.119047619047619 7.666666666666666 0
3.952380952380953 7.833333333333333 0
3.952380952380953 7.666666666666667 0
4.119047619047619 8 0
3.952380952380953 8.166666666666666 0
3.952380952380953 8 0
4.119047619047619 8.333333333333332 0
3.952380952380953 8.333333333333332 0
4.452380952380953 0.1875 0
4.285714285714286 0.375 0
4.285714285714286 0.1875 0
4.452380952380953 0.5625 0
4.285714285714286 0.75 0
4.285714285714286 0.5625 0
4.452380952380953 0.9375 0
4.285714285714286 1.125 0
4.285714285714286 0.9375 0
4.452380952380953 1.3125 0
4.285714285714286 1.5 0
4.285714285714286 1.3125 0
4.452380952380953 1.666666666666667 0
4.285714285714286 1.833333333333333 0
4.285714285714286 1.666666666666666 0
4.452380952380953 2 0
4.285714285714286 2.166666666666667 0
4.285714285714286 2 0
4.452380952380953 2.333333333333333 0
4.285714285714286 2.5 0
4.285714285714286 2.333333333333333 0
4.452380952380953 2.666666666666667 0
4.285714285714286 2.833333333333333 0
4.285714285714286 2.666666666666667 0
4.452380952380953 3 0
4.285714285714286 3.166666666666667 0
4.285714285714286 3 0
4.452380952380953 3.333333333333333 0
4.285714285714286 3.5 0
4.285714285714286 3.333333333333333 0
4.452380952380953 3.666666666666667 0
4.285714285714286 3.833333333333334 0
4.285714285714286 3.666666666666667 0
4.452380952380953 4 0
4.285714285714286 4.166666666666667 0
4.285714285714286 4 0
4.452380952380953 4.333333333333334 0
4.285714285714286 4.5 0
4.285714285714286 4.333333333333334 0
4.452380952380953 4.666666666666667 0
4.285714285714286 4.833333333333333 0
4.285714285714286 4.666666666666666 0
4.452380952380953 5 0
4.285714285714286 5.166666666666667 0
4.285714285714286 5 0
4.452380952380953 5.333333333333334 0
4.285714285714286 5.5 0
4.285714285714286 5.333333333333334 0
4.452380952380953 5.666666666666666 0
4.285714285714286 5.833333333333334 0
4.285714285714286 5.666666666666667 0
4.452380952380953 6 0
4.285714285714286 6.166666666666667 0
4.285714285714286 6 0
4.452380952380953 6.333333333333334 0
4.285714285714286 6.5 0
4.285714285714286 6.333333333333334 0
4.452380952380953 6.666666666666667 0
4.285714285714286 6.833333333333334 0
4.285714285714286 6.666666666666667 0
4.452380952380953 7 0
4.285714285714286 7.166666666666668 0
4.285714285714286 7 0
4.452380952380953 7.333333333333334 0
4.285714285714286 7.5 0
4.285714285714286 7.333333333333334 0
4.452380952380953 7.666666666666667 0
4.285714285714286 7.833333333333333 0
4.285714285714286 7.666666666666667 0
4.452380952380953 8 0
4.285714285714286 8.166666666666666 0
4.285714285714286 8 0
4.452380952380953 8.333333333333332 0
4.285714285714286 8.333333333333332 0
4.785714285714286 0.1875 0
4.619047619047619 0.375 0
4.619047619047619 0.1875 0
4.785714285714286 0.5625 0
4.619047619047619 0.75 0
4.619047619047619 0.5625 0
4.785714285714286 0.9375 0
4.619047619047619 1.125 0
4.619047619047619 0.9375 0
4.785714285714286 1.3125 0
4.619047619047619 1.5 0
4.619047619047619 1.3125 0
4.785714285714286 1.666666666666667 0
4.619047619047619 1.833333333333333 0
4.619047619047619 1.666666666666667 0
4.785714285714286 2 0
4.619047619047619 2.166666666666667 0
4.619047619047619 2 0
4.785714285714286 2.333333333333333 0
4.619047619047619 2.5 0
4.619047619047619 2.333333333333333 0
4.785714285714286 2.666666666666666 0
4.619047619047619 2.833333333333333 0
4.619047619047619 2.666666666666667 0
4.785714285714286 3 0
4.619047619047619 3.166666666666667 0
4.619047619047619 3 0
4.785714285714286 3.333333333333333 0
4.619047619047619 3.5 0
4.619047619047619 3.333333333333333 0
4.785714285714286 3.666666666666667 0
4.619047619047619 3.833333333333334 0
4.619047619047619 3.666666666666667 0
4.785714285714286 4 0
4.619047619047619 4.166666666666667 0
4.619047619047619 4 0
4.785714285714286 4.333333333333334 0
4.619047619047619 4.5 0
4.619047619047619 4.333333333333334 0
4.785714285714286 4.666666666666666 0
4.619047619047619 4.833333333333333 0
4.619047619047619 4.666666666666667 0
4.785714285714286 5 0
4.619047619047619 5.166666666666667 0
4.619047619047619 5 0
4.785714285714286 5.333333333333334 0
4.619047619047619 5.5 0
4.619047619047619 5.333333333333334 0
4.785714285714286 5.666666666666666 0
4.619047619047619 5.833333333333333 0
4.619047619047619 5.666666666666666 0
4.785714285714286 6 0
4.619047619047619 6.166666666666666 0
4.619047619047619 6 0
4.785714285714286 6.333333333333333 0
4.619047619047619 6.5 0
4.619047619047619 6.333333333333333 0
4.785714285714286 6.666666666666666 0
4.619047619047619 6.833333333333334 0
4.619047619047619 6.666666666666666 0
4.785714285714286 7 0
4.619047619047619 7.166666666666667 0
4.619047619047619 7 0
4.785714285714286 7.333333333333334 0
4.619047619047619 7.5 0
4.619047619047619 7.333333333333334 0
4.785714285714286 7.666666666666666 0
4.619047619047619 7.833333333333333 0
4.619047619047619 7.666666666666667 0
4.785714285714286 8 0
4.619047619047619 8.166666666666666 0
4.619047619047619 8 0
4.785714285714286 8.333333333333332 0
4.619047619047619 8.333333333333332 0
5.119047619047619 0.1875 0
4.952380952380953 0.375 0
4.952380952380953 0.1875 0
5.119047619047619 0.5625 0
4.952380952380953 0.75 0
4.952380952380953 0.5625 0
5.119047619047619 0.9375 0
4.952380952380953 1.125 0
4.952380952380953 0.9375 0
5.119047619047619 1.3125 0
4.952380952380953 1.5 0
4.952380952380953 1.3125 0
5.119047619047619 1.666666666666667 0
4.952380952380953 1.833333333333333 0
4.952380952380953 1.666666666666667 0
5.119047619047619 2 0
4.952380952380953 2.166666666666667 0
4.952380952380953 2 0
5.119047619047619 2.333333333333333 0
4.952380952380953 2.5 0
4.952380952380953 2.333333333333333 0
5.119047619047619 2.666666666666666 0
4.952380952380953 2.833333333333333 0
4.952380952380953 2.666666666666666 0
5.119047619047619 3 0
4.952380952380953 3.166666666666667 0
4.952380952380953 3 0
5.119047619047619 3.333333333333333 0
4.952380952380953 3.5 0
4.952380952380953 3.333333333333333 0
5.119047619047619 3.666666666666667 0
4.952380952380953 3.833333333333334 0
4.952380952380953 3.666666666666667 0
5.119047619047619 4 0
4.952380952380953 4.166666666666667 0
4.952380952380953 4 0
5.119047619047619 4.333333333333334 0
4.952380952380953 4.5 0
4.952380952380953 4.333333333333334 0
5.119047619047619 4.666666666666667 0
4.952380952380953 4.833333333333333 0
4.952380952380953 4.666666666666667 0
5.119047619047619 5 0
4.952380952380953 5.166666666666667 0
4.952380952380953 5 0
5.119047619047619 5.333333333333334 0
4.952380952380953 5.5 0
4.952380952380953 5.333333333333334 0
5.119047619047619 5.666666666666666 0
4.952380952380953 5.833333333333333 0
4.952380952380953 5.666666666666666 0
5.119047619047619 5.999999999999999 0
4.952380952380953 6.166666666666666 0
4.952380952380953 6 0
5.119047619047619 6.333333333333333 0
4.952380952380953 6.5 0
4.952380952380953 6.333333333333333 0
5.119047619047619 6.666666666666667 0
4.952380952380953 6.833333333333334 0
4.952380952380953 6.666666666666666 0
5.119047619047619 7 0
4.952380952380953 7.166666666666667 0
4.952380952380953 7 0
5.119047619047619 7.333333333333334 0
4.952380952380953 7.5 0
4.952380952380953 7.333333333333334 0
5.119047619047619 7.666666666666666 0
4.952380952380953 7.833333333333333 0
4.952380952380953 7.666666666666667 0
5.119047619047619 8 0
4.952380952380953 8.166666666666666 0
4.952380952380953 8 0
5.119047619047619 8.333333333333332 0
4.952380952380953 8.333333333333332 0
5.452380952380953 0.1875 0
5.285714285714286 0.375 0
5.285714285714286 0.1875 0
5.452380952380953 0.5625 0
5.285714285714286 0.75 0
5.285714285714286 0.5625 0
5.452380952380953 0.9375 0
5.285714285714286 1.125 0
5.285714285714286 0.9375 0
5.452380952380953 1.3125 0
5.285714285714286 1.5 0
5.285714285714286 1.3125 0
5.452380952380953 1.666666666666666 0
5.285714285714286 1.833333333333333 0
5.285714285714286 1.666666666666667 0
5.452380952380953 2 0
5.285714285714286 2.166666666666667 0
5.285714285714286 2 0
5.452380952380953 2.333333333333333 0
5.285714285714286 2.499999999999999 0
5.285714285714286 2.333333333333333 0
5.452380952380953 2.666666666666666 0
5.285714285714286 2.833333333333333 0
5.285714285714286 2.666666666666666 0
5.452380952380952 3 0
5.285714285714286 3.166666666666667 0
5.285714285714286 3 0
5.452380952380953 3.333333333333333 0
5.285714285714286 3.5 0
5.285714285714286 3.333333333333333 0
5.452380952380953 3.666666666666667 0
5.285714285714286 3.833333333333333 0
5.285714285714286 3.666666666666667 0
5.452380952380953 4 0
5.285714285714286 4.166666666666667 0
5.285714285714286 4 0
5.452380952380953 4.333333333333333 0
5.285714285714286 4.5 0
5.285714285714286 4.333333333333333 0
5.452380952380953 4.666666666666666 0
5.285714285714286 4.833333333333333 0
5.285714285714286 4.666666666666666 0
5.452380952380953 5 0
5.285714285714286 5.166666666666667 0
5.285714285714286 5 0
5.452380952380953 5.333333333333334 0
5.285714285714286 5.5 0
5.285714285714286 5.333333333333334 0
5.452380952380953 5.666666666666666 0
5.285714285714286 5.833333333333333 0
5.285714285714286 5.666666666666666 0
5.452380952380953 6 0
5.285714285714286 6.166666666666666 0
5.285714285714286 5.999999999999999 0
5.452380952380953 6.333333333333334 0
5.285714285714286 6.5 0
5.285714285714286 6.333333333333334 0
5.452380952380953 6.666666666666667 0
5.285714285714286 6.833333333333334 0
5.285714285714286 6.666666666666667 0
5.452380952380953 7 0
5.285714285714286 7.166666666666667 0
5.285714285714286 7 0
5.452380952380953 7.333333333333334 0
5.285714285714286 7.5 0
5.285714285714286 7.333333333333334 0
5.452380952380953 7.666666666666667 0
5.285714285714286 7.833333333333334 0
5.285714285714286 7.666666666666666 0
5.452380952380953 8 0
5.285714285714286 8.166666666666666 0
5.285714285714286 8 0
5.452380952380953 8.333333333333332 0
5.285714285714286 8.333333333333332 0
5.619047619047619 0.375 0
5.619047619047619 0.1875 0
5.619047619047619 0.75 0
5.619047619047619 0.5625 0
5.619047619047619 1.125 0
5.619047619047619 0.9375 0
5.619047619047619 1.5 0
5.619047619047619 1.3125 0
5.619047619047619 1.833333333333333 0
5.619047619047619 1.666666666666667 0
5.619047619047619 2.166666666666667 0
5.619047619047619 2 0
5.619047619047619 2.5 0
5.619047619047619 2.333333333333333 0
5.619047619047619 2.833333333333333 0
5.619047619047619 2.666666666666667 0
5.619047619047619 3.166666666666667 0
5.619047619047619 3 0
5.619047619047619 3.5 0
5.619047619047619 3.333333333333333 0
5.619047619047619 3.833333333333333 0
5.619047619047619 3.666666666666667 0
5.619047619047619 4.166666666666667 0
5.619047619047619 4 0
5.619047619047619 4.5 0
5.619047619047619 4.333333333333334 0
5.619047619047619 4.833333333333333 0
5.619047619047619 4.666666666666666 0
5.619047619047619 5.166666666666667 0
5.619047619047619 5 0
5.619047619047619 5.5 0
5.619047619047619 5.333333333333334 0
5.619047619047619 5.833333333333333 0
5.619047619047619 5.666666666666666 0
5.619047619047619 6.166666666666666 0
5.619047619047619 6 0
5.619047619047619 6.5 0
5.619047619047619 6.333333333333333 0
5.619047619047619 6.833333333333333 0
5.619047619047619 6.666666666666666 0
5.619047619047619 7.166666666666667 0
5.619047619047619 7 0
5.619047619047619 7.5 0
5.619047619047619 7.333333333333334 0
5.619047619047619 7.833333333333334 0
5.619047619047619 7.666666666666667 0
5.619047619047619 8.166666666666666 0
5.619047619047619 8 0
5.619047619047619 8.333333333333332 0
8.904761904761905 0.375 0
8.904761904761905 0.75 0
8.904761904761905 1.125 0
8.904761904761905 1.499999999999999 0
8.904761904761905 1.833333333333333 0
8.904761904761905 2.166666666666667 0
8.904761904761905 2.499999999999999 0
8.904761904761905 2.833333333333333 0
8.904761904761905 3.166666666666667 0
8.904761904761905 3.5 0
8.904761904761905 3.833333333333334 0
8.904761904761905 4.166666666666667 0
8.904761904761905 4.5 0
8.904761904761905 4.833333333333333 0
8.904761904761905 5.166666666666667 0
8.904761904761905 5.5 0
8.904761904761905 5.833333333333333 0
8.904761904761905 6.166666666666666 0
8.904761904761905 6.5 0
8.904761904761905 6.833333333333333 0
8.904761904761905 7.166666666666668 0
8.904761904761905 7.5 0
8.904761904761905 7.833333333333334 0
8.904761904761905 8.166666666666666 0
9.238095238095237 0.375 0
9.238095238095237 0.75 0
9.238095238095237 1.125 0
9.238095238095237 1.5 0
9.238095238095237 1.833333333333333 0
9.238095238095237 2.166666666666667 0
9.238095238095237 2.5 0
9.238095238095237 2.833333333333333 0
9.238095238095237 3.166666666666667 0
9.238095238095237 3.5 0
9.238095238095237 3.833333333333334 0
9.238095238095237 4.166666666666667 0
9.238095238095237 4.5 0
9.238095238095237 4.833333333333333 0
9.238095238095237 5.166666666666667 0
9.238095238095237 5.5 0
9.238095238095237 5.833333333333333 0
9.238095238095237 6.166666666666666 0
9.238095238095237 6.5 0
9.238095238095237 6.833333333333334 0
9.238095238095237 7.166666666666668 0
9.238095238095237 7.5 0
9.238095238095237 7.833333333333334 0
9.238095238095237 8.166666666666666 0
9.571428571428571 0.375 0
9.571428571428571 0.75 0
9.571428571428571 1.125 0
9.571428571428571 1.5 0
9.571428571428571 1.833333333333333 0
9.571428571428571 2.166666666666667 0
9.571428571428571 2.5 0
9.571428571428571 2.833333333333333 0
9.571428571428571 3.166666666666667 0
9.571428571428571 3.5 0
9.571428571428571 3.833333333333334 0
9.571428571428571 4.166666666666667 0
9.571428571428571 4.5 0
9.571428571428571 4.833333333333333 0
9.571428571428571 5.166666666666667 0
9.571428571428571 5.5 0
9.571428571428571 5.833333333333333 0
9.571428571428571 6.166666666666666 0
9.571428571428571 6.5 0
9.571428571428571 6.833333333333333 0
9.571428571428571 7.166666666666667 0
9.571428571428571 7.5 0
9.571428571428571 7.833333333333333 0
9.571428571428571 8.166666666666666 0
9.904761904761905 0.375 0
9.904761904761905 0.75 0
9.904761904761905 1.125 0
9.904761904761905 1.5 0
9.904761904761905 1.833333333333333 0
9.904761904761905 2.166666666666668 0
9.904761904761905 2.5 0
9.904761904761905 2.833333333333333 0
9.904761904761905 3.166666666666667 0
9.904761904761905 3.5 0
9.904761904761905 3.833333333333334 0
9.904761904761905 4.166666666666667 0
9.904761904761905 4.5 0
9.904761904761905 4.833333333333333 0
9.904761904761905 5.166666666666667 0
9.904761904761905 5.5 0
9.904761904761905 5.833333333333332 0
9.904761904761905 6.166666666666666 0
9.904761904761905 6.5 0
9.904761904761905 6.833333333333334 0
9.904761904761905 7.166666666666668 0
9.904761904761905 7.5 0
9.904761904761905 7.833333333333334 0
9.904761904761905 8.166666666666666 0
10.23809523809524 0.375 0
10.23809523809524 0.75 0
10.23809523809524 1.125 0
10.23809523809524 1.499999999999999 0
10.23809523809524 1.833333333333333 0
10.23809523809524 2.166666666666667 0
10.23809523809524 2.499999999999999 0
10.23809523809524 2.833333333333333 0
10.23809523809524 3.166666666666667 0
10.23809523809524 3.5 0
10.23809523809524 3.833333333333333 0
10.23809523809524 4.166666666666667 0
10.23809523809524 4.5 0
10.23809523809524 4.833333333333333 0
10.23809523809524 5.166666666666667 0
10.23809523809524 5.5 0
10.23809523809524 5.833333333333332 0
10.23809523809524 6.166666666666666 0
10.23809523809524 6.5 0
10.23809523809524 6.833333333333333 0
10.23809523809524 7.166666666666668 0
10.23809523809524 7.5 0
10.23809523809524 7.833333333333333 0
10.23809523809524 8.166666666666666 0
8.904761904761905 0.1875 0
8.738095238095237 0.375 0
8.738095238095237 0.1875 0
8.904761904761905 0.5625 0
8.738095238095237 0.75 0
8.738095238095237 0.5625 0
8.904761904761905 0.9375 0
8.738095238095237 1.125 0
8.738095238095237 0.9375 0
8.904761904761905 1.3125 0
8.738095238095237 1.5 0
8.738095238095237 1.3125 0
8.904761904761905 1.666666666666666 0
8.738095238095237 1.833333333333333 0
8.738095238095237 1.666666666666666 0
8.904761904761905 2 0
8.738095238095237 2.166666666666667 0
8.738095238095237 2 0
8.904761904761905 2.333333333333333 0
8.738095238095237 2.5 0
8.738095238095237 2.333333333333333 0
8.904761904761905 2.666666666666666 0
8.738095238095237 2.833333333333333 0
8.738095238095237 2.666666666666667 0
8.904761904761905 3 0
8.738095238095237 3.166666666666667 0
8.738095238095237 3 0
8.904761904761905 3.333333333333333 0
8.738095238095237 3.5 0
8.738095238095237 3.333333333333333 0
8.904761904761905 3.666666666666667 0
8.738095238095237 3.833333333333334 0
8.738095238095237 3.666666666666667 0
8.904761904761905 4 0
8.738095238095237 4.166666666666667 0
8.738095238095237 4 0
8.904761904761905 4.333333333333333 0
8.738095238095237 4.5 0
8.738095238095237 4.333333333333334 0
8.904761904761905 4.666666666666666 0
8.738095238095237 4.833333333333333 0
8.738095238095237 4.666666666666666 0
8.904761904761905 5 0
8.738095238095237 5.166666666666667 0
8.738095238095237 5 0
8.904761904761905 5.333333333333333 0
8.738095238095237 5.5 0
8.738095238095237 5.333333333333333 0
8.904761904761905 5.666666666666666 0
8.738095238095237 5.833333333333334 0
8.738095238095237 5.666666666666667 0
8.904761904761905 6 0
8.738095238095237 6.166666666666666 0
8.738095238095237 6 0
8.904761904761905 6.333333333333334 0
8.738095238095237 6.5 0
8.738095238095237 6.333333333333333 0
8.904761904761905 6.666666666666667 0
8.738095238095237 6.833333333333333 0
8.738095238095237 6.666666666666667 0
8.904761904761905 7 0
8.738095238095237 7.166666666666667 0
8.738095238095237 7 0
8.904761904761905 7.333333333333334 0
8.738095238095237 7.5 0
8.738095238095237 7.333333333333334 0
8.904761904761905 7.666666666666667 0
8.738095238095237 7.833333333333334 0
8.738095238095237 7.666666666666667 0
8.904761904761905 8 0
8.738095238095237 8.166666666666666 0
8.738095238095237 8 0
8.904761904761905 8.333333333333332 0
8.738095238095237 8.333333333333332 0
9.238095238095237 0.1875 0
9.071428571428571 0.375 0
9.071428571428571 0.1875 0
9.238095238095237 0.5625 0
9.071428571428571 0.75 0
9.071428571428571 0.5625 0
9.238095238095237 0.9375 0
9.071428571428571 1.125 0
9.071428571428571 0.9375 0
9.238095238095237 1.3125 0
9.071428571428571 1.499999999999999 0
9.071428571428571 1.312499999999999 0
9.238095238095237 1.666666666666666 0
9.071428571428571 1.833333333333333 0
9.071428571428571 1.666666666666666 0
9.238095238095237 2 0
9.071428571428571 2.166666666666667 0
9.071428571428571 2 0
9.238095238095237 2.333333333333333 0
9.071428571428571 2.499999999999999 0
9.071428571428571 2.333333333333333 0
9.238095238095237 2.666666666666666 0
9.071428571428571 2.833333333333333 0
9.071428571428571 2.666666666666666 0
9.238095238095237 3 0
9.071428571428571 3.166666666666667 0
9.071428571428571 3 0
9.238095238095237 3.333333333333333 0
9.071428571428571 3.5 0
9.071428571428571 3.333333333333333 0
9.238095238095237 3.666666666666667 0
9.071428571428571 3.833333333333334 0
9.071428571428571 3.666666666666667 0
9.238095238095237 4.000000000000001 0
9.071428571428571 4.166666666666667 0
9.071428571428571 4.000000000000001 0
9.238095238095237 4.333333333333334 0
9.071428571428571 4.5 0
9.071428571428571 4.333333333333333 0
9.238095238095237 4.666666666666666 0
9.071428571428571 4.833333333333333 0
9.071428571428571 4.666666666666666 0
9.238095238095237 5 0
9.071428571428571 5.166666666666667 0
9.071428571428571 5 0
9.238095238095237 5.333333333333334 0
9.071428571428571 5.5 0
9.071428571428571 5.333333333333333 0
9.238095238095237 5.666666666666666 0
9.071428571428571 5.833333333333333 0
9.071428571428571 5.666666666666666 0
9.238095238095237 6 0
9.071428571428571 6.166666666666666 0
9.071428571428571 6 0
9.238095238095237 6.333333333333334 0
9.071428571428571 6.5 0
9.071428571428571 6.333333333333334 0
9.238095238095237 6.666666666666667 0
9.071428571428571 6.833333333333334 0
9.071428571428571 6.666666666666667 0
9.238095238095237 7.000000000000001 0
9.071428571428571 7.166666666666668 0
9.071428571428571 7 0
9.238095238095237 7.333333333333334 0
9.071428571428571 7.5 0
9.071428571428571 7.333333333333334 0
9.238095238095237 7.666666666666667 0
9.071428571428571 7.833333333333334 0
9.071428571428571 7.666666666666667 0
9.238095238095237 8 0
9.071428571428571 8.166666666666666 0
9.071428571428571 8 0
9.238095238095237 8.333333333333332 0
9.071428571428571 8.333333333333332 0
9.571428571428571 0.1875 0
9.404761904761905 0.375 0
9.404761904761905 0.1875 0
9.571428571428571 0.5625 0
9.404761904761905 0.75 0
9.404761904761905 0.5625 0
9.571428571428571 0.9375 0
9.404761904761905 1.125 0
9.404761904761905 0.9375 0
9.571428571428571 1.3125 0
9.404761904761905 1.5 0
9.404761904761905 1.3125 0
9.571428571428571 1.666666666666667 0
9.404761904761905 1.833333333333333 0
9.404761904761905 1.666666666666666 0
9.571428571428571 2 0
9.404761904761905 2.166666666666667 0
9.404761904761905 2 0
9.571428571428571 2.333333333333333 0
9.404761904761905 2.5 0
9.404761904761905 2.333333333333333 0
9.571428571428571 2.666666666666666 0
9.404761904761905 2.833333333333333 0
9.404761904761905 2.666666666666666 0
9.571428571428571 3 0
9.404761904761905 3.166666666666667 0
9.404761904761905 3 0
9.571428571428571 3.333333333333333 0
9.404761904761905 3.5 0
9.404761904761905 3.333333333333333 0
9.571428571428571 3.666666666666667 0
9.404761904761905 3.833333333333334 0
9.404761904761905 3.666666666666667 0
9.571428571428571 4 0
9.404761904761905 4.166666666666667 0
9.404761904761905 4.000000000000001 0
9.571428571428571 4.333333333333334 0
9.404761904761905 4.5 0
9.404761904761905 4.333333333333334 0
9.571428571428571 4.666666666666666 0
9.404761904761905 4.833333333333333 0
9.404761904761905 4.666666666666666 0
9.571428571428571 5 0
9.404761904761905 5.166666666666667 0
9.404761904761905 5 0
9.571428571428571 5.333333333333334 0
9.404761904761905 5.5 0
9.404761904761905 5.333333333333334 0
9.571428571428571 5.666666666666666 0
9.404761904761905 5.833333333333333 0
9.404761904761905 5.666666666666666 0
9.571428571428571 6 0
9.404761904761905 6.166666666666666 0
9.404761904761905 6 0
9.571428571428571 6.333333333333333 0
9.404761904761905 6.5 0
9.404761904761905 6.333333333333333 0
9.571428571428571 6.666666666666666 0
9.404761904761905 6.833333333333334 0
9.404761904761905 6.666666666666666 0
9.571428571428571 7 0
9.404761904761905 7.166666666666667 0
9.404761904761905 7 0
9.571428571428571 7.333333333333334 0
9.404761904761905 7.5 0
9.404761904761905 7.333333333333334 0
9.571428571428571 7.666666666666666 0
9.404761904761905 7.833333333333334 0
9.404761904761905 7.666666666666667 0
9.571428571428571 8 0
9.404761904761905 8.166666666666666 0
9.404761904761905 8 0
9.571428571428571 8.333333333333332 0
9.404761904761905 8.333333333333332 0
9.904761904761905 0.1875 0
9.738095238095237 0.375 0
9.738095238095237 0.1875 0
9.904761904761905 0.5625 0
9.738095238095237 0.75 0
9.738095238095237 0.5625 0
9.904761904761905 0.9375 0
9.738095238095237 1.125 0
9.738095238095237 0.9375 0
9.904761904761905 1.3125 0
9.738095238095237 1.5 0
9.738095238095237 1.3125 0
9.904761904761905 1.666666666666666 0
9.738095238095237 1.833333333333333 0
9.738095238095237 1.666666666666666 0
9.904761904761905 2 0
9.738095238095237 2.166666666666667 0
9.738095238095237 2 0
9.904761904761905 2.333333333333334 0
9.738095238095237 2.5 0
9.738095238095237 2.333333333333333 0
9.904761904761905 2.666666666666667 0
9.738095238095237 2.833333333333333 0
9.738095238095237 2.666666666666667 0
9.904761904761905 3 0
9.738095238095237 3.166666666666667 0
9.738095238095237 3 0
9.904761904761905 3.333333333333333 0
9.738095238095237 3.5 0
9.738095238095237 3.333333333333333 0
9.904761904761905 3.666666666666667 0
9.738095238095237 3.833333333333334 0
9.738095238095237 3.666666666666667 0
9.904761904761905 4 0
9.738095238095237 4.166666666666667 0
9.738095238095237 4 0
9.904761904761905 4.333333333333333 0
9.738095238095237 4.5 0
9.738095238095237 4.333333333333333 0
9.904761904761905 4.666666666666666 0
9.738095238095237 4.833333333333333 0
9.738095238095237 4.666666666666666 0
9.904761904761905 5 0
9.738095238095237 5.166666666666667 0
9.738095238095237 5 0
9.904761904761905 5.333333333333334 0
9.738095238095237 5.5 0
9.738095238095237 5.333333333333334 0
9.904761904761905 5.666666666666666 0
9.738095238095237 5.833333333333333 0
9.738095238095237 5.666666666666666 0
9.904761904761905 5.999999999999999 0
9.738095238095237 6.166666666666666 0
9.738095238095237 6 0
9.904761904761905 6.333333333333333 0
9.738095238095237 6.5 0
9.738095238095237 6.333333333333333 0
9.904761904761905 6.666666666666667 0
9.738095238095237 6.833333333333334 0
9.738095238095237 6.666666666666666 0
9.904761904761905 7.000000000000001 0
9.738095238095237 7.166666666666667 0
9.738095238095237 7.000000000000001 0
9.904761904761905 7.333333333333334 0
9.738095238095237 7.5 0
9.738095238095237 7.333333333333334 0
9.904761904761905 7.666666666666667 0
9.738095238095237 7.833333333333333 0
9.738095238095237 7.666666666666666 0
9.904761904761905 8 0
9.738095238095237 8.166666666666666 0
9.738095238095237 8 0
9.904761904761905 8.333333333333332 0
9.738095238095237 8.333333333333332 0
10.23809523809524 0.1875 0
10.07142857142857 0.375 0
10.07142857142857 0.1875 0
10.23809523809524 0.5625 0
10.07142857142857 0.75 0
10.07142857142857 0.5625 0
10.23809523809524 0.9375 0
10.07142857142857 1.125 0
10.07142857142857 0.9375 0
10.23809523809524 1.3125 0
10.07142857142857 1.499999999999999 0
10.07142857142857 1.312499999999999 0
10.23809523809524 1.666666666666666 0
10.07142857142857 1.833333333333333 0
10.07142857142857 1.666666666666666 0
10.23809523809524 2 0
10.07142857142857 2.166666666666668 0
10.07142857142857 2 0
10.23809523809524 2.333333333333333 0
10.07142857142857 2.5 0
10.07142857142857 2.333333333333334 0
10.23809523809524 2.666666666666667 0
10.07142857142857 2.833333333333333 0
10.07142857142857 2.666666666666667 0
10.23809523809524 3 0
10.07142857142857 3.166666666666667 0
10.07142857142857 3 0
10.23809523809524 3.333333333333333 0
10.07142857142857 3.5 0
10.07142857142857 3.333333333333333 0
10.23809523809524 3.666666666666667 0
10.07142857142857 3.833333333333333 0
10.07142857142857 3.666666666666667 0
10.23809523809524 4 0
10.07142857142857 4.166666666666667 0
10.07142857142857 4 0
10.23809523809524 4.333333333333333 0
10.07142857142857 4.5 0
10.07142857142857 4.333333333333333 0
10.23809523809524 4.666666666666666 0
10.07142857142857 4.833333333333333 0
10.07142857142857 4.666666666666666 0
10.23809523809524 5 0
10.07142857142857 5.166666666666667 0
10.07142857142857 5 0
10.23809523809524 5.333333333333333 0
10.07142857142857 5.5 0
10.07142857142857 5.333333333333334 0
10.23809523809524 5.666666666666666 0
10.07142857142857 5.833333333333332 0
10.07142857142857 5.666666666666666 0
10.23809523809524 5.999999999999999 0
10.07142857142857 6.166666666666666 0
10.07142857142857 5.999999999999999 0
10.23809523809524 6.333333333333333 0
10.07142857142857 6.5 0
10.07142857142857 6.333333333333333 0
10.23809523809524 6.666666666666667 0
10.07142857142857 6.833333333333334 0
10.07142857142857 6.666666666666667 0
10.23809523809524 7 0
10.07142857142857 7.166666666666668 0
10.07142857142857 7 0
10.23809523809524 7.333333333333334 0
10.07142857142857 7.5 0
10.07142857142857 7.333333333333334 0
10.23809523809524 7.666666666666666 0
10.07142857142857 7.833333333333333 0
10.07142857142857 7.666666666666667 0
10.23809523809524 8 0
10.07142857142857 8.166666666666666 0
10.07142857142857 8 0
10.23809523809524 8.333333333333332 0
10.07142857142857 8.333333333333332 0
10.40476190476191 0.375 0
10.40476190476191 0.1875 0
10.40476190476191 0.75 0
10.40476190476191 0.5625 0
10.40476190476191 1.125 0
10.40476190476191 0.9375 0
10.40476190476191 1.5 0
10.40476190476191 1.3125 0
10.40476190476191 1.833333333333333 0
10.40476190476191 1.666666666666667 0
10.40476190476191 2.166666666666667 0
10.40476190476191 2 0
10.40476190476191 2.5 0
10.40476190476191 2.333333333333333 0
10.40476190476191 2.833333333333333 0
10.40476190476191 2.666666666666667 0
10.40476190476191 3.166666666666667 0
10.40476190476191 3 0
10.40476190476191 3.5 0
10.40476190476191 3.333333333333333 0
10.40476190476191 3.833333333333333 0
10.40476190476191 3.666666666666667 0
10.40476190476191 4.166666666666667 0
10.40476190476191 4 0
10.40476190476191 4.5 0
10.40476190476191 4.333333333333334 0
10.40476190476191 4.833333333333333 0
10.40476190476191 4.666666666666666 0
10.40476190476191 5.166666666666667 0
10.40476190476191 5 0
10.40476190476191 5.5 0
10.40476190476191 5.333333333333334 0
10.40476190476191 5.833333333333332 0
10.40476190476191 5.666666666666666 0
10.40476190476191 6.166666666666666 0
10.40476190476191 6 0
10.40476190476191 6.5 0
10.40476190476191 6.333333333333333 0
10.40476190476191 6.833333333333333 0
10.40476190476191 6.666666666666666 0
10.40476190476191 7.166666666666668 0
10.40476190476191 7 0
10.40476190476191 7.5 0
10.40476190476191 7.333333333333334 0
10.40476190476191 7.833333333333333 0
10.40476190476191 7.666666666666667 0
10.40476190476191 8.166666666666666 0
10.40476190476191 8 0
10.40476190476191 8.333333333333332 0
13.69047619047619 0.375 0
13.69047619047619 0.75 0
13.69047619047619 1.125 0
13.69047619047619 1.499999999999999 0
13.69047619047619 1.833333333333333 0
13.69047619047619 2.166666666666667 0
13.69047619047619 2.499999999999999 0
13.69047619047619 2.833333333333333 0
13.69047619047619 3.166666666666667 0
13.69047619047619 3.5 0
13.69047619047619 3.833333333333334 0
13.69047619047619 4.166666666666667 0
13.69047619047619 4.5 0
13.69047619047619 4.833333333333333 0
13.69047619047619 5.166666666666667 0
13.69047619047619 5.5 0
13.69047619047619 5.833333333333333 0
13.69047619047619 6.166666666666666 0
13.69047619047619 6.5 0
13.69047619047619 6.833333333333333 0
13.69047619047619 7.166666666666668 0
13.69047619047619 7.5 0
13.69047619047619 7.833333333333334 0
13.69047619047619 8.166666666666666 0
14.02380952380952 0.375 0
14.02380952380952 0.75 0
14.02380952380952 1.125 0
14.02380952380952 1.5 0
14.02380952380952 1.833333333333333 0
14.02380952380952 2.166666666666667 0
14.02380952380952 2.5 0
14.02380952380952 2.833333333333333 0
14.02380952380952 3.166666666666667 0
14.02380952380952 3.5 0
14.02380952380952 3.833333333333334 0
14.02380952380952 4.166666666666667 0
14.02380952380952 4.5 0
14.02380952380952 4.833333333333333 0
14.02380952380952 5.166666666666667 0
14.02380952380952 5.5 0
14.02380952380952 5.833333333333333 0
14.02380952380952 6.166666666666666 0
14.02380952380952 6.5 0
14.02380952380952 6.833333333333334 0
14.02380952380952 7.166666666666668 0
14.02380952380952 7.5 0
14.02380952380952 7.833333333333334 0
14.02380952380952 8.166666666666666 0
14.35714285714286 0.375 0
14.35714285714286 0.75 0
14.35714285714286 1.125 0
14.35714285714286 1.5 0
14.35714285714286 1.833333333333333 0
14.35714285714286 2.166666666666667 0
14.35714285714286 2.5 0
14.35714285714286 2.833333333333333 0
14.35714285714286 3.166666666666667 0
14.35714285714286 3.5 0
14.35714285714286 3.833333333333334 0
14.35714285714286 4.166666666666667 0
14.35714285714286 4.5 0
14.35714285714286 4.833333333333333 0
14.35714285714286 5.166666666666667 0
14.35714285714286 5.5 0
14.35714285714286 5.833333333333333 0
14.35714285714286 6.166666666666666 0
14.35714285714286 6.5 0
14.35714285714286 6.833333333333333 0
14.35714285714286 7.166666666666667 0
14.35714285714286 7.5 0
14.35714285714286 7.833333333333333 0
14.35714285714286 8.166666666666666 0
14.69047619047619 0.375 0
14.69047619047619 0.75 0
14.69047619047619 1.125 0
14.69047619047619 1.5 0
14.69047619047619 1.833333333333333 0
14.69047619047619 2.166666666666668 0
14.69047619047619 2.5 0
14.69047619047619 2.833333333333333 0
14.69047619047619 3.166666666666667 0
14.69047619047619 3.5 0
14.69047619047619 3.833333333333334 0
14.69047619047619 4.166666666666667 0
14.69047619047619 4.5 0
14.69047619047619 4.833333333333333 0
14.69047619047619 5.166666666666667 0
14.69047619047619 5.5 0
14.69047619047619 5.833333333333332 0
14.69047619047619 6.166666666666666 0
14.69047619047619 6.5 0
14.69047619047619 6.833333333333334 0
14.69047619047619 7.166666666666668 0
14.69047619047619 7.5 0
14.69047619047619 7.833333333333334 0
14.69047619047619 8.166666666666666 0
15.02380952380952 0.375 0
15.02380952380952 0.75 0
15.02380952380952 1.125 0
15.02380952380952 1.499999999999999 0
15.02380952380952 1.833333333333333 0
15.02380952380952 2.166666666666667 0
15.02380952380952 2.499999999999999 0
15.02380952380952 2.833333333333333 0
15.02380952380952 3.166666666666667 0
15.02380952380952 3.5 0
15.02380952380952 3.833333333333333 0
15.02380952380952 4.166666666666667 0
15.02380952380952 4.5 0
15.02380952380952 4.833333333333333 0
15.02380952380952 5.166666666666667 0
15.02380952380952 5.5 0
15.02380952380952 5.833333333333332 0
15.02380952380952 6.166666666666666 0
15.02380952380952 6.5 0
15.02380952380952 6.833333333333333 0
15.02380952380952 7.166666666666668 0
15.02380952380952 7.5 0
15.02380952380952 7.833333333333333 0
15.02380952380952 8.166666666666666 0
13.69047619047619 0.1875 0
13.52380952380952 0.375 0
13.52380952380952 0.1875 0
13.69047619047619 0.5625 0
13.52380952380952 0.75 0
13.52380952380952 0.5625 0
13.69047619047619 0.9375 0
13.52380952380952 1.125 0
13.52380952380952 0.9375 0
13.69047619047619 1.3125 0
13.52380952380952 1.5 0
13.52380952380952 1.3125 0
13.69047619047619 1.666666666666666 0
13.52380952380952 1.833333333333333 0
13.52380952380952 1.666666666666666 0
13.69047619047619 2 0
13.52380952380952 2.166666666666667 0
13.52380952380952 2 0
13.69047619047619 2.333333333333333 0
13.52380952380952 2.5 0
13.52380952380952 2.333333333333333 0
13.69047619047619 2.666666666666666 0
13.52380952380952 2.833333333333333 0
13.52380952380952 2.666666666666667 0
13.69047619047619 3 0
13.52380952380952 3.166666666666667 0
13.52380952380952 3 0
13.69047619047619 3.333333333333333 0
13.52380952380952 3.5 0
13.52380952380952 3.333333333333333 0
13.69047619047619 3.666666666666667 0
13.52380952380952 3.833333333333334 0
13.52380952380952 3.666666666666667 0
13.69047619047619 4 0
13.52380952380952 4.166666666666667 0
13.52380952380952 4 0
13.69047619047619 4.333333333333333 0
13.52380952380952 4.5 0
13.52380952380952 4.333333333333334 0
13.69047619047619 4.666666666666666 0
13.52380952380952 4.833333333333333 0
13.52380952380952 4.666666666666666 0
13.69047619047619 5 0
13.52380952380952 5.166666666666667 0
13.52380952380952 5 0
13.69047619047619 5.333333333333333 0
13.52380952380952 5.5 0
13.52380952380952 5.333333333333333 0
13.69047619047619 5.666666666666666 0
13.52380952380952 5.833333333333334 0
13.52380952380952 5.666666666666667 0
13.69047619047619 6 0
13.52380952380952 6.166666666666666 0
13.52380952380952 6 0
13.69047619047619 6.333333333333334 0
13.52380952380952 6.5 0
13.52380952380952 6.333333333333333 0
13.69047619047619 6.666666666666667 0
13.52380952380952 6.833333333333333 0
13.52380952380952 6.666666666666667 0
13.69047619047619 7 0
13.52380952380952 7.166666666666667 0
13.52380952380952 7 0
13.69047619047619 7.333333333333334 0
13.52380952380952 7.5 0
13.52380952380952 7.333333333333334 0
13.69047619047619 7.666666666666667 0
13.52380952380952 7.833333333333334 0
13.52380952380952 7.666666666666667 0
13.69047619047619 8 0
13.52380952380952 8.166666666666666 0
13.52380952380952 8 0
13.69047619047619 8.333333333333332 0
13.52380952380952 8.333333333333332 0
14.02380952380952 0.1875 0
13.85714285714286 0.375 0
13.85714285714286 0.1875 0
14.02380952380952 0.5625 0
13.85714285714286 0.75 0
13.85714285714286 0.5625 0
14.02380952380952 0.9375 0
13.85714285714286 1.125 0
13.85714285714286 0.9375 0
14.02380952380952 1.3125 0
13.85714285714286 1.499999999999999 0
13.85714285714286 1.312499999999999 0
14.02380952380952 1.666666666666666 0
13.85714285714286 1.833333333333333 0
13.85714285714286 1.666666666666666 0
14.02380952380952 2 0
13.85714285714286 2.166666666666667 0
13.85714285714286 2 0
14.02380952380952 2.333333333333333 0
13.85714285714286 2.499999999999999 0
13.85714285714286 2.333333333333333 0
14.02380952380952 2.666666666666666 0
13.85714285714286 2.833333333333333 0
13.85714285714286 2.666666666666666 0
14.02380952380952 3 0
13.85714285714286 3.166666666666667 0
13.85714285714286 3 0
14.02380952380952 3.333333333333333 0
13.85714285714286 3.5 0
13.85714285714286 3.333333333333333 0
14.02380952380952 3.666666666666667 0
13.85714285714286 3.833333333333334 0
13.85714285714286 3.666666666666667 0
14.02380952380952 4.000000000000001 0
13.85714285714286 4.166666666666667 0
13.85714285714286 4.000000000000001 0
14.02380952380952 4.333333333333334 0
13.85714285714286 4.5 0
13.85714285714286 4.333333333333333 0
14.02380952380952 4.666666666666666 0
13.85714285714286 4.833333333333333 0
13.85714285714286 4.666666666666666 0
14.02380952380952 5 0
13.85714285714286 5.166666666666667 0
13.85714285714286 5 0
14.02380952380952 5.333333333333334 0
13.85714285714286 5.5 0
13.85714285714286 5.333333333333333 0
14.02380952380952 5.666666666666666 0
13.85714285714286 5.833333333333333 0
13.85714285714286 5.666666666666666 0
14.02380952380952 6 0
13.85714285714286 6.166666666666666 0
13.85714285714286 6 0
14.02380952380952 6.333333333333334 0
13.85714285714286 6.5 0
13.85714285714286 6.333333333333334 0
14.02380952380952 6.666666666666667 0
13.85714285714286 6.833333333333334 0
13.85714285714286 6.666666666666667 0
14.02380952380952 7.000000000000001 0
13.85714285714286 7.166666666666668 0
13.85714285714286 7 0
14.02380952380952 7.333333333333334 0
13.85714285714286 7.5 0
13.85714285714286 7.333333333333334 0
14.02380952380952 7.666666666666667 0
13.85714285714286 7.833333333333334 0
13.85714285714286 7.666666666666667 0
14.02380952380952 8 0
13.85714285714286 8.166666666666666 0
13.85714285714286 8 0
14.02380952380952 8.333333333333332 0
13.85714285714286 8.333333333333332 0
14.35714285714286 0.1875 0
14.19047619047619 0.375 0
14.19047619047619 0.1875 0
14.35714285714286 0.5625 0
14.19047619047619 0.75 0
14.19047619047619 0.5625 0
14.35714285714286 0.9375 0
14.19047619047619 1.125 0
14.19047619047619 0.9375 0
14.35714285714286 1.3125 0
14.19047619047619 1.5 0
14.19047619047619 1.3125 0
14.35714285714286 1.666666666666667 0
14.19047619047619 1.833333333333333 0
14.19047619047619 1.666666666666666 0
14.35714285714286 2 0
14.19047619047619 2.166666666666667 0
14.19047619047619 2 0
14.35714285714286 2.333333333333333 0
14.19047619047619 2.5 0
14.19047619047619 2.333333333333333 0
14.35714285714286 2.666666666666666 0
14.19047619047619 2.833333333333333 0
14.19047619047619 2.666666666666666 0
14.35714285714286 3 0
14.19047619047619 3.166666666666667 0
14.19047619047619 3 0
14.35714285714286 3.333333333333333 0
14.19047619047619 3.5 0
14.19047619047619 3.333333333333333 0
14.35714285714286 3.666666666666667 0
14.19047619047619 3.833333333333334 0
14.19047619047619 3.666666666666667 0
14.35714285714286 4 0
14.19047619047619 4.166666666666667 0
14.19047619047619 4.000000000000001 0
14.35714285714286 4.333333333333334 0
14.19047619047619 4.5 0
14.19047619047619 4.333333333333334 0
14.35714285714286 4.666666666666666 0
14.19047619047619 4.833333333333333 0
14.19047619047619 4.666666666666666 0
14.35714285714286 5 0
14.19047619047619 5.166666666666667 0
14.19047619047619 5 0
14.35714285714286 5.333333333333334 0
14.19047619047619 5.5 0
14.19047619047619 5.333333333333334 0
14.35714285714286 5.666666666666666 0
14.19047619047619 5.833333333333333 0
14.19047619047619 5.666666666666666 0
14.35714285714286 6 0
14.19047619047619 6.166666666666666 0
14.19047619047619 6 0
14.35714285714286 6.333333333333333 0
14.19047619047619 6.5 0
14.19047619047619 6.333333333333333 0
14.35714285714286 6.666666666666666 0
14.19047619047619 6.833333333333334 0
14.19047619047619 6.666666666666666 0
14.35714285714286 7 0
14.19047619047619 7.166666666666667 0
14.19047619047619 7 0
14.35714285714286 7.333333333333334 0
14.19047619047619 7.5 0
14.19047619047619 7.333333333333334 0
14.35714285714286 7.666666666666666 0
14.19047619047619 7.833333333333334 0
14.19047619047619 7.666666666666667 0
14.35714285714286 8 0
14.19047619047619 8.166666666666666 0
14.19047619047619 8 0
14.35714285714286 8.333333333333332 0
14.19047619047619 8.333333333333332 0
14.69047619047619 0.1875 0
14.52380952380952 0.375 0
14.52380952380952 0.1875 0
14.69047619047619 0.5625 0
14.52380952380952 0.75 0
14.52380952380952 0.5625 0
14.69047619047619 0.9375 0
14.52380952380952 1.125 0
14.52380952380952 0.9375 0
14.69047619047619 1.3125 0
14.52380952380952 1.5 0
14.52380952380952 1.3125 0
14.69047619047619 1.666666666666666 0
14.52380952380952 1.833333333333333 0
14.52380952380952 1.666666666666666 0
14.69047619047619 2 0
14.52380952380952 2.166666666666667 0
14.52380952380952 2 0
14.69047619047619 2.333333333333334 0
14.52380952380952 2.5 0
14.52380952380952 2.333333333333333 0
14.69047619047619 2.666666666666667 0
14.52380952380952 2.833333333333333 0
14.52380952380952 2.666666666666667 0
14.69047619047619 3 0
14.52380952380952 3.166666666666667 0
14.52380952380952 3 0
14.69047619047619 3.333333333333333 0
14.52380952380952 3.5 0
14.52380952380952 3.333333333333333 0
14.69047619047619 3.666666666666667 0
14.52380952380952 3.833333333333334 0
14.52380952380952 3.666666666666667 0
14.69047619047619 4 0
14.52380952380952 4.166666666666667 0
14.52380952380952 4 0
14.69047619047619 4.333333333333333 0
14.52380952380952 4.5 0
14.52380952380952 4.333333333333333 0
14.69047619047619 4.666666666666666 0
14.52380952380952 4.833333333333333 0
14.52380952380952 4.666666666666666 0
14.69047619047619 5 0
14.52380952380952 5.166666666666667 0
14.52380952380952 5 0
14.69047619047619 5.333333333333334 0
14.52380952380952 5.5 0
14.52380952380952 5.333333333333334 0
14.69047619047619 5.666666666666666 0
14.52380952380952 5.833333333333333 0
14.52380952380952 5.666666666666666 0
14.69047619047619 5.999999999999999 0
14.52380952380952 6.166666666666666 0
14.52380952380952 6 0
14.69047619047619 6.333333333333333 0
14.52380952380952 6.5 0
14.52380952380952 6.333333333333333 0
14.69047619047619 6.666666666666667 0
14.52380952380952 6.833333333333334 0
14.52380952380952 6.666666666666666 0
14.69047619047619 7.000000000000001 0
14.52380952380952 7.166666666666667 0
14.52380952380952 7.000000000000001 0
14.69047619047619 7.333333333333334 0
14.52380952380952 7.5 0
14.52380952380952 7.333333333333334 0
14.69047619047619 7.666666666666667 0
14.52380952380952 7.833333333333333 0
14.52380952380952 7.666666666666666 0
14.69047619047619 8 0
14.52380952380952 8.166666666666666 0
14.52380952380952 8 0
14.69047619047619 8.333333333333332 0
14.52380952380952 8.333333333333332 0
15.02380952380952 0.1875 0
14.85714285714286 0.375 0
14.85714285714286 0.1875 0
15.02380952380952 0.5625 0
14.85714285714286 0.75 0
14.85714285714286 0.5625 0
15.02380952380952 0.9375 0
14.85714285714286 1.125 0
14.85714285714286 0.9375 0
15.02380952380952 1.3125 0
14.85714285714286 1.499999999999999 0
14.85714285714286 1.312499999999999 0
15.02380952380952 1.666666666666666 0
14.85714285714286 1.833333333333333 0
14.85714285714286 1.666666666666666 0
15.02380952380952 2 0
14.85714285714286 2.166666666666668 0
14.85714285714286 2 0
15.02380952380952 2.333333333333333 0
14.85714285714286 2.5 0
14.85714285714286 2.333333333333334 0
15.02380952380952 2.666666666666667 0
14.85714285714286 2.833333333333333 0
14.85714285714286 2.666666666666667 0
15.02380952380952 3 0
14.85714285714286 3.166666666666667 0
14.85714285714286 3 0
15.02380952380952 3.333333333333333 0
14.85714285714286 3.5 0
14.85714285714286 3.333333333333333 0
15.02380952380952 3.666666666666667 0
14.85714285714286 3.833333333333333 0
14.85714285714286 3.666666666666667 0
15.02380952380952 4 0
14.85714285714286 4.166666666666667 0
14.85714285714286 4 0
15.02380952380952 4.333333333333333 0
14.85714285714286 4.5 0
14.85714285714286 4.333333333333333 0
15.02380952380952 4.666666666666666 0
14.85714285714286 4.833333333333333 0
14.85714285714286 4.666666666666666 0
15.02380952380952 5 0
14.85714285714286 5.166666666666667 0
14.85714285714286 5 0
15.02380952380952 5.333333333333333 0
14.85714285714286 5.5 0
14.85714285714286 5.333333333333334 0
15.02380952380952 5.666666666666666 0
14.85714285714286 5.833333333333332 0
14.85714285714286 5.666666666666666 0
15.02380952380952 5.999999999999999 0
14.85714285714286 6.166666666666666 0
14.85714285714286 5.999999999999999 0
15.02380952380952 6.333333333333333 0
14.85714285714286 6.5 0
14.85714285714286 6.333333333333333 0
15.02380952380952 6.666666666666667 0
14.85714285714286 6.833333333333334 0
14.85714285714286 6.666666666666667 0
15.02380952380952 7 0
14.85714285714286 7.166666666666668 0
14.85714285714286 7 0
15.02380952380952 7.333333333333334 0
14.85714285714286 7.5 0
14.85714285714286 7.333333333333334 0
15.02380952380952 7.666666666666666 0
14.85714285714286 7.833333333333333 0
14.85714285714286 7.666666666666667 0
15.02380952380952 8 0
14.85714285714286 8.166666666666666 0
14.85714285714286 8 0
15.02380952380952 8.333333333333332 0
14.85714285714286 8.333333333333332 0
15.19047619047619 0.375 0
15.19047619047619 0.1875 0
15.19047619047619 0.75 0
15.19047619047619 0.5625 0
15.19047619047619 1.125 0
15.19047619047619 0.9375 0
15.19047619047619 1.5 0
15.19047619047619 1.3125 0
15.19047619047619 1.833333333333333 0
15.19047619047619 1.666666666666667 0
15.19047619047619 2.166666666666667 0
15.19047619047619 2 0
15.19047619047619 2.5 0
15.19047619047619 2.333333333333333 0
15.19047619047619 2.833333333333333 0
15.19047619047619 2.666666666666667 0
15.19047619047619 3.166666666666667 0
15.19047619047619 3 0
15.19047619047619 3.5 0
15.19047619047619 3.333333333333333 0
15.19047619047619 3.833333333333333 0
15.19047619047619 3.666666666666667 0
15.19047619047619 4.166666666666667 0
15.19047619047619 4 0
15.19047619047619 4.5 0
15.19047619047619 4.333333333333334 0
15.19047619047619 4.833333333333333 0
15.19047619047619 4.666666666666666 0
15.19047619047619 5.166666666666667 0
15.19047619047619 5 0
15.19047619047619 5.5 0
15.19047619047619 5.333333333333334 0
15.19047619047619 5.833333333333332 0
15.19047619047619 5.666666666666666 0
15.19047619047619 6.166666666666666 0
15.19047619047619 6 0
15.19047619047619 6.5 0
15.19047619047619 6.333333333333333 0
15.19047619047619 6.833333333333333 0
15.19047619047619 6.666666666666666 0
15.19047619047619 7.166666666666668 0
15.19047619047619 7 0
15.19047619047619 7.5 0
15.19047619047619 7.333333333333334 0
15.19047619047619 7.833333333333333 0
15.19047619047619 7.666666666666667 0
15.19047619047619 8.166666666666666 0
15.19047619047619 8 0
15.19047619047619 8.333333333333332 0
18.47619047619047 0.375 0
18.47619047619047 0.7499999999999996 0
18.47619047619047 1.125 0
18.47619047619047 1.5 0
18.47619047619047 1.833333333333333 0
18.47619047619047 2.166666666666667 0
18.47619047619047 2.499999999999999 0
18.47619047619047 2.833333333333333 0
18.47619047619047 3.166666666666667 0
18.47619047619047 3.5 0
18.47619047619047 3.833333333333334 0
18.47619047619047 4.166666666666667 0
18.47619047619047 4.5 0
18.47619047619047 4.833333333333333 0
18.47619047619047 5.166666666666667 0
18.47619047619047 5.5 0
18.47619047619047 5.833333333333334 0
18.47619047619047 6.166666666666667 0
18.47619047619047 6.500000000000001 0
18.47619047619047 6.833333333333333 0
18.47619047619047 7.166666666666667 0
18.47619047619047 7.5 0
18.47619047619047 7.833333333333334 0
18.47619047619047 8.166666666666666 0
18.80952380952381 0.375 0
18.80952380952381 0.7499999999999996 0
18.80952380952381 1.125 0
18.80952380952381 1.5 0
18.80952380952381 1.833333333333333 0
18.80952380952381 2.166666666666667 0
18.80952380952381 2.5 0
18.80952380952381 2.833333333333333 0
18.80952380952381 3.166666666666666 0
18.80952380952381 3.5 0
18.80952380952381 3.833333333333334 0
18.80952380952381 4.166666666666667 0
18.80952380952381 4.5 0
18.80952380952381 4.833333333333333 0
18.80952380952381 5.166666666666667 0
18.80952380952381 5.5 0
18.80952380952381 5.833333333333333 0
18.80952380952381 6.166666666666666 0
18.80952380952381 6.5 0
18.80952380952381 6.833333333333333 0
18.80952380952381 7.166666666666667 0
18.80952380952381 7.5 0
18.80952380952381 7.833333333333334 0
18.80952380952381 8.166666666666666 0
19.14285714285714 0.375 0
19.14285714285714 0.75 0
19.14285714285714 1.125 0
19.14285714285714 1.5 0
19.14285714285714 1.833333333333333 0
19.14285714285714 2.166666666666667 0
19.14285714285714 2.5 0
19.14285714285714 2.833333333333333 0
19.14285714285714 3.166666666666667 0
19.14285714285714 3.5 0
19.14285714285714 3.833333333333334 0
19.14285714285714 4.166666666666667 0
19.14285714285714 4.5 0
19.14285714285714 4.833333333333333 0
19.14285714285714 5.166666666666667 0
19.14285714285714 5.5 0
19.14285714285714 5.833333333333333 0
19.14285714285714 6.166666666666666 0
19.14285714285714 6.5 0
19.14285714285714 6.833333333333333 0
19.14285714285714 7.166666666666667 0
19.14285714285714 7.5 0
19.14285714285714 7.833333333333333 0
19.14285714285714 8.166666666666666 0
19.47619047619047 0.375 0
19.47619047619047 0.7499999999999996 0
19.47619047619047 1.125 0
19.47619047619047 1.5 0
19.47619047619047 1.833333333333333 0
19.47619047619047 2.166666666666667 0
19.47619047619047 2.5 0
19.47619047619047 2.833333333333333 0
19.47619047619047 3.166666666666667 0
19.47619047619047 3.5 0
19.47619047619047 3.833333333333333 0
19.47619047619047 4.166666666666667 0
19.47619047619047 4.5 0
19.47619047619047 4.833333333333333 0
19.47619047619047 5.166666666666667 0
19.47619047619047 5.5 0
19.47619047619047 5.833333333333333 0
19.47619047619047 6.166666666666666 0
19.47619047619047 6.5 0
19.47619047619047 6.833333333333333 0
19.47619047619047 7.166666666666667 0
19.47619047619047 7.5 0
19.47619047619047 7.833333333333333 0
19.47619047619047 8.166666666666666 0
19.80952380952381 0.375 0
19.80952380952381 0.7499999999999996 0
19.80952380952381 1.125 0
19.80952380952381 1.5 0
19.80952380952381 1.833333333333333 0
19.80952380952381 2.166666666666667 0
19.80952380952381 2.499999999999999 0
19.80952380952381 2.833333333333333 0
19.80952380952381 3.166666666666667 0
19.80952380952381 3.5 0
19.80952380952381 3.833333333333333 0
19.80952380952381 4.166666666666667 0
19.80952380952381 4.5 0
19.80952380952381 4.833333333333333 0
19.80952380952381 5.166666666666667 0
19.80952380952381 5.5 0
19.80952380952381 5.833333333333333 0
19.80952380952381 6.166666666666666 0
19.80952380952381 6.500000000000001 0
19.80952380952381 6.833333333333334 0
19.80952380952381 7.166666666666667 0
19.80952380952381 7.5 0
19.80952380952381 7.833333333333333 0
19.80952380952381 8.166666666666666 0
18.47619047619047 0.1875 0
18.30952380952381 0.375 0
18.30952380952381 0.1875 0
18.47619047619047 0.5625 0
18.30952380952381 0.75 0
18.30952380952381 0.5625 0
18.47619047619047 0.9375 0
18.30952380952381 1.125 0
18.30952380952381 0.9375 0
18.47619047619047 1.3125 0
18.30952380952381 1.5 0
18.30952380952381 1.3125 0
18.47619047619047 1.666666666666667 0
18.30952380952381 1.833333333333333 0
18.30952380952381 1.666666666666667 0
18.47619047619047 2 0
18.30952380952381 2.166666666666667 0
18.30952380952381 2 0
18.47619047619047 2.333333333333333 0
18.30952380952381 2.5 0
18.30952380952381 2.333333333333333 0
18.47619047619047 2.666666666666666 0
18.30952380952381 2.833333333333333 0
18.30952380952381 2.666666666666667 0
18.47619047619047 3 0
18.30952380952381 3.166666666666667 0
18.30952380952381 3 0
18.47619047619047 3.333333333333333 0
18.30952380952381 3.5 0
18.30952380952381 3.333333333333333 0
18.47619047619047 3.666666666666667 0
18.30952380952381 3.833333333333334 0
18.30952380952381 3.666666666666667 0
18.47619047619047 4 0
18.30952380952381 4.166666666666667 0
18.30952380952381 4 0
18.47619047619047 4.333333333333334 0
18.30952380952381 4.5 0
18.30952380952381 4.333333333333334 0
18.47619047619047 4.666666666666666 0
18.30952380952381 4.833333333333333 0
18.30952380952381 4.666666666666666 0
18.47619047619047 5 0
18.30952380952381 5.166666666666667 0
18.30952380952381 5 0
18.47619047619047 5.333333333333334 0
18.30952380952381 5.5 0
18.30952380952381 5.333333333333334 0
18.47619047619047 5.666666666666667 0
18.30952380952381 5.833333333333334 0
18.30952380952381 5.666666666666666 0
18.47619047619047 6 0
18.30952380952381 6.166666666666667 0
18.30952380952381 6 0
18.47619047619047 6.333333333333334 0
18.30952380952381 6.5 0
18.30952380952381 6.333333333333334 0
18.47619047619047 6.666666666666667 0
18.30952380952381 6.833333333333333 0
18.30952380952381 6.666666666666667 0
18.47619047619047 7 0
18.30952380952381 7.166666666666667 0
18.30952380952381 7 0
18.47619047619047 7.333333333333334 0
18.30952380952381 7.5 0
18.30952380952381 7.333333333333334 0
18.47619047619047 7.666666666666667 0
18.30952380952381 7.833333333333334 0
18.30952380952381 7.666666666666667 0
18.47619047619047 8 0
18.30952380952381 8.166666666666666 0
18.30952380952381 8 0
18.47619047619047 8.333333333333332 0
18.30952380952381 8.333333333333332 0
18.80952380952381 0.1875 0
18.64285714285714 0.375 0
18.64285714285714 0.1875 0
18.80952380952381 0.5625 0
18.64285714285714 0.7499999999999996 0
18.64285714285714 0.5625 0
18.80952380952381 0.9375 0
18.64285714285714 1.125 0
18.64285714285714 0.9375 0
18.80952380952381 1.3125 0
18.64285714285714 1.5 0
18.64285714285714 1.3125 0
18.80952380952381 1.666666666666667 0
18.64285714285714 1.833333333333333 0
18.64285714285714 1.666666666666667 0
18.80952380952381 2 0
18.64285714285714 2.166666666666667 0
18.64285714285714 2 0
18.80952380952381 2.333333333333333 0
18.64285714285714 2.5 0
18.64285714285714 2.333333333333333 0
18.80952380952381 2.666666666666666 0
18.64285714285714 2.833333333333333 0
18.64285714285714 2.666666666666666 0
18.80952380952381 3 0
18.64285714285714 3.166666666666667 0
18.64285714285714 3 0
18.80952380952381 3.333333333333333 0
18.64285714285714 3.5 0
18.64285714285714 3.333333333333333 0
18.80952380952381 3.666666666666667 0
18.64285714285714 3.833333333333334 0
18.64285714285714 3.666666666666667 0
18.80952380952381 4 0
18.64285714285714 4.166666666666667 0
18.64285714285714 4 0
18.80952380952381 4.333333333333334 0
18.64285714285714 4.5 0
18.64285714285714 4.333333333333334 0
18.80952380952381 4.666666666666666 0
18.64285714285714 4.833333333333333 0
18.64285714285714 4.666666666666666 0
18.80952380952381 5 0
18.64285714285714 5.166666666666667 0
18.64285714285714 5 0
18.80952380952381 5.333333333333333 0
18.64285714285714 5.5 0
18.64285714285714 5.333333333333334 0
18.80952380952381 5.666666666666666 0
18.64285714285714 5.833333333333334 0
18.64285714285714 5.666666666666666 0
18.80952380952381 6 0
18.64285714285714 6.166666666666666 0
18.64285714285714 6 0
18.80952380952381 6.333333333333333 0
18.64285714285714 6.5 0
18.64285714285714 6.333333333333334 0
18.80952380952381 6.666666666666666 0
18.64285714285714 6.833333333333333 0
18.64285714285714 6.666666666666666 0
18.80952380952381 7 0
18.64285714285714 7.166666666666667 0
18.64285714285714 7 0
18.80952380952381 7.333333333333334 0
18.64285714285714 7.5 0
18.64285714285714 7.333333333333334 0
18.80952380952381 7.666666666666667 0
18.64285714285714 7.833333333333334 0
18.64285714285714 7.666666666666667 0
18.80952380952381 8 0
18.64285714285714 8.166666666666666 0
18.64285714285714 8 0
18.80952380952381 8.333333333333332 0
18.64285714285714 8.333333333333332 0
19.14285714285714 0.1875 0
18.97619047619047 0.375 0
18.97619047619047 0.1875 0
19.14285714285714 0.5625 0
18.97619047619047 0.75 0
18.97619047619047 0.5625 0
19.14285714285714 0.9375 0
18.97619047619047 1.125 0
18.97619047619047 0.9375 0
19.14285714285714 1.3125 0
18.97619047619047 1.5 0
18.97619047619047 1.3125 0
19.14285714285714 1.666666666666667 0
18.97619047619047 1.833333333333333 0
18.97619047619047 1.666666666666667 0
19.14285714285714 2 0
18.97619047619047 2.166666666666667 0
18.97619047619047 2 0
19.14285714285714 2.333333333333333 0
18.97619047619047 2.5 0
18.97619047619047 2.333333333333333 0
19.14285714285714 2.666666666666666 0
18.97619047619047 2.833333333333333 0
18.97619047619047 2.666666666666666 0
19.14285714285714 3 0
18.97619047619047 3.166666666666667 0
18.97619047619047 3 0
19.14285714285714 3.333333333333333 0
18.97619047619047 3.5 0
18.97619047619047 3.333333333333333 0
19.14285714285714 3.666666666666667 0
18.97619047619047 3.833333333333334 0
18.97619047619047 3.666666666666667 0
19.14285714285714 4 0
18.97619047619047 4.166666666666667 0
18.97619047619047 4 0
19.14285714285714 4.333333333333334 0
18.97619047619047 4.5 0
18.97619047619047 4.333333333333334 0
19.14285714285714 4.666666666666666 0
18.97619047619047 4.833333333333333 0
18.97619047619047 4.666666666666666 0
19.14285714285714 5 0
18.97619047619047 5.166666666666667 0
18.97619047619047 5 0
19.14285714285714 5.333333333333334 0
18.97619047619047 5.5 0
18.97619047619047 5.333333333333333 0
19.14285714285714 5.666666666666666 0
18.97619047619047 5.833333333333333 0
18.97619047619047 5.666666666666666 0
19.14285714285714 6 0
18.97619047619047 6.166666666666666 0
18.97619047619047 6 0
19.14285714285714 6.333333333333333 0
18.97619047619047 6.5 0
18.97619047619047 6.333333333333333 0
19.14285714285714 6.666666666666666 0
18.97619047619047 6.833333333333333 0
18.97619047619047 6.666666666666666 0
19.14285714285714 7 0
18.97619047619047 7.166666666666667 0
18.97619047619047 7 0
19.14285714285714 7.333333333333334 0
18.97619047619047 7.5 0
18.97619047619047 7.333333333333334 0
19.14285714285714 7.666666666666666 0
18.97619047619047 7.833333333333334 0
18.97619047619047 7.666666666666667 0
19.14285714285714 8 0
18.97619047619047 8.166666666666666 0
18.97619047619047 8 0
19.14285714285714 8.333333333333332 0
18.97619047619047 8.333333333333332 0
19.47619047619047 0.1875 0
19.30952380952381 0.375 0
19.30952380952381 0.1875 0
19.47619047619047 0.5625 0
19.30952380952381 0.75 0
19.30952380952381 0.5625 0
19.47619047619047 0.9375 0
19.30952380952381 1.125 0
19.30952380952381 0.9375 0
19.47619047619047 1.3125 0
19.30952380952381 1.5 0
19.30952380952381 1.3125 0
19.47619047619047 1.666666666666667 0
19.30952380952381 1.833333333333333 0
19.30952380952381 1.666666666666667 0
19.47619047619047 2 0
19.30952380952381 2.166666666666667 0
19.30952380952381 2 0
19.47619047619047 2.333333333333333 0
19.30952380952381 2.5 0
19.30952380952381 2.333333333333333 0
19.47619047619047 2.666666666666666 0
19.30952380952381 2.833333333333333 0
19.30952380952381 2.666666666666666 0
19.47619047619047 3 0
19.30952380952381 3.166666666666667 0
19.30952380952381 3 0
19.47619047619047 3.333333333333333 0
19.30952380952381 3.5 0
19.30952380952381 3.333333333333333 0
19.47619047619047 3.666666666666667 0
19.30952380952381 3.833333333333334 0
19.30952380952381 3.666666666666667 0
19.47619047619047 4 0
19.30952380952381 4.166666666666667 0
19.30952380952381 4 0
19.47619047619047 4.333333333333334 0
19.30952380952381 4.5 0
19.30952380952381 4.333333333333334 0
19.47619047619047 4.666666666666666 0
19.30952380952381 4.833333333333333 0
19.30952380952381 4.666666666666666 0
19.47619047619047 5 0
19.30952380952381 5.166666666666667 0
19.30952380952381 5 0
19.47619047619047 5.333333333333333 0
19.30952380952381 5.5 0
19.30952380952381 5.333333333333334 0
19.47619047619047 5.666666666666666 0
19.30952380952381 5.833333333333333 0
19.30952380952381 5.666666666666666 0
19.47619047619047 6 0
19.30952380952381 6.166666666666666 0
19.30952380952381 6 0
19.47619047619047 6.333333333333333 0
19.30952380952381 6.5 0
19.30952380952381 6.333333333333333 0
19.47619047619047 6.666666666666666 0
19.30952380952381 6.833333333333333 0
19.30952380952381 6.666666666666666 0
19.47619047619047 7 0
19.30952380952381 7.166666666666667 0
19.30952380952381 7 0
19.47619047619047 7.333333333333334 0
19.30952380952381 7.5 0
19.30952380952381 7.333333333333334 0
19.47619047619047 7.666666666666666 0
19.30952380952381 7.833333333333333 0
19.30952380952381 7.666666666666667 0
19.47619047619047 8 0
19.30952380952381 8.166666666666666 0
19.30952380952381 8 0
19.47619047619047 8.333333333333332 0
19.30952380952381 8.333333333333332 0
19.80952380952381 0.1875 0
19.64285714285714 0.375 0
19.64285714285714 0.1875 0
19.80952380952381 0.5625 0
19.64285714285714 0.7499999999999996 0
19.64285714285714 0.5625 0
19.80952380952381 0.9375 0
19.64285714285714 1.125 0
19.64285714285714 0.9375 0
19.80952380952381 1.3125 0
19.64285714285714 1.5 0
19.64285714285714 1.3125 0
19.80952380952381 1.666666666666666 0
19.64285714285714 1.833333333333333 0
19.64285714285714 1.666666666666666 0
19.80952380952381 2 0
19.64285714285714 2.166666666666667 0
19.64285714285714 2 0
19.80952380952381 2.333333333333333 0
19.64285714285714 2.5 0
19.64285714285714 2.333333333333333 0
19.80952380952381 2.666666666666666 0
19.64285714285714 2.833333333333333 0
19.64285714285714 2.666666666666666 0
19.80952380952381 3 0
19.64285714285714 3.166666666666667 0
19.64285714285714 3 0
19.80952380952381 3.333333333333333 0
19.64285714285714 3.5 0
19.64285714285714 3.333333333333333 0
19.80952380952381 3.666666666666667 0
19.64285714285714 3.833333333333333 0
19.64285714285714 3.666666666666667 0
19.80952380952381 4 0
19.64285714285714 4.166666666666667 0
19.64285714285714 4 0
19.80952380952381 4.333333333333334 0
19.64285714285714 4.5 0
19.64285714285714 4.333333333333334 0
19.80952380952381 4.666666666666666 0
19.64285714285714 4.833333333333333 0
19.64285714285714 4.666666666666666 0
19.80952380952381 5 0
19.64285714285714 5.166666666666667 0
19.64285714285714 5 0
19.80952380952381 5.333333333333334 0
19.64285714285714 5.5 0
19.64285714285714 5.333333333333333 0
19.80952380952381 5.666666666666666 0
19.64285714285714 5.833333333333333 0
19.64285714285714 5.666666666666666 0
19.80952380952381 6 0
19.64285714285714 6.166666666666666 0
19.64285714285714 6 0
19.80952380952381 6.333333333333334 0
19.64285714285714 6.5 0
19.64285714285714 6.333333333333334 0
19.80952380952381 6.666666666666667 0
19.64285714285714 6.833333333333333 0
19.64285714285714 6.666666666666666 0
19.80952380952381 7 0
19.64285714285714 7.166666666666667 0
19.64285714285714 7 0
19.80952380952381 7.333333333333334 0
19.64285714285714 7.5 0
19.64285714285714 7.333333333333334 0
19.80952380952381 7.666666666666666 0
19.64285714285714 7.833333333333333 0
19.64285714285714 7.666666666666667 0
19.80952380952381 8 0
19.64285714285714 8.166666666666666 0
19.64285714285714 8 0
19.80952380952381 8.333333333333332 0
19.64285714285714 8.333333333333332 0
19.97619047619047 0.375 0
19.97619047619047 0.1875 0
19.97619047619047 0.75 0
19.97619047619047 0.5625 0
19.97619047619047 1.125 0
19.97619047619047 0.9375 0
19.97619047619047 1.5 0
19.97619047619047 1.3125 0
19.97619047619047 1.833333333333333 0
19.97619047619047 1.666666666666666 0
19.97619047619047 2.166666666666667 0
19.97619047619047 2 0
19.97619047619047 2.5 0
19.97619047619047 2.333333333333333 0
19.97619047619047 2.833333333333333 0
19.97619047619047 2.666666666666667 0
19.97619047619047 3.166666666666667 0
19.97619047619047 3 0
19.97619047619047 3.5 0
19.97619047619047 3.333333333333333 0
19.97619047619047 3.833333333333333 0
19.97619047619047 3.666666666666667 0
19.97619047619047 4.166666666666667 0
19.97619047619047 4 0
19.97619047619047 4.5 0
19.97619047619047 4.333333333333334 0
19.97619047619047 4.833333333333333 0
19.97619047619047 4.666666666666666 0
19.97619047619047 5.166666666666667 0
19.97619047619047 5 0
19.97619047619047 5.5 0
19.97619047619047 5.333333333333334 0
19.97619047619047 5.833333333333333 0
19.97619047619047 5.666666666666666 0
19.97619047619047 6.166666666666666 0
19.97619047619047 6 0
19.97619047619047 6.5 0
19.97619047619047 6.333333333333334 0
19.97619047619047 6.833333333333333 0
19.97619047619047 6.666666666666666 0
19.97619047619047 7.166666666666667 0
19.97619047619047 7 0
19.97619047619047 7.5 0
19.97619047619047 7.333333333333334 0
19.97619047619047 7.833333333333333 0
19.97619047619047 7.666666666666667 0
19.97619047619047 8.166666666666666 0
19.97619047619047 8 0
19.97619047619047 8.333333333333332 0
23.26190476190476 0.375 0
23.26190476190476 0.7499999999999996 0
23.26190476190476 1.125 0
23.26190476190476 1.5 0
23.26190476190476 1.833333333333333 0
23.26190476190476 2.166666666666667 0
23.26190476190476 2.499999999999999 0
23.26190476190476 2.833333333333333 0
23.26190476190476 3.166666666666667 0
23.26190476190476 3.5 0
23.26190476190476 3.833333333333334 0
23.26190476190476 4.166666666666667 0
23.26190476190476 4.5 0
23.26190476190476 4.833333333333333 0
23.26190476190476 5.166666666666667 0
23.26190476190476 5.5 0
23.26190476190476 5.833333333333334 0
23.26190476190476 6.166666666666667 0
23.26190476190476 6.500000000000001 0
23.26190476190476 6.833333333333333 0
23.26190476190476 7.166666666666667 0
23.26190476190476 7.5 0
23.26190476190476 7.833333333333334 0
23.26190476190476 8.166666666666666 0
23.59523809523809 0.375 0
23.59523809523809 0.7499999999999996 0
23.59523809523809 1.125 0
23.59523809523809 1.5 0
23.59523809523809 1.833333333333333 0
23.59523809523809 2.166666666666667 0
23.59523809523809 2.5 0
23.59523809523809 2.833333333333333 0
23.59523809523809 3.166666666666666 0
23.59523809523809 3.5 0
23.59523809523809 3.833333333333334 0
23.59523809523809 4.166666666666667 0
23.59523809523809 4.5 0
23.59523809523809 4.833333333333333 0
23.59523809523809 5.166666666666667 0
23.59523809523809 5.5 0
23.59523809523809 5.833333333333333 0
23.59523809523809 6.166666666666666 0
23.59523809523809 6.5 0
23.59523809523809 6.833333333333333 0
23.59523809523809 7.166666666666667 0
23.59523809523809 7.5 0
23.59523809523809 7.833333333333334 0
23.59523809523809 8.166666666666666 0
23.92857142857143 0.375 0
23.92857142857143 0.75 0
23.92857142857143 1.125 0
23.92857142857143 1.5 0
23.92857142857143 1.833333333333333 0
23.92857142857143 2.166666666666667 0
23.92857142857143 2.5 0
23.92857142857143 2.833333333333333 0
23.92857142857143 3.166666666666667 0
23.92857142857143 3.5 0
23.92857142857143 3.833333333333334 0
23.92857142857143 4.166666666666667 0
23.92857142857143 4.5 0
23.92857142857143 4.833333333333333 0
23.92857142857143 5.166666666666667 0
23.92857142857143 5.5 0
23.92857142857143 5.833333333333333 0
23.92857142857143 6.166666666666666 0
23.92857142857143 6.5 0
23.92857142857143 6.833333333333333 0
23.92857142857143 7.166666666666667 0
23.92857142857143 7.5 0
23.92857142857143 7.833333333333333 0
23.92857142857143 8.166666666666666 0
24.26190476190476 0.375 0
24.26190476190476 0.7499999999999996 0
24.26190476190476 1.125 0
24.26190476190476 1.5 0
24.26190476190476 1.833333333333333 0
24.26190476190476 2.166666666666667 0
24.26190476190476 2.5 0
24.26190476190476 2.833333333333333 0
24.26190476190476 3.166666666666667 0
24.26190476190476 3.5 0
24.26190476190476 3.833333333333333 0
24.26190476190476 4.166666666666667 0
24.26190476190476 4.5 0
24.26190476190476 4.833333333333333 0
24.26190476190476 5.166666666666667 0
24.26190476190476 5.5 0
24.26190476190476 5.833333333333333 0
24.26190476190476 6.166666666666666 0
24.26190476190476 6.5 0
24.26190476190476 6.833333333333333 0
24.26190476190476 7.166666666666667 0
24.26190476190476 7.5 0
24.26190476190476 7.833333333333333 0
24.26190476190476 8.166666666666666 0
24.59523809523809 0.375 0
24.59523809523809 0.7499999999999996 0
24.59523809523809 1.125 0
24.59523809523809 1.5 0
24.59523809523809 1.833333333333333 0
24.59523809523809 2.166666666666667 0
24.59523809523809 2.499999999999999 0
24.59523809523809 2.833333333333333 0
24.59523809523809 3.166666666666667 0
24.59523809523809 3.5 0
24.59523809523809 3.833333333333333 0
24.59523809523809 4.166666666666667 0
24.59523809523809 4.5 0
24.59523809523809 4.833333333333333 0
24.59523809523809 5.166666666666667 0
24.59523809523809 5.5 0
24.59523809523809 5.833333333333333 0
24.59523809523809 6.166666666666666 0
24.59523809523809 6.500000000000001 0
24.59523809523809 6.833333333333334 0
24.59523809523809 7.166666666666667 0
24.59523809523809 7.5 0
24.59523809523809 7.833333333333333 0
24.59523809523809 8.166666666666666 0
23.26190476190476 0.1875 0
23.09523809523809 0.375 0
23.09523809523809 0.1875 0
23.26190476190476 0.5625 0
23.09523809523809 0.75 0
23.09523809523809 0.5625 0
23.26190476190476 0.9375 0
23.09523809523809 1.125 0
23.09523809523809 0.9375 0
23.26190476190476 1.3125 0
23.09523809523809 1.5 0
23.09523809523809 1.3125 0
23.26190476190476 1.666666666666667 0
23.09523809523809 1.833333333333333 0
23.09523809523809 1.666666666666667 0
23.26190476190476 2 0
23.09523809523809 2.166666666666667 0
23.09523809523809 2 0
23.26190476190476 2.333333333333333 0
23.09523809523809 2.5 0
23.09523809523809 2.333333333333333 0
23.26190476190476 2.666666666666666 0
23.09523809523809 2.833333333333333 0
23.09523809523809 2.666666666666667 0
23.26190476190476 3 0
23.09523809523809 3.166666666666667 0
23.09523809523809 3 0
23.26190476190476 3.333333333333333 0
23.09523809523809 3.5 0
23.09523809523809 3.333333333333333 0
23.26190476190476 3.666666666666667 0
23.09523809523809 3.833333333333334 0
23.09523809523809 3.666666666666667 0
23.26190476190476 4 0
23.09523809523809 4.166666666666667 0
23.09523809523809 4 0
23.26190476190476 4.333333333333334 0
23.09523809523809 4.5 0
23.09523809523809 4.333333333333334 0
23.26190476190476 4.666666666666666 0
23.09523809523809 4.833333333333333 0
23.09523809523809 4.666666666666666 0
23.26190476190476 5 0
23.09523809523809 5.166666666666667 0
23.09523809523809 5 0
23.26190476190476 5.333333333333334 0
23.09523809523809 5.5 0
23.09523809523809 5.333333333333334 0
23.26190476190476 5.666666666666667 0
23.09523809523809 5.833333333333334 0
23.09523809523809 5.666666666666666 0
23.26190476190476 6 0
23.09523809523809 6.166666666666667 0
23.09523809523809 6 0
23.26190476190476 6.333333333333334 0
23.09523809523809 6.5 0
23.09523809523809 6.333333333333334 0
23.26190476190476 6.666666666666667 0
23.09523809523809 6.833333333333333 0
23.09523809523809 6.666666666666667 0
23.26190476190476 7 0
23.09523809523809 7.166666666666667 0
23.09523809523809 7 0
23.26190476190476 7.333333333333334 0
23.09523809523809 7.5 0
23.09523809523809 7.333333333333334 0
23.26190476190476 7.666666666666667 0
23.09523809523809 7.833333333333334 0
23.09523809523809 7.666666666666667 0
23.26190476190476 8 0
23.09523809523809 8.166666666666666 0
23.09523809523809 8 0
23.26190476190476 8.333333333333332 0
23.09523809523809 8.333333333333332 0
23.59523809523809 0.1875 0
23.42857142857143 0.375 0
23.42857142857143 0.1875 0
23.59523809523809 0.5625 0
23.42857142857143 0.7499999999999996 0
23.42857142857143 0.5625 0
23.59523809523809 0.9375 0
23.42857142857143 1.125 0
23.42857142857143 0.9375 0
23.59523809523809 1.3125 0
23.42857142857143 1.5 0
23.42857142857143 1.3125 0
23.59523809523809 1.666666666666667 0
23.42857142857143 1.833333333333333 0
23.42857142857143 1.666666666666667 0
23.59523809523809 2 0
23.42857142857143 2.166666666666667 0
23.42857142857143 2 0
23.59523809523809 2.333333333333333 0
23.42857142857143 2.5 0
23.42857142857143 2.333333333333333 0
23.59523809523809 2.666666666666666 0
23.42857142857143 2.833333333333333 0
23.42857142857143 2.666666666666666 0
23.59523809523809 3 0
23.42857142857143 3.166666666666667 0
23.42857142857143 3 0
23.59523809523809 3.333333333333333 0
23.42857142857143 3.5 0
23.42857142857143 3.333333333333333 0
23.59523809523809 3.666666666666667 0
23.42857142857143 3.833333333333334 0
23.42857142857143 3.666666666666667 0
23.59523809523809 4 0
23.42857142857143 4.166666666666667 0
23.42857142857143 4 0
23.59523809523809 4.333333333333334 0
23.42857142857143 4.5 0
23.42857142857143 4.333333333333334 0
23.59523809523809 4.666666666666666 0
23.42857142857143 4.833333333333333 0
23.42857142857143 4.666666666666666 0
23.59523809523809 5 0
23.42857142857143 5.166666666666667 0
23.42857142857143 5 0
23.59523809523809 5.333333333333333 0
23.42857142857143 5.5 0
23.42857142857143 5.333333333333334 0
23.59523809523809 5.666666666666666 0
23.42857142857143 5.833333333333334 0
23.42857142857143 5.666666666666666 0
23.59523809523809 6 0
23.42857142857143 6.166666666666666 0
23.42857142857143 6 0
23.59523809523809 6.333333333333333 0
23.42857142857143 6.5 0
23.42857142857143 6.333333333333334 0
23.59523809523809 6.666666666666666 0
23.42857142857143 6.833333333333333 0
23.42857142857143 6.666666666666666 0
23.59523809523809 7 0
23.42857142857143 7.166666666666667 0
23.42857142857143 7 0
23.59523809523809 7.333333333333334 0
23.42857142857143 7.5 0
23.42857142857143 7.333333333333334 0
23.59523809523809 7.666666666666667 0
23.42857142857143 7.833333333333334 0
23.42857142857143 7.666666666666667 0
23.59523809523809 8 0
23.42857142857143 8.166666666666666 0
23.42857142857143 8 0
23.59523809523809 8.333333333333332 0
23.42857142857143 8.333333333333332 0
23.92857142857143 0.1875 0
23.76190476190476 0.375 0
23.76190476190476 0.1875 0
23.92857142857143 0.5625 0
23.76190476190476 0.75 0
23.76190476190476 0.5625 0
23.92857142857143 0.9375 0
23.76190476190476 1.125 0
23.76190476190476 0.9375 0
23.92857142857143 1.3125 0
23.76190476190476 1.5 0
23.76190476190476 1.3125 0
23.92857142857143 1.666666666666667 0
23.76190476190476 1.833333333333333 0
23.76190476190476 1.666666666666667 0
23.92857142857143 2 0
23.76190476190476 2.166666666666667 0
23.76190476190476 2 0
23.92857142857143 2.333333333333333 0
23.76190476190476 2.5 0
23.76190476190476 2.333333333333333 0
23.92857142857143 2.666666666666666 0
23.76190476190476 2.833333333333333 0
23.76190476190476 2.666666666666666 0
23.92857142857143 3 0
23.76190476190476 3.166666666666667 0
23.76190476190476 3 0
23.92857142857143 3.333333333333333 0
23.76190476190476 3.5 0
23.76190476190476 3.333333333333333 0
23.92857142857143 3.666666666666667 0
23.76190476190476 3.833333333333334 0
23.76190476190476 3.666666666666667 0
23.92857142857143 4 0
23.76190476190476 4.166666666666667 0
23.76190476190476 4 0
23.92857142857143 4.333333333333334 0
23.76190476190476 4.5 0
23.76190476190476 4.333333333333334 0
23.92857142857143 4.666666666666666 0
23.76190476190476 4.833333333333333 0
23.76190476190476 4.666666666666666 0
23.92857142857143 5 0
23.76190476190476 5.166666666666667 0
23.76190476190476 5 0
23.92857142857143 5.333333333333334 0
23.76190476190476 5.5 0
23.76190476190476 5.333333333333333 0
23.92857142857143 5.666666666666666 0
23.76190476190476 5.833333333333333 0
23.76190476190476 5.666666666666666 0
23.92857142857143 6 0
23.76190476190476 6.166666666666666 0
23.76190476190476 6 0
23.92857142857143 6.333333333333333 0
23.76190476190476 6.5 0
23.76190476190476 6.333333333333333 0
23.92857142857143 6.666666666666666 0
23.76190476190476 6.833333333333333 0
23.76190476190476 6.666666666666666 0
23.92857142857143 7 0
23.76190476190476 7.166666666666667 0
23.76190476190476 7 0
23.92857142857143 7.333333333333334 0
23.76190476190476 7.5 0
23.76190476190476 7.333333333333334 0
23.92857142857143 7.666666666666666 0
23.76190476190476 7.833333333333334 0
23.76190476190476 7.666666666666667 0
23.92857142857143 8 0
23.76190476190476 8.166666666666666 0
23.76190476190476 8 0
23.92857142857143 8.333333333333332 0
23.76190476190476 8.333333333333332 0
24.26190476190476 0.1875 0
24.09523809523809 0.375 0
24.09523809523809 0.1875 0
24.26190476190476 0.5625 0
24.09523809523809 0.75 0
24.09523809523809 0.5625 0
24.26190476190476 0.9375 0
24.09523809523809 1.125 0
24.09523809523809 0.9375 0
24.26190476190476 1.3125 0
24.09523809523809 1.5 0
24.09523809523809 1.3125 0
24.26190476190476 1.666666666666667 0
24.09523809523809 1.833333333333333 0
24.09523809523809 1.666666666666667 0
24.26190476190476 2 0
24.09523809523809 2.166666666666667 0
24.09523809523809 2 0
24.26190476190476 2.333333333333333 0
24.09523809523809 2.5 0
24.09523809523809 2.333333333333333 0
24.26190476190476 2.666666666666666 0
24.09523809523809 2.833333333333333 0
24.09523809523809 2.666666666666666 0
24.26190476190476 3 0
24.09523809523809 3.166666666666667 0
24.09523809523809 3 0
24.26190476190476 3.333333333333333 0
24.09523809523809 3.5 0
24.09523809523809 3.333333333333333 0
24.26190476190476 3.666666666666667 0
24.09523809523809 3.833333333333334 0
24.09523809523809 3.666666666666667 0
24.26190476190476 4 0
24.09523809523809 4.166666666666667 0
24.09523809523809 4 0
24.26190476190476 4.333333333333334 0
24.09523809523809 4.5 0
24.09523809523809 4.333333333333334 0
24.26190476190476 4.666666666666666 0
24.09523809523809 4.833333333333333 0
24.09523809523809 4.666666666666666 0
24.26190476190476 5 0
24.09523809523809 5.166666666666667 0
24.09523809523809 5 0
24.26190476190476 5.333333333333333 0
24.09523809523809 5.5 0
24.09523809523809 5.333333333333334 0
24.26190476190476 5.666666666666666 0
24.09523809523809 5.833333333333333 0
24.09523809523809 5.666666666666666 0
24.26190476190476 6 0
24.09523809523809 6.166666666666666 0
24.09523809523809 6 0
24.26190476190476 6.333333333333333 0
24.09523809523809 6.5 0
24.09523809523809 6.333333333333333 0
24.26190476190476 6.666666666666666 0
24.09523809523809 6.833333333333333 0
24.09523809523809 6.666666666666666 0
24.26190476190476 7 0
24.09523809523809 7.166666666666667 0
24.09523809523809 7 0
24.26190476190476 7.333333333333334 0
24.09523809523809 7.5 0
24.09523809523809 7.333333333333334 0
24.26190476190476 7.666666666666666 0
24.09523809523809 7.833333333333333 0
24.09523809523809 7.666666666666667 0
24.26190476190476 8 0
24.09523809523809 8.166666666666666 0
24.09523809523809 8 0
24.26190476190476 8.333333333333332 0
24.09523809523809 8.333333333333332 0
24.59523809523809 0.1875 0
24.42857142857143 0.375 0
24.42857142857143 0.1875 0
24.59523809523809 0.5625 0
24.42857142857143 0.7499999999999996 0
24.42857142857143 0.5625 0
24.59523809523809 0.9375 0
24.42857142857143 1.125 0
24.42857142857143 0.9375 0
24.59523809523809 1.3125 0
24.42857142857143 1.5 0
24.42857142857143 1.3125 0
24.59523809523809 1.666666666666666 0
24.42857142857143 1.833333333333333 0
24.42857142857143 1.666666666666666 0
24.59523809523809 2 0
24.42857142857143 2.166666666666667 0
24.42857142857143 2 0
24.59523809523809 2.333333333333333 0
24.42857142857143 2.5 0
24.42857142857143 2.333333333333333 0
24.59523809523809 2.666666666666666 0
24.42857142857143 2.833333333333333 0
24.42857142857143 2.666666666666666 0
24.59523809523809 3 0
24.42857142857143 3.166666666666667 0
24.42857142857143 3 0
24.59523809523809 3.333333333333333 0
24.42857142857143 3.5 0
24.42857142857143 3.333333333333333 0
24.59523809523809 3.666666666666667 0
24.42857142857143 3.833333333333333 0
24.42857142857143 3.666666666666667 0
24.59523809523809 4 0
24.42857142857143 4.166666666666667 0
24.42857142857143 4 0
24.59523809523809 4.333333333333334 0
24.42857142857143 4.5 0
24.42857142857143 4.333333333333334 0
24.59523809523809 4.666666666666666 0
24.42857142857143 4.833333333333333 0
24.42857142857143 4.666666666666666 0
24.59523809523809 5 0
24.42857142857143 5.166666666666667 0
24.42857142857143 5 0
24.59523809523809 5.333333333333334 0
24.42857142857143 5.5 0
24.42857142857143 5.333333333333333 0
24.59523809523809 5.666666666666666 0
24.42857142857143 5.833333333333333 0
24.42857142857143 5.666666666666666 0
24.59523809523809 6 0
24.42857142857143 6.166666666666666 0
24.42857142857143 6 0
24.59523809523809 6.333333333333334 0
24.42857142857143 6.5 0
24.42857142857143 6.333333333333334 0
24.59523809523809 6.666666666666667 0
24.42857142857143 6.833333333333333 0
24.42857142857143 6.666666666666666 0
24.59523809523809 7 0
24.42857142857143 7.166666666666667 0
24.42857142857143 7 0
24.59523809523809 7.333333333333334 0
24.42857142857143 7.5 0
24.42857142857143 7.333333333333334 0
24.59523809523809 7.666666666666666 0
24.42857142857143 7.833333333333333 0
24.42857142857143 7.666666666666667 0
24.59523809523809 8 0
24.42857142857143 8.166666666666666 0
24.42857142857143 8 0
24.59523809523809 8.333333333333332 0
24.42857142857143 8.333333333333332 0
24.76190476190476 0.375 0
24.76190476190476 0.1875 0
24.76190476190476 0.75 0
24.76190476190476 0.5625 0
24.76190476190476 1.125 0
24.76190476190476 0.9375 0
24.76190476190476 1.5 0
24.76190476190476 1.3125 0
24.76190476190476 1.833333333333333 0
24.76190476190476 1.666666666666666 0
24.76190476190476 2.166666666666667 0
24.76190476190476 2 0
24.76190476190476 2.5 0
24.76190476190476 2.333333333333333 0
24.76190476190476 2.833333333333333 0
24.76190476190476 2.666666666666667 0
24.76190476190476 3.166666666666667 0
24.76190476190476 3 0
24.76190476190476 3.5 0
24.76190476190476 3.333333333333333 0
24.76190476190476 3.833333333333333 0
24.76190476190476 3.666666666666667 0
24.76190476190476 4.166666666666667 0
24.76190476190476 4 0
24.76190476190476 4.5 0
24.76190476190476 4.333333333333334 0
24.76190476190476 4.833333333333333 0
24.76190476190476 4.666666666666666 0
24.76190476190476 5.166666666666667 0
24.76190476190476 5 0
24.76190476190476 5.5 0
24.76190476190476 5.333333333333334 0
24.76190476190476 5.833333333333333 0
24.76190476190476 5.666666666666666 0
24.76190476190476 6.166666666666666 0
24.76190476190476 6 0
24.76190476190476 6.5 0
24.76190476190476 6.333333333333334 0
24.76190476190476 6.833333333333333 0
24.76190476190476 6.666666666666666 0
24.76190476190476 7.166666666666667 0
24.76190476190476 7 0
24.76190476190476 7.5 0
24.76190476190476 7.333333333333334 0
24.76190476190476 7.833333333333333 0
24.76190476190476 7.666666666666667 0
24.76190476190476 8.166666666666666 0
24.76190476190476 8 0
24.76190476190476 8.333333333333332 0
28.04761904761905 0.375 0
28.04761904761905 0.7499999999999996 0
28.04761904761905 1.125 0
28.04761904761905 1.5 0
28.04761904761905 1.833333333333333 0
28.04761904761905 2.166666666666667 0
28.04761904761905 2.499999999999999 0
28.04761904761905 2.833333333333333 0
28.04761904761905 3.166666666666667 0
28.04761904761905 3.5 0
28.04761904761905 3.833333333333334 0
28.04761904761905 4.166666666666667 0
28.04761904761905 4.5 0
28.04761904761905 4.833333333333333 0
28.04761904761905 5.166666666666667 0
28.04761904761905 5.5 0
28.04761904761905 5.833333333333334 0
28.04761904761905 6.166666666666667 0
28.04761904761905 6.500000000000001 0
28.04761904761905 6.833333333333333 0
28.04761904761905 7.166666666666667 0
28.04761904761905 7.5 0
28.04761904761905 7.833333333333334 0
28.04761904761905 8.166666666666666 0
28.38095238095238 0.375 0
28.38095238095238 0.7499999999999996 0
28.38095238095238 1.125 0
28.38095238095238 1.5 0
28.38095238095238 1.833333333333333 0
28.38095238095238 2.166666666666667 0
28.38095238095238 2.5 0
28.38095238095238 2.833333333333333 0
28.38095238095238 3.166666666666666 0
28.38095238095238 3.5 0
28.38095238095238 3.833333333333334 0
28.38095238095238 4.166666666666667 0
28.38095238095238 4.5 0
28.38095238095238 4.833333333333333 0
28.38095238095238 5.166666666666667 0
28.38095238095238 5.5 0
28.38095238095238 5.833333333333333 0
28.38095238095238 6.166666666666666 0
28.38095238095238 6.5 0
28.38095238095238 6.833333333333333 0
28.38095238095238 7.166666666666667 0
28.38095238095238 7.5 0
28.38095238095238 7.833333333333334 0
28.38095238095238 8.166666666666666 0
28.71428571428572 0.375 0
28.71428571428572 0.75 0
28.71428571428572 1.125 0
28.71428571428572 1.5 0
28.71428571428572 1.833333333333333 0
28.71428571428572 2.166666666666667 0
28.71428571428572 2.5 0
28.71428571428572 2.833333333333333 0
28.71428571428572 3.166666666666667 0
28.71428571428572 3.5 0
28.71428571428572 3.833333333333334 0
28.71428571428572 4.166666666666667 0
28.71428571428572 4.5 0
28.71428571428572 4.833333333333333 0
28.71428571428572 5.166666666666667 0
28.71428571428572 5.5 0
28.71428571428572 5.833333333333333 0
28.71428571428572 6.166666666666666 0
28.71428571428572 6.5 0
28.71428571428572 6.833333333333333 0
28.71428571428572 7.166666666666667 0
28.71428571428572 7.5 0
28.71428571428572 7.833333333333333 0
28.71428571428572 8.166666666666666 0
29.04761904761905 0.375 0
29.04761904761905 0.7499999999999996 0
29.04761904761905 1.125 0
29.04761904761905 1.5 0
29.04761904761905 1.833333333333333 0
29.04761904761905 2.166666666666667 0
29.04761904761905 2.5 0
29.04761904761905 2.833333333333333 0
29.04761904761905 3.166666666666667 0
29.04761904761905 3.5 0
29.04761904761905 3.833333333333333 0
29.04761904761905 4.166666666666667 0
29.04761904761905 4.5 0
29.04761904761905 4.833333333333333 0
29.04761904761905 5.166666666666667 0
29.04761904761905 5.5 0
29.04761904761905 5.833333333333333 0
29.04761904761905 6.166666666666666 0
29.04761904761905 6.5 0
29.04761904761905 6.833333333333333 0
29.04761904761905 7.166666666666667 0
29.04761904761905 7.5 0
29.04761904761905 7.833333333333333 0
29.04761904761905 8.166666666666666 0
29.38095238095238 0.375 0
29.38095238095238 0.7499999999999996 0
29.38095238095238 1.125 0
29.38095238095238 1.5 0
29.38095238095238 1.833333333333333 0
29.38095238095238 2.166666666666667 0
29.38095238095238 2.499999999999999 0
29.38095238095238 2.833333333333333 0
29.38095238095238 3.166666666666667 0
29.38095238095238 3.5 0
29.38095238095238 3.833333333333333 0
29.38095238095238 4.166666666666667 0
29.38095238095238 4.5 0
29.38095238095238 4.833333333333333 0
29.38095238095238 5.166666666666667 0
29.38095238095238 5.5 0
29.38095238095238 5.833333333333333 0
29.38095238095238 6.166666666666666 0
29.38095238095238 6.500000000000001 0
29.38095238095238 6.833333333333334 0
29.38095238095238 7.166666666666667 0
29.38095238095238 7.5 0
29.38095238095238 7.833333333333333 0
29.38095238095238 8.166666666666666 0
28.04761904761905 0.1875 0
27.88095238095238 0.375 0
27.88095238095238 0.1875 0
28.04761904761905 0.5625 0
27.88095238095238 0.75 0
27.88095238095238 0.5625 0
28.04761904761905 0.9375 0
27.88095238095238 1.125 0
27.88095238095238 0.9375 0
28.04761904761905 1.3125 0
27.88095238095238 1.5 0
27.88095238095238 1.3125 0
28.04761904761905 1.666666666666667 0
27.88095238095238 1.833333333333333 0
27.88095238095238 1.666666666666667 0
28.04761904761905 2 0
27.88095238095238 2.166666666666667 0
27.88095238095238 2 0
28.04761904761905 2.333333333333333 0
27.88095238095238 2.5 0
27.88095238095238 2.333333333333333 0
28.04761904761905 2.666666666666666 0
27.88095238095238 2.833333333333333 0
27.88095238095238 2.666666666666667 0
28.04761904761905 3 0
27.88095238095238 3.166666666666667 0
27.88095238095238 3 0
28.04761904761905 3.333333333333333 0
27.88095238095238 3.5 0
27.88095238095238 3.333333333333333 0
28.04761904761905 3.666666666666667 0
27.88095238095238 3.833333333333334 0
27.88095238095238 3.666666666666667 0
28.04761904761905 4 0
27.88095238095238 4.166666666666667 0
27.88095238095238 4 0
28.04761904761905 4.333333333333334 0
27.88095238095238 4.5 0
27.88095238095238 4.333333333333334 0
28.04761904761905 4.666666666666666 0
27.88095238095238 4.833333333333333 0
27.88095238095238 4.666666666666666 0
28.04761904761905 5 0
27.88095238095238 5.166666666666667 0
27.88095238095238 5 0
28.04761904761905 5.333333333333334 0
27.88095238095238 5.5 0
27.88095238095238 5.333333333333334 0
28.04761904761905 5.666666666666667 0
27.88095238095238 5.833333333333334 0
27.88095238095238 5.666666666666666 0
28.04761904761905 6 0
27.88095238095238 6.166666666666667 0
27.88095238095238 6 0
28.04761904761905 6.333333333333334 0
27.88095238095238 6.5 0
27.88095238095238 6.333333333333334 0
28.04761904761905 6.666666666666667 0
27.88095238095238 6.833333333333333 0
27.88095238095238 6.666666666666667 0
28.04761904761905 7 0
27.88095238095238 7.166666666666667 0
27.88095238095238 7 0
28.04761904761905 7.333333333333334 0
27.88095238095238 7.5 0
27.88095238095238 7.333333333333334 0
28.04761904761905 7.666666666666667 0
27.88095238095238 7.833333333333334 0
27.88095238095238 7.666666666666667 0
28.04761904761905 8 0
27.88095238095238 8.166666666666666 0
27.88095238095238 8 0
28.04761904761905 8.333333333333332 0
27.88095238095238 8.333333333333332 0
28.38095238095238 0.1875 0
28.21428571428572 0.375 0
28.21428571428572 0.1875 0
28.38095238095238 0.5625 0
28.21428571428572 0.7499999999999996 0
28.21428571428572 0.5625 0
28.38095238095238 0.9375 0
28.21428571428572 1.125 0
28.21428571428572 0.9375 0
28.38095238095238 1.3125 0
28.21428571428572 1.5 0
28.21428571428572 1.3125 0
28.38095238095238 1.666666666666667 0
28.21428571428572 1.833333333333333 0
28.21428571428572 1.666666666666667 0
28.38095238095238 2 0
28.21428571428572 2.166666666666667 0
28.21428571428572 2 0
28.38095238095238 2.333333333333333 0
28.21428571428572 2.5 0
28.21428571428572 2.333333333333333 0
28.38095238095238 2.666666666666666 0
28.21428571428572 2.833333333333333 0
28.21428571428572 2.666666666666666 0
28.38095238095238 3 0
28.21428571428572 3.166666666666667 0
28.21428571428572 3 0
28.38095238095238 3.333333333333333 0
28.21428571428572 3.5 0
28.21428571428572 3.333333333333333 0
28.38095238095238 3.666666666666667 0
28.21428571428572 3.833333333333334 0
28.21428571428572 3.666666666666667 0
28.38095238095238 4 0
28.21428571428572 4.166666666666667 0
28.21428571428572 4 0
28.38095238095238 4.333333333333334 0
28.21428571428572 4.5 0
28.21428571428572 4.333333333333334 0
28.38095238095238 4.666666666666666 0
28.21428571428572 4.833333333333333 0
28.21428571428572 4.666666666666666 0
28.38095238095238 5 0
28.21428571428572 5.166666666666667 0
28.21428571428572 5 0
28.38095238095238 5.333333333333333 0
28.21428571428572 5.5 0
28.21428571428572 5.333333333333334 0
28.38095238095238 5.666666666666666 0
28.21428571428572 5.833333333333334 0
28.21428571428572 5.666666666666666 0
28.38095238095238 6 0
28.21428571428572 6.166666666666666 0
28.21428571428572 6 0
28.38095238095238 6.333333333333333 0
28.21428571428572 6.5 0
28.21428571428572 6.333333333333334 0
28.38095238095238 6.666666666666666 0
28.21428571428572 6.833333333333333 0
28.21428571428572 6.666666666666666 0
28.38095238095238 7 0
28.21428571428572 7.166666666666667 0
28.21428571428572 7 0
28.38095238095238 7.333333333333334 0
28.21428571428572 7.5 0
28.21428571428572 7.333333333333334 0
28.38095238095238 7.666666666666667 0
28.21428571428572 7.833333333333334 0
28.21428571428572 7.666666666666667 0
28.38095238095238 8 0
28.21428571428572 8.166666666666666 0
28.21428571428572 8 0
28.38095238095238 8.333333333333332 0
28.21428571428572 8.333333333333332 0
28.71428571428572 0.1875 0
28.54761904761905 0.375 0
28.54761904761905 0.1875 0
28.71428571428572 0.5625 0
28.54761904761905 0.75 0
28.54761904761905 0.5625 0
28.71428571428572 0.9375 0
28.54761904761905 1.125 0
28.54761904761905 0.9375 0
28.71428571428572 1.3125 0
28.54761904761905 1.5 0
28.54761904761905 1.3125 0
28.71428571428572 1.666666666666667 0
28.54761904761905 1.833333333333333 0
28.54761904761905 1.666666666666667 0
28.71428571428572 2 0
28.54761904761905 2.166666666666667 0
28.54761904761905 2 0
28.71428571428572 2.333333333333333 0
28.54761904761905 2.5 0
28.54761904761905 2.333333333333333 0
28.71428571428572 2.666666666666666 0
28.54761904761905 2.833333333333333 0
28.54761904761905 2.666666666666666 0
28.71428571428572 3 0
28.54761904761905 3.166666666666667 0
28.54761904761905 3 0
28.71428571428572 3.333333333333333 0
28.54761904761905 3.5 0
28.54761904761905 3.333333333333333 0
28.71428571428572 3.666666666666667 0
28.54761904761905 3.833333333333334 0
28.54761904761905 3.666666666666667 0
28.71428571428572 4 0
28.54761904761905 4.166666666666667 0
28.54761904761905 4 0
28.71428571428572 4.333333333333334 0
28.54761904761905 4.5 0
28.54761904761905 4.333333333333334 0
28.71428571428572 4.666666666666666 0
28.54761904761905 4.833333333333333 0
28.54761904761905 4.666666666666666 0
28.71428571428572 5 0
28.54761904761905 5.166666666666667 0
28.54761904761905 5 0
28.71428571428572 5.333333333333334 0
28.54761904761905 5.5 0
28.54761904761905 5.333333333333333 0
28.71428571428572 5.666666666666666 0
28.54761904761905 5.833333333333333 0
28.54761904761905 5.666666666666666 0
28.71428571428572 6 0
28.54761904761905 6.166666666666666 0
28.54761904761905 6 0
28.71428571428572 6.333333333333333 0
28.54761904761905 6.5 0
28.54761904761905 6.333333333333333 0
28.71428571428572 6.666666666666666 0
28.54761904761905 6.833333333333333 0
28.54761904761905 6.666666666666666 0
28.71428571428572 7 0
28.54761904761905 7.166666666666667 0
28.54761904761905 7 0
28.71428571428572 7.333333333333334 0
28.54761904761905 7.5 0
28.54761904761905 7.333333333333334 0
28.71428571428572 7.666666666666666 0
28.54761904761905 7.833333333333334 0
28.54761904761905 7.666666666666667 0
28.71428571428572 8 0
28.54761904761905 8.166666666666666 0
28.54761904761905 8 0
28.71428571428572 8.333333333333332 0
28.54761904761905 8.333333333333332 0
29.04761904761905 0.1875 0
28.88095238095238 0.375 0
28.88095238095238 0.1875 0
29.04761904761905 0.5625 0
28.88095238095238 0.75 0
28.88095238095238 0.5625 0
29.04761904761905 0.9375 0
28.88095238095238 1.125 0
28.88095238095238 0.9375 0
29.04761904761905 1.3125 0
28.88095238095238 1.5 0
28.88095238095238 1.3125 0
29.04761904761905 1.666666666666667 0
28.88095238095238 1.833333333333333 0
28.88095238095238 1.666666666666667 0
29.04761904761905 2 0
28.88095238095238 2.166666666666667 0
28.88095238095238 2 0
29.04761904761905 2.333333333333333 0
28.88095238095238 2.5 0
28.88095238095238 2.333333333333333 0
29.04761904761905 2.666666666666666 0
28.88095238095238 2.833333333333333 0
28.88095238095238 2.666666666666666 0
29.04761904761905 3 0
28.88095238095238 3.166666666666667 0
28.88095238095238 3 0
29.04761904761905 3.333333333333333 0
28.88095238095238 3.5 0
28.88095238095238 3.333333333333333 0
29.04761904761905 3.666666666666667 0
28.88095238095238 3.833333333333334 0
28.88095238095238 3.666666666666667 0
29.04761904761905 4 0
28.88095238095238 4.166666666666667 0
28.88095238095238 4 0
29.04761904761905 4.333333333333334 0
28.88095238095238 4.5 0
28.88095238095238 4.333333333333334 0
29.04761904761905 4.666666666666666 0
28.88095238095238 4.833333333333333 0
28.88095238095238 4.666666666666666 0
29.04761904761905 5 0
28.88095238095238 5.166666666666667 0
28.88095238095238 5 0
29.04761904761905 5.333333333333333 0
28.88095238095238 5.5 0
28.88095238095238 5.333333333333334 0
29.04761904761905 5.666666666666666 0
28.88095238095238 5.833333333333333 0
28.88095238095238 5.666666666666666 0
29.04761904761905 6 0
28.88095238095238 6.166666666666666 0
28.88095238095238 6 0
29.04761904761905 6.333333333333333 0
28.88095238095238 6.5 0
28.88095238095238 6.333333333333333 0
29.04761904761905 6.666666666666666 0
28.88095238095238 6.833333333333333 0
28.88095238095238 6.666666666666666 0
29.04761904761905 7 0
28.88095238095238 7.166666666666667 0
28.88095238095238 7 0
29.04761904761905 7.333333333333334 0
28.88095238095238 7.5 0
28.88095238095238 7.333333333333334 0
29.04761904761905 7.666666666666666 0
28.88095238095238 7.833333333333333 0
28.88095238095238 7.666666666666667 0
29.04761904761905 8 0
28.88095238095238 8.166666666666666 0
28.88095238095238 8 0
29.04761904761905 8.333333333333332 0
28.88095238095238 8.333333333333332 0
29.38095238095238 0.1875 0
29.21428571428572 0.375 0
29.21428571428572 0.1875 0
29.38095238095238 0.5625 0
29.21428571428572 0.7499999999999996 0
29.21428571428572 0.5625 0
29.38095238095238 0.9375 0
29.21428571428572 1.125 0
29.21428571428572 0.9375 0
29.38095238095238 1.3125 0
29.21428571428572 1.5 0
29.21428571428572 1.3125 0
29.38095238095238 1.666666666666666 0
29.21428571428572 1.833333333333333 0
29.21428571428572 1.666666666666666 0
29.38095238095238 2 0
29.21428571428572 2.166666666666667 0
29.21428571428572 2 0
29.38095238095238 2.333333333333333 0
29.21428571428572 2.5 0
29.21428571428572 2.333333333333333 0
29.38095238095238 2.666666666666666 0
29.21428571428572 2.833333333333333 0
29.21428571428572 2.666666666666666 0
29.38095238095238 3 0
29.21428571428572 3.166666666666667 0
29.21428571428572 3 0
29.38095238095238 3.333333333333333 0
29.21428571428572 3.5 0
29.21428571428572 3.333333333333333 0
29.38095238095238 3.666666666666667 0
29.21428571428572 3.833333333333333 0
29.21428571428572 3.666666666666667 0
29.38095238095238 4 0
29.21428571428572 4.166666666666667 0
29.21428571428572 4 0
29.38095238095238 4.333333333333334 0
29.21428571428572 4.5 0
29.21428571428572 4.333333333333334 0
29.38095238095238 4.666666666666666 0
29.21428571428572 4.833333333333333 0
29.21428571428572 4.666666666666666 0
29.38095238095238 5 0
29.21428571428572 5.166666666666667 0
29.21428571428572 5 0
29.38095238095238 5.333333333333334 0
29.21428571428572 5.5 0
29.21428571428572 5.333333333333333 0
29.38095238095238 5.666666666666666 0
29.21428571428572 5.833333333333333 0
29.21428571428572 5.666666666666666 0
29.38095238095238 6 0
29.21428571428572 6.166666666666666 0
29.21428571428572 6 0
29.38095238095238 6.333333333333334 0
29.21428571428572 6.5 0
29.21428571428572 6.333333333333334 0
29.38095238095238 6.666666666666667 0
29.21428571428572 6.833333333333333 0
29.21428571428572 6.666666666666666 0
29.38095238095238 7 0
29.21428571428572 7.166666666666667 0
29.21428571428572 7 0
29.38095238095238 7.333333333333334 0
29.21428571428572 7.5 0
29.21428571428572 7.333333333333334 0
29.38095238095238 7.666666666666666 0
29.21428571428572 7.833333333333333 0
29.21428571428572 7.666666666666667 0
29.38095238095238 8 0
29.21428571428572 8.166666666666666 0
29.21428571428572 8 0
29.38095238095238 8.333333333333332 0
29.21428571428572 8.333333333333332 0
29.54761904761905 0.375 0
29.54761904761905 0.1875 0
29.54761904761905 0.75 0
29.54761904761905 0.5625 0
29.54761904761905 1.125 0
29.54761904761905 0.9375 0
29.54761904761905 1.5 0
29.54761904761905 1.3125 0
29.54761904761905 1.833333333333333 0
29.54761904761905 1.666666666666666 0
29.54761904761905 2.166666666666667 0
29.54761904761905 2 0
29.54761904761905 2.5 0
29.54761904761905 2.333333333333333 0
29.54761904761905 2.833333333333333 0
29.54761904761905 2.666666666666667 0
29.54761904761905 3.166666666666667 0
29.54761904761905 3 0
29.54761904761905 3.5 0
29.54761904761905 3.333333333333333 0
29.54761904761905 3.833333333333333 0
29.54761904761905 3.666666666666667 0
29.54761904761905 4.166666666666667 0
29.54761904761905 4 0
29.54761904761905 4.5 0
29.54761904761905 4.333333333333334 0
29.54761904761905 4.833333333333333 0
29.54761904761905 4.666666666666666 0
29.54761904761905 5.166666666666667 0
29.54761904761905 5 0
29.54761904761905 5.5 0
29.54761904761905 5.333333333333334 0
29.54761904761905 5.833333333333333 0
29.54761904761905 5.666666666666666 0
29.54761904761905 6.166666666666666 0
29.54761904761905 6 0
29.54761904761905 6.5 0
29.54761904761905 6.333333333333334 0
29.54761904761905 6.833333333333333 0
29.54761904761905 6.666666666666666 0
29.54761904761905 7.166666666666667 0
29.54761904761905 7 0
29.54761904761905 7.5 0
29.54761904761905 7.333333333333334 0
29.54761904761905 7.833333333333333 0
29.54761904761905 7.666666666666667 0
29.54761904761905 8.166666666666666 0
29.54761904761905 8 0
29.54761904761905 8.333333333333332 0
32.83333333333334 0.3633333333333337 0
32.83333333333334 0.7266666666666661 0
32.83333333333334 1.09 0
32.83333333333334 1.453333333333333 0
32.83333333333334 1.788888888888889 0
32.83333333333334 2.124444444444444 0
32.83333333333334 2.459999999999999 0
32.83333333333334 2.795555555555555 0
32.83333333333334 3.13111111111111 0
32.83333333333334 3.466666666666666 0
32.83333333333334 3.802222222222222 0
32.83333333333334 4.137777777777778 0
32.83333333333334 4.473333333333333 0
32.83333333333334 4.808888888888889 0
32.83333333333334 5.144444444444444 0
32.83333333333334 5.48 0
32.83333333333334 5.815555555555555 0
32.83333333333334 6.151111111111112 0
32.83333333333334 6.486666666666666 0
32.83333333333334 6.822222222222222 0
32.83333333333334 7.157777777777778 0
32.83333333333334 7.493333333333332 0
32.83333333333334 7.828888888888889 0
32.83333333333334 8.164444444444445 0
33.16666666666666 0.3516666666666666 0
33.16666666666666 0.7033333333333327 0
33.16666666666666 1.055 0
33.16666666666666 1.406666666666667 0
33.16666666666666 1.744444444444445 0
33.16666666666666 2.082222222222223 0
33.16666666666666 2.42 0
33.16666666666666 2.757777777777777 0
33.16666666666666 3.095555555555556 0
33.16666666666666 3.433333333333334 0
33.16666666666666 3.771111111111112 0
33.16666666666666 4.108888888888889 0
33.16666666666666 4.446666666666667 0
33.16666666666666 4.784444444444445 0
33.16666666666666 5.122222222222222 0
33.16666666666666 5.46 0
33.16666666666666 5.797777777777778 0
33.16666666666666 6.135555555555556 0
33.16666666666666 6.473333333333334 0
33.16666666666666 6.811111111111112 0
33.16666666666666 7.148888888888889 0
33.16666666666666 7.486666666666667 0
33.16666666666666 7.824444444444445 0
33.16666666666666 8.162222222222223 0
32.83333333333334 0.1816666666666666 0
32.66666666666666 0.3691666666666666 0
32.66666666666666 0.1845833333333333 0
32.83333333333334 0.5449999999999999 0
32.66666666666666 0.7383333333333333 0
32.66666666666666 0.55375 0
32.83333333333334 0.9083333333333332 0
32.66666666666666 1.1075 0
32.66666666666666 0.9229166666666666 0
32.83333333333334 1.271666666666667 0
32.66666666666666 1.476666666666667 0
32.66666666666666 1.292083333333333 0
32.83333333333334 1.621111111111111 0
32.66666666666666 1.811111111111111 0
32.66666666666666 1.643888888888889 0
32.83333333333334 1.956666666666667 0
32.66666666666666 2.145555555555555 0
32.66666666666666 1.978333333333333 0
32.83333333333334 2.292222222222222 0
32.66666666666666 2.48 0
32.66666666666666 2.312777777777777 0
32.83333333333334 2.627777777777777 0
32.66666666666666 2.814444444444444 0
32.66666666666666 2.647222222222222 0
32.83333333333334 2.963333333333332 0
32.66666666666666 3.148888888888889 0
32.66666666666666 2.981666666666666 0
32.83333333333334 3.298888888888889 0
32.66666666666666 3.483333333333333 0
32.66666666666666 3.316111111111111 0
32.83333333333334 3.634444444444444 0
32.66666666666666 3.817777777777778 0
32.66666666666666 3.650555555555556 0
32.83333333333334 3.97 0
32.66666666666666 4.152222222222223 0
32.66666666666666 3.985 0
32.83333333333334 4.305555555555555 0
32.66666666666666 4.486666666666666 0
32.66666666666666 4.319444444444445 0
32.83333333333334 4.641111111111111 0
32.66666666666666 4.821111111111112 0
32.66666666666666 4.653888888888889 0
32.83333333333334 4.976666666666667 0
32.66666666666666 5.155555555555555 0
32.66666666666666 4.988333333333333 0
32.83333333333334 5.312222222222221 0
32.66666666666666 5.49 0
32.66666666666666 5.322777777777778 0
32.83333333333334 5.647777777777778 0
32.66666666666666 5.824444444444445 0
32.66666666666666 5.657222222222222 0
32.83333333333334 5.983333333333333 0
32.66666666666666 6.158888888888889 0
32.66666666666666 5.991666666666667 0
32.83333333333334 6.318888888888889 0
32.66666666666666 6.493333333333333 0
32.66666666666666 6.326111111111111 0
32.83333333333334 6.654444444444444 0
32.66666666666666 6.827777777777778 0
32.66666666666666 6.660555555555556 0
32.83333333333334 6.99 0
32.66666666666666 7.162222222222223 0
32.66666666666666 6.994999999999999 0
32.83333333333334 7.325555555555555 0
32.66666666666666 7.496666666666666 0
32.66666666666666 7.329444444444444 0
32.83333333333334 7.661111111111111 0
32.66666666666666 7.831111111111111 0
32.66666666666666 7.663888888888889 0
32.83333333333334 7.996666666666667 0
32.66666666666666 8.165555555555557 0
32.66666666666666 7.998333333333333 0
32.83333333333334 8.332222222222223 0
32.66666666666666 8.332777777777778 0
33.16666666666666 0.1758333333333333 0
33 0.3574999999999999 0
33 0.17875 0
33.16666666666666 0.5274999999999999 0
33 0.7149999999999994 0
33 0.5362499999999999 0
33.16666666666666 0.8791666666666664 0
33 1.0725 0
33 0.8937499999999998 0
33.16666666666666 1.230833333333334 0
33 1.43 0
33 1.25125 0
33.16666666666666 1.575555555555556 0
33 1.766666666666667 0
33 1.598333333333334 0
33.16666666666666 1.913333333333334 0
33 2.103333333333333 0
33 1.935 0
33.16666666666666 2.251111111111111 0
33 2.44 0
33 2.271666666666667 0
33.16666666666666 2.588888888888889 0
33 2.776666666666666 0
33 2.608333333333333 0
33.16666666666666 2.926666666666666 0
33 3.113333333333333 0
33 2.944999999999999 0
33.16666666666666 3.264444444444445 0
33 3.45 0
33 3.281666666666667 0
33.16666666666666 3.602222222222223 0
33 3.786666666666667 0
33 3.618333333333334 0
33.16666666666666 3.94 0
33 4.123333333333333 0
33 3.955 0
33.16666666666666 4.277777777777778 0
33 4.46 0
33 4.291666666666667 0
33.16666666666666 4.615555555555556 0
33 4.796666666666667 0
33 4.628333333333334 0
33.16666666666666 4.953333333333333 0
33 5.133333333333333 0
33 4.965 0
33.16666666666666 5.29111111111111 0
33 5.47 0
33 5.301666666666666 0
33.16666666666666 5.628888888888889 0
33 5.806666666666667 0
33 5.638333333333334 0
33.16666666666666 5.966666666666667 0
33 6.143333333333334 0
33 5.975000000000001 0
33.16666666666666 6.304444444444445 0
33 6.48 0
33 6.311666666666667 0
33.16666666666666 6.642222222222223 0
33 6.816666666666666 0
33 6.648333333333333 0
33.16666666666666 6.98 0
33 7.153333333333333 0
33 6.984999999999999 0
33.16666666666666 7.317777777777778 0
33 7.49 0
33 7.321666666666667 0
33.16666666666666 7.655555555555557 0
33 7.826666666666667 0
33 7.658333333333333 0
33.16666666666666 7.993333333333334 0
33 8.163333333333334 0
33 7.995000000000001 0
33.16666666666666 8.331111111111111 0
33 8.331666666666667 0
33.33333333333334 0.3458333333333332 0
33.33333333333334 0.1729166666666666 0
33.33333333333334 0.6916666666666664 0
33.33333333333334 0.5187499999999998 0
33.33333333333334 1.0375 0
33.33333333333334 0.8645833333333335 0
33.33333333333334 1.383333333333334 0
33.33333333333334 1.210416666666667 0
33.33333333333334 1.722222222222222 0
33.33333333333334 1.552777777777778 0
33.33333333333334 2.061111111111111 0
33.33333333333334 1.891666666666667 0
33.33333333333334 2.4 0
33.33333333333334 2.230555555555556 0
33.33333333333334 2.738888888888888 0
33.33333333333334 2.569444444444444 0
33.33333333333334 3.077777777777778 0
33.33333333333334 2.908333333333333 0
33.33333333333334 3.416666666666667 0
33.33333333333334 3.247222222222223 0
33.33333333333334 3.755555555555556 0
33.33333333333334 3.586111111111112 0
33.33333333333334 4.094444444444445 0
33.33333333333334 3.925 0
33.33333333333334 4.433333333333334 0
33.33333333333334 4.263888888888889 0
33.33333333333334 4.772222222222223 0
33.33333333333334 4.602777777777778 0
33.33333333333334 5.111111111111111 0
33.33333333333334 4.941666666666667 0
33.33333333333334 5.45 0
33.33333333333334 5.280555555555555 0
33.33333333333334 5.78888888888889 0
33.33333333333334 5.619444444444444 0
33.33333333333334 6.127777777777778 0
33.33333333333334 5.958333333333334 0
33.33333333333334 6.466666666666667 0
33.33333333333334 6.297222222222222 0
33.33333333333334 6.805555555555556 0
33.33333333333334 6.636111111111111 0
33.33333333333334 7.144444444444444 0
33.33333333333334 6.975000000000001 0
33.33333333333334 7.483333333333334 0
33.33333333333334 7.313888888888889 0
33.33333333333334 7.822222222222223 0
33.33333333333334 7.652777777777779 0
33.33333333333334 8.161111111111111 0
33.33333333333334 7.991666666666667 0
33.33333333333334 8.330555555555556 0
1.348214285714286 1.833333333333333 0
1.348214285714286 2.166666666666667 0
1.348214285714286 2.5 0
1.348214285714286 2.833333333333333 0
1.348214285714286 3.166666666666667 0
1.696428571428573 1.833333333333333 0
1.696428571428572 2.166666666666667 0
1.696428571428572 2.5 0
1.696428571428572 2.833333333333333 0
1.696428571428572 3.166666666666667 0
2.044642857142859 1.833333333333333 0
2.044642857142858 2.166666666666667 0
2.044642857142858 2.5 0
2.044642857142857 2.833333333333333 0
2.044642857142857 3.166666666666667 0
2.392857142857144 1.833333333333333 0
2.392857142857143 2.166666666666667 0
2.392857142857143 2.5 0
2.392857142857142 2.833333333333333 0
2.392857142857141 3.166666666666667 0
2.741071428571429 1.833333333333333 0
2.741071428571428 2.166666666666667 0
2.741071428571428 2.5 0
2.741071428571427 2.833333333333333 0
2.741071428571427 3.166666666666667 0
3.089285714285714 1.833333333333333 0
3.089285714285714 2.166666666666667 0
3.089285714285714 2.5 0
3.089285714285714 2.833333333333333 0
3.089285714285714 3.166666666666667 0
3.4375 1.833333333333333 0
3.4375 2.166666666666667 0
3.4375 2.5 0
3.437499999999999 2.833333333333333 0
3.4375 3.166666666666667 0
1.348214285714286 1.666666666666667 0
1.174107142857143 1.833333333333333 0
1.174107142857143 1.666666666666667 0
1.348214285714286 2 0
1.174107142857143 2.166666666666667 0
1.174107142857143 2 0
1.348214285714286 2.333333333333333 0
1.174107142857143 2.5 0
1.174107142857143 2.333333333333333 0
1.348214285714286 2.666666666666667 0
1.174107142857143 2.833333333333333 0
1.174107142857143 2.666666666666667 0
1.348214285714286 3 0
1.174107142857143 3.166666666666667 0
1.174107142857143 3 0
1.348214285714286 3.333333333333333 0
1.174107142857143 3.333333333333333 0
1.696428571428573 1.666666666666667 0
1.522321428571429 1.833333333333333 0
1.522321428571429 1.666666666666667 0
1.696428571428572 2 0
1.522321428571429 2.166666666666667 0
1.522321428571429 2 0
1.696428571428572 2.333333333333333 0
1.522321428571429 2.5 0
1.522321428571429 2.333333333333333 0
1.696428571428572 2.666666666666667 0
1.522321428571429 2.833333333333333 0
1.522321428571429 2.666666666666667 0
1.696428571428572 3 0
1.522321428571429 3.166666666666667 0
1.522321428571429 3 0
1.696428571428571 3.333333333333333 0
1.522321428571428 3.333333333333333 0
2.044642857142859 1.666666666666667 0
1.870535714285716 1.833333333333333 0
1.870535714285716 1.666666666666667 0
2.044642857142858 2 0
1.870535714285715 2.166666666666667 0
1.870535714285715 2 0
2.044642857142858 2.333333333333333 0
1.870535714285715 2.5 0
1.870535714285715 2.333333333333333 0
2.044642857142857 2.666666666666667 0
1.870535714285714 2.833333333333333 0
1.870535714285715 2.666666666666667 0
2.044642857142857 3 0
1.870535714285714 3.166666666666667 0
1.870535714285714 3 0
2.044642857142856 3.333333333333333 0
1.870535714285714 3.333333333333333 0
2.392857142857144 1.666666666666667 0
2.218750000000001 1.833333333333333 0
2.218750000000001 1.666666666666667 0
2.392857142857144 2 0
2.21875 2.166666666666667 0
2.218750000000001 2 0
2.392857142857143 2.333333333333333 0
2.21875 2.5 0
2.21875 2.333333333333333 0
2.392857142857142 2.666666666666667 0
2.21875 2.833333333333333 0
2.21875 2.666666666666667 0
2.392857142857142 3 0
2.218749999999999 3.166666666666667 0
2.218749999999999 3 0
2.392857142857141 3.333333333333333 0
2.218749999999999 3.333333333333333 0
2.741071428571429 1.666666666666667 0
2.566964285714286 1.833333333333333 0
2.566964285714286 1.666666666666667 0
2.741071428571429 2 0
2.566964285714286 2.166666666666667 0
2.566964285714286 2 0
2.741071428571428 2.333333333333333 0
2.566964285714286 2.5 0
2.566964285714286 2.333333333333333 0
2.741071428571428 2.666666666666667 0
2.566964285714285 2.833333333333333 0
2.566964285714285 2.666666666666667 0
2.741071428571427 3 0
2.566964285714284 3.166666666666667 0
2.566964285714285 3 0
2.741071428571427 3.333333333333333 0
2.566964285714284 3.333333333333333 0
3.089285714285714 1.666666666666667 0
2.915178571428572 1.833333333333333 0
2.915178571428572 1.666666666666667 0
3.089285714285714 2 0
2.915178571428571 2.166666666666667 0
2.915178571428571 2 0
3.089285714285714 2.333333333333333 0
2.915178571428571 2.5 0
2.915178571428571 2.333333333333333 0
3.089285714285714 2.666666666666667 0
2.91517857142857 2.833333333333333 0
2.915178571428571 2.666666666666667 0
3.089285714285714 3 0
2.91517857142857 3.166666666666667 0
2.91517857142857 3 0
3.089285714285714 3.333333333333333 0
2.91517857142857 3.333333333333333 0
3.4375 1.666666666666667 0
3.263392857142857 1.833333333333333 0
3.263392857142857 1.666666666666667 0
3.4375 2 0
3.263392857142857 2.166666666666667 0
3.263392857142857 2 0
3.4375 2.333333333333333 0
3.263392857142857 2.5 0
3.263392857142857 2.333333333333333 0
3.4375 2.666666666666667 0
3.263392857142856 2.833333333333333 0
3.263392857142857 2.666666666666667 0
3.4375 3 0
3.263392857142857 3.166666666666667 0
3.263392857142857 3 0
3.4375 3.333333333333333 0
3.263392857142856 3.333333333333333 0
3.611607142857143 1.833333333333333 0
3.611607142857143 1.666666666666667 0
3.611607142857142 2.166666666666667 0
3.611607142857142 2 0
3.611607142857142 2.5 0
3.611607142857142 2.333333333333333 0
3.611607142857142 2.833333333333333 0
3.611607142857142 2.666666666666667 0
3.611607142857142 3.166666666666667 0
3.611607142857143 3 0
3.611607142857142 3.333333333333333 0
6.133928571428571 1.833333333333333 0
6.133928571428571 2.166666666666667 0
6.133928571428571 2.5 0
6.133928571428571 2.833333333333333 0
6.133928571428571 3.166666666666667 0
6.482142857142858 1.833333333333333 0
6.482142857142858 2.166666666666667 0
6.482142857142858 2.5 0
6.482142857142858 2.833333333333333 0
6.482142857142857 3.166666666666667 0
6.830357142857144 1.833333333333333 0
6.830357142857144 2.166666666666667 0
6.830357142857143 2.5 0
6.830357142857142 2.833333333333333 0
6.830357142857142 3.166666666666667 0
7.17857142857143 1.833333333333333 0
7.178571428571429 2.166666666666667 0
7.178571428571429 2.5 0
7.178571428571428 2.833333333333333 0
7.178571428571427 3.166666666666667 0
7.526785714285714 1.833333333333333 0
7.526785714285714 2.166666666666667 0
7.526785714285714 2.5 0
7.526785714285713 2.833333333333333 0
7.526785714285713 3.166666666666667 0
7.875 1.833333333333333 0
7.875 2.166666666666667 0
7.874999999999999 2.5 0
7.874999999999999 2.833333333333333 0
7.874999999999999 3.166666666666667 0
8.223214285714285 1.833333333333333 0
8.223214285714285 2.166666666666667 0
8.223214285714285 2.5 0
8.223214285714285 2.833333333333333 0
8.223214285714285 3.166666666666667 0
6.133928571428571 1.666666666666667 0
5.959821428571429 1.833333333333333 0
5.959821428571429 1.666666666666667 0
6.133928571428571 2 0
5.959821428571429 2.166666666666667 0
5.959821428571429 2 0
6.133928571428571 2.333333333333333 0
5.959821428571429 2.5 0
5.959821428571429 2.333333333333333 0
6.133928571428571 2.666666666666667 0
5.959821428571429 2.833333333333333 0
5.959821428571429 2.666666666666667 0
6.133928571428571 3 0
5.959821428571429 3.166666666666667 0
5.959821428571429 3 0
6.133928571428571 3.333333333333333 0
5.959821428571429 3.333333333333333 0
6.482142857142858 1.666666666666667 0
6.308035714285714 1.833333333333333 0
6.308035714285714 1.666666666666667 0
6.482142857142858 2 0
6.308035714285714 2.166666666666667 0
6.308035714285714 2 0
6.482142857142858 2.333333333333333 0
6.308035714285714 2.5 0
6.308035714285714 2.333333333333333 0
6.482142857142858 2.666666666666667 0
6.308035714285714 2.833333333333333 0
6.308035714285714 2.666666666666667 0
6.482142857142857 3 0
6.308035714285714 3.166666666666667 0
6.308035714285714 3 0
6.482142857142857 3.333333333333333 0
6.308035714285714 3.333333333333333 0
6.830357142857144 1.666666666666667 0
6.656250000000001 1.833333333333333 0
6.656250000000001 1.666666666666667 0
6.830357142857144 2 0
6.656250000000001 2.166666666666667 0
6.656250000000001 2 0
6.830357142857143 2.333333333333333 0
6.65625 2.5 0
6.65625 2.333333333333333 0
6.830357142857143 2.666666666666667 0
6.65625 2.833333333333333 0
6.65625 2.666666666666667 0
6.830357142857142 3 0
6.65625 3.166666666666667 0
6.65625 3 0
6.830357142857142 3.333333333333333 0
6.656249999999999 3.333333333333333 0
7.17857142857143 1.666666666666667 0
7.004464285714286 1.833333333333333 0
7.004464285714287 1.666666666666667 0
7.178571428571429 2 0
7.004464285714286 2.166666666666667 0
7.004464285714286 2 0
7.178571428571429 2.333333333333333 0
7.004464285714286 2.5 0
7.004464285714286 2.333333333333333 0
7.178571428571428 2.666666666666667 0
7.004464285714286 2.833333333333333 0
7.004464285714286 2.666666666666667 0
7.178571428571427 3 0
7.004464285714285 3.166666666666667 0
7.004464285714285 3 0
7.178571428571427 3.333333333333333 0
7.004464285714285 3.333333333333333 0
7.526785714285715 1.666666666666667 0
7.352678571428572 1.833333333333333 0
7.352678571428572 1.666666666666667 0
7.526785714285714 2 0
7.352678571428571 2.166666666666667 0
7.352678571428572 2 0
7.526785714285714 2.333333333333333 0
7.352678571428571 2.5 0
7.352678571428571 2.333333333333333 0
7.526785714285714 2.666666666666667 0
7.35267857142857 2.833333333333333 0
7.35267857142857 2.666666666666667 0
7.526785714285713 3 0
7.352678571428569 3.166666666666667 0
7.35267857142857 3 0
7.526785714285713 3.333333333333333 0
7.352678571428569 3.333333333333333 0
7.875 1.666666666666667 0
7.700892857142858 1.833333333333333 0
7.700892857142858 1.666666666666667 0
7.875 2 0
7.700892857142857 2.166666666666667 0
7.700892857142857 2 0
7.874999999999999 2.333333333333333 0
7.700892857142857 2.5 0
7.700892857142857 2.333333333333333 0
7.874999999999999 2.666666666666667 0
7.700892857142856 2.833333333333333 0
7.700892857142856 2.666666666666667 0
7.874999999999999 3 0
7.700892857142856 3.166666666666667 0
7.700892857142856 3 0
7.874999999999999 3.333333333333333 0
7.700892857142856 3.333333333333333 0
8.223214285714285 1.666666666666667 0
8.049107142857142 1.833333333333333 0
8.049107142857142 1.666666666666667 0
8.223214285714285 2 0
8.049107142857142 2.166666666666667 0
8.049107142857142 2 0
8.223214285714285 2.333333333333333 0
8.049107142857142 2.5 0
8.049107142857142 2.333333333333333 0
8.223214285714285 2.666666666666667 0
8.049107142857142 2.833333333333333 0
8.049107142857142 2.666666666666667 0
8.223214285714285 3 0
8.049107142857142 3.166666666666667 0
8.049107142857142 3 0
8.223214285714285 3.333333333333333 0
8.049107142857142 3.333333333333333 0
8.397321428571429 1.833333333333333 0
8.397321428571429 1.666666666666667 0
8.397321428571429 2.166666666666667 0
8.397321428571429 2 0
8.397321428571429 2.5 0
8.397321428571429 2.333333333333333 0
8.397321428571427 2.833333333333333 0
8.397321428571429 2.666666666666667 0
8.397321428571427 3.166666666666667 0
8.397321428571427 3 0
8.397321428571427 3.333333333333333 0
10.91964285714286 1.833333333333333 0
10.91964285714286 2.166666666666667 0
10.91964285714286 2.5 0
10.91964285714286 2.833333333333333 0
10.91964285714286 3.166666666666667 0
11.26785714285714 1.833333333333333 0
11.26785714285714 2.166666666666667 0
11.26785714285714 2.5 0
11.26785714285714 2.833333333333333 0
11.26785714285714 3.166666666666667 0
11.61607142857143 1.833333333333333 0
11.61607142857143 2.166666666666667 0
11.61607142857143 2.5 0
11.61607142857143 2.833333333333333 0
11.61607142857143 3.166666666666667 0
11.96428571428572 1.833333333333333 0
11.96428571428572 2.166666666666667 0
11.96428571428572 2.5 0
11.96428571428571 2.833333333333333 0
11.96428571428571 3.166666666666667 0
12.3125 1.833333333333333 0
12.3125 2.166666666666667 0
12.3125 2.5 0
12.3125 2.833333333333333 0
12.3125 3.166666666666667 0
12.66071428571429 1.833333333333333 0
12.66071428571429 2.166666666666667 0
12.66071428571429 2.5 0
12.66071428571428 2.833333333333333 0
12.66071428571428 3.166666666666667 0
13.00892857142857 1.833333333333333 0
13.00892857142857 2.166666666666667 0
13.00892857142857 2.5 0
13.00892857142857 2.833333333333333 0
13.00892857142857 3.166666666666667 0
10.91964285714286 1.666666666666667 0
10.74553571428572 1.833333333333333 0
10.74553571428572 1.666666666666667 0
10.91964285714286 2 0
10.74553571428571 2.166666666666667 0
10.74553571428571 2 0
10.91964285714286 2.333333333333333 0
10.74553571428571 2.5 0
10.74553571428571 2.333333333333333 0
10.91964285714286 2.666666666666667 0
10.74553571428571 2.833333333333333 0
10.74553571428571 2.666666666666667 0
10.91964285714286 3 0
10.74553571428571 3.166666666666667 0
10.74553571428571 3 0
10.91964285714286 3.333333333333333 0
10.74553571428571 3.333333333333333 0
11.26785714285714 1.666666666666667 0
11.09375 1.833333333333333 0
11.09375 1.666666666666667 0
11.26785714285714 2 0
11.09375 2.166666666666667 0
11.09375 2 0
11.26785714285714 2.333333333333333 0
11.09375 2.5 0
11.09375 2.333333333333333 0
11.26785714285714 2.666666666666667 0
11.09375 2.833333333333333 0
11.09375 2.666666666666667 0
11.26785714285714 3 0
11.09375 3.166666666666667 0
11.09375 3 0
11.26785714285714 3.333333333333333 0
11.09375 3.333333333333333 0
11.61607142857143 1.666666666666667 0
11.44196428571429 1.833333333333333 0
11.44196428571429 1.666666666666667 0
11.61607142857143 2 0
11.44196428571429 2.166666666666667 0
11.44196428571429 2 0
11.61607142857143 2.333333333333333 0
11.44196428571428 2.5 0
11.44196428571429 2.333333333333333 0
11.61607142857143 2.666666666666667 0
11.44196428571428 2.833333333333333 0
11.44196428571428 2.666666666666667 0
11.61607142857143 3 0
11.44196428571428 3.166666666666667 0
11.44196428571428 3 0
11.61607142857143 3.333333333333333 0
11.44196428571428 3.333333333333333 0
11.96428571428572 1.666666666666667 0
11.79017857142857 1.833333333333333 0
11.79017857142857 1.666666666666667 0
11.96428571428572 2 0
11.79017857142857 2.166666666666667 0
11.79017857142857 2 0
11.96428571428572 2.333333333333333 0
11.79017857142857 2.5 0
11.79017857142857 2.333333333333333 0
11.96428571428571 2.666666666666667 0
11.79017857142857 2.833333333333333 0
11.79017857142857 2.666666666666667 0
11.96428571428571 3 0
11.79017857142857 3.166666666666667 0
11.79017857142857 3 0
11.96428571428571 3.333333333333333 0
11.79017857142857 3.333333333333333 0
12.3125 1.666666666666667 0
12.13839285714286 1.833333333333333 0
12.13839285714286 1.666666666666667 0
12.3125 2 0
12.13839285714286 2.166666666666667 0
12.13839285714286 2 0
12.3125 2.333333333333333 0
12.13839285714286 2.5 0
12.13839285714286 2.333333333333333 0
12.3125 2.666666666666667 0
12.13839285714286 2.833333333333333 0
12.13839285714286 2.666666666666667 0
12.3125 3 0
12.13839285714286 3.166666666666667 0
12.13839285714286 3 0
12.3125 3.333333333333333 0
12.13839285714286 3.333333333333333 0
12.66071428571429 1.666666666666667 0
12.48660714285714 1.833333333333333 0
12.48660714285714 1.666666666666667 0
12.66071428571429 2 0
12.48660714285714 2.166666666666667 0
12.48660714285714 2 0
12.66071428571429 2.333333333333333 0
12.48660714285714 2.5 0
12.48660714285714 2.333333333333333 0
12.66071428571429 2.666666666666667 0
12.48660714285714 2.833333333333333 0
12.48660714285714 2.666666666666667 0
12.66071428571428 3 0
12.48660714285714 3.166666666666667 0
12.48660714285714 3 0
12.66071428571428 3.333333333333333 0
12.48660714285714 3.333333333333333 0
13.00892857142857 1.666666666666667 0
12.83482142857143 1.833333333333333 0
12.83482142857143 1.666666666666667 0
13.00892857142857 2 0
12.83482142857143 2.166666666666667 0
12.83482142857143 2 0
13.00892857142857 2.333333333333333 0
12.83482142857143 2.5 0
12.83482142857143 2.333333333333333 0
13.00892857142857 2.666666666666667 0
12.83482142857143 2.833333333333333 0
12.83482142857143 2.666666666666667 0
13.00892857142857 3 0
12.83482142857143 3.166666666666667 0
12.83482142857143 3 0
13.00892857142857 3.333333333333333 0
12.83482142857143 3.333333333333333 0
13.18303571428572 1.833333333333333 0
13.18303571428572 1.666666666666667 0
13.18303571428572 2.166666666666667 0
13.18303571428572 2 0
13.18303571428572 2.5 0
13.18303571428572 2.333333333333333 0
13.18303571428572 2.833333333333333 0
13.18303571428572 2.666666666666667 0
13.18303571428572 3.166666666666667 0
13.18303571428572 3 0
13.18303571428572 3.333333333333333 0
15.70535714285714 1.833333333333333 0
15.70535714285714 2.166666666666667 0
15.70535714285714 2.5 0
15.70535714285714 2.833333333333333 0
15.70535714285714 3.166666666666667 0
16.05357142857143 1.833333333333333 0
16.05357142857143 2.166666666666667 0
16.05357142857143 2.5 0
16.05357142857143 2.833333333333333 0
16.05357142857143 3.166666666666667 0
16.40178571428572 1.833333333333333 0
16.40178571428572 2.166666666666667 0
16.40178571428572 2.5 0
16.40178571428572 2.833333333333333 0
16.40178571428572 3.166666666666667 0
16.75 1.833333333333333 0
16.75 2.166666666666667 0
16.75 2.5 0
16.75 2.833333333333333 0
16.75 3.166666666666667 0
17.09821428571428 1.833333333333333 0
17.09821428571428 2.166666666666667 0
17.09821428571428 2.5 0
17.09821428571428 2.833333333333333 0
17.09821428571428 3.166666666666667 0
17.44642857142857 1.833333333333333 0
17.44642857142857 2.166666666666667 0
17.44642857142857 2.5 0
17.44642857142857 2.833333333333333 0
17.44642857142857 3.166666666666667 0
17.79464285714286 1.833333333333333 0
17.79464285714286 2.166666666666667 0
17.79464285714286 2.5 0
17.79464285714286 2.833333333333333 0
17.79464285714286 3.166666666666667 0
15.70535714285714 1.666666666666667 0
15.53125 1.833333333333333 0
15.53125 1.666666666666667 0
15.70535714285714 2 0
15.53125 2.166666666666667 0
15.53125 2 0
15.70535714285714 2.333333333333333 0
15.53125 2.5 0
15.53125 2.333333333333333 0
15.70535714285714 2.666666666666667 0
15.53125 2.833333333333333 0
15.53125 2.666666666666667 0
15.70535714285714 3 0
15.53125 3.166666666666667 0
15.53125 3 0
15.70535714285714 3.333333333333333 0
15.53125 3.333333333333333 0
16.05357142857143 1.666666666666667 0
15.87946428571429 1.833333333333333 0
15.87946428571429 1.666666666666667 0
16.05357142857143 2 0
15.87946428571429 2.166666666666667 0
15.87946428571429 2 0
16.05357142857143 2.333333333333333 0
15.87946428571429 2.5 0
15.87946428571429 2.333333333333333 0
16.05357142857143 2.666666666666667 0
15.87946428571429 2.833333333333333 0
15.87946428571429 2.666666666666667 0
16.05357142857143 3 0
15.87946428571429 3.166666666666667 0
15.87946428571429 3 0
16.05357142857143 3.333333333333333 0
15.87946428571429 3.333333333333333 0
16.40178571428572 1.666666666666667 0
16.22767857142857 1.833333333333333 0
16.22767857142857 1.666666666666667 0
16.40178571428572 2 0
16.22767857142857 2.166666666666667 0
16.22767857142857 2 0
16.40178571428572 2.333333333333333 0
16.22767857142857 2.5 0
16.22767857142857 2.333333333333333 0
16.40178571428572 2.666666666666667 0
16.22767857142857 2.833333333333333 0
16.22767857142857 2.666666666666667 0
16.40178571428572 3 0
16.22767857142857 3.166666666666667 0
16.22767857142857 3 0
16.40178571428572 3.333333333333333 0
16.22767857142857 3.333333333333333 0
16.75 1.666666666666667 0
16.57589285714286 1.833333333333333 0
16.57589285714286 1.666666666666667 0
16.75 2 0
16.57589285714286 2.166666666666667 0
16.57589285714286 2 0
16.75 2.333333333333333 0
16.57589285714286 2.5 0
16.57589285714286 2.333333333333333 0
16.75 2.666666666666667 0
16.57589285714286 2.833333333333333 0
16.57589285714286 2.666666666666667 0
16.75 3 0
16.57589285714286 3.166666666666667 0
16.57589285714286 3 0
16.75 3.333333333333333 0
16.57589285714286 3.333333333333333 0
17.09821428571428 1.666666666666667 0
16.92410714285714 1.833333333333333 0
16.92410714285714 1.666666666666667 0
17.09821428571428 2 0
16.92410714285714 2.166666666666667 0
16.92410714285714 2 0
17.09821428571428 2.333333333333333 0
16.92410714285714 2.5 0
16.92410714285714 2.333333333333333 0
17.09821428571428 2.666666666666667 0
16.92410714285714 2.833333333333333 0
16.92410714285714 2.666666666666667 0
17.09821428571428 3 0
16.92410714285714 3.166666666666667 0
16.92410714285714 3 0
17.09821428571428 3.333333333333333 0
16.92410714285714 3.333333333333333 0
17.44642857142857 1.666666666666667 0
17.27232142857143 1.833333333333333 0
17.27232142857143 1.666666666666667 0
17.44642857142857 2 0
17.27232142857143 2.166666666666667 0
17.27232142857143 2 0
17.44642857142857 2.333333333333333 0
17.27232142857143 2.5 0
17.27232142857143 2.333333333333333 0
17.44642857142857 2.666666666666667 0
17.27232142857143 2.833333333333333 0
17.27232142857143 2.666666666666667 0
17.44642857142857 3 0
17.27232142857143 3.166666666666667 0
17.27232142857143 3 0
17.44642857142857 3.333333333333333 0
17.27232142857143 3.333333333333333 0
17.79464285714286 1.666666666666667 0
17.62053571428572 1.833333333333333 0
17.62053571428572 1.666666666666667 0
17.79464285714286 2 0
17.62053571428572 2.166666666666667 0
17.62053571428572 2 0
17.79464285714286 2.333333333333333 0
17.62053571428572 2.5 0
17.62053571428572 2.333333333333333 0
17.79464285714286 2.666666666666667 0
17.62053571428572 2.833333333333333 0
17.62053571428572 2.666666666666667 0
17.79464285714286 3 0
17.62053571428571 3.166666666666667 0
17.62053571428571 3 0
17.79464285714286 3.333333333333333 0
17.62053571428571 3.333333333333333 0
17.96875 1.833333333333333 0
17.96875 1.666666666666667 0
17.96875 2.166666666666667 0
17.96875 2 0
17.96875 2.5 0
17.96875 2.333333333333333 0
17.96875 2.833333333333333 0
17.96875 2.666666666666667 0
17.96875 3.166666666666667 0
17.96875 3 0
17.96875 3.333333333333333 0
20.49107142857143 1.833333333333333 0
20.49107142857143 2.166666666666667 0
20.49107142857143 2.5 0
20.49107142857143 2.833333333333333 0
20.49107142857143 3.166666666666667 0
20.83928571428572 1.833333333333333 0
20.83928571428572 2.166666666666667 0
20.83928571428572 2.5 0
20.83928571428572 2.833333333333333 0
20.83928571428572 3.166666666666667 0
21.1875 1.833333333333333 0
21.1875 2.166666666666667 0
21.1875 2.5 0
21.1875 2.833333333333333 0
21.1875 3.166666666666667 0
21.53571428571428 1.833333333333333 0
21.53571428571428 2.166666666666667 0
21.53571428571428 2.5 0
21.53571428571428 2.833333333333333 0
21.53571428571428 3.166666666666667 0
21.88392857142857 1.833333333333333 0
21.88392857142857 2.166666666666667 0
21.88392857142857 2.5 0
21.88392857142857 2.833333333333333 0
21.88392857142857 3.166666666666667 0
22.23214285714285 1.833333333333333 0
22.23214285714285 2.166666666666667 0
22.23214285714285 2.5 0
22.23214285714285 2.833333333333333 0
22.23214285714285 3.166666666666667 0
22.58035714285714 1.833333333333333 0
22.58035714285714 2.166666666666667 0
22.58035714285714 2.5 0
22.58035714285714 2.833333333333333 0
22.58035714285714 3.166666666666667 0
20.49107142857143 1.666666666666667 0
20.31696428571428 1.833333333333333 0
20.31696428571428 1.666666666666667 0
20.49107142857143 2 0
20.31696428571428 2.166666666666667 0
20.31696428571428 2 0
20.49107142857143 2.333333333333333 0
20.31696428571428 2.5 0
20.31696428571428 2.333333333333333 0
20.49107142857143 2.666666666666667 0
20.31696428571428 2.833333333333333 0
20.31696428571428 2.666666666666667 0
20.49107142857143 3 0
20.31696428571428 3.166666666666667 0
20.31696428571428 3 0
20.49107142857143 3.333333333333333 0
20.31696428571428 3.333333333333333 0
20.83928571428572 1.666666666666667 0
20.66517857142857 1.833333333333333 0
20.66517857142857 1.666666666666667 0
20.83928571428572 2 0
20.66517857142857 2.166666666666667 0
20.66517857142857 2 0
20.83928571428572 2.333333333333333 0
20.66517857142857 2.5 0
20.66517857142857 2.333333333333333 0
20.83928571428572 2.666666666666667 0
20.66517857142857 2.833333333333333 0
20.66517857142857 2.666666666666667 0
20.83928571428572 3 0
20.66517857142857 3.166666666666667 0
20.66517857142857 3 0
20.83928571428572 3.333333333333333 0
20.66517857142857 3.333333333333333 0
21.1875 1.666666666666667 0
21.01339285714286 1.833333333333333 0
21.01339285714286 1.666666666666667 0
21.1875 2 0
21.01339285714286 2.166666666666667 0
21.01339285714286 2 0
21.1875 2.333333333333333 0
21.01339285714286 2.5 0
21.01339285714286 2.333333333333333 0
21.1875 2.666666666666667 0
21.01339285714286 2.833333333333333 0
21.01339285714286 2.666666666666667 0
21.1875 3 0
21.01339285714286 3.166666666666667 0
21.01339285714286 3 0
21.1875 3.333333333333333 0
21.01339285714286 3.333333333333333 0
21.53571428571428 1.666666666666667 0
21.36160714285714 1.833333333333333 0
21.36160714285714 1.666666666666667 0
21.53571428571428 2 0
21.36160714285714 2.166666666666667 0
21.36160714285714 2 0
21.53571428571428 2.333333333333333 0
21.36160714285714 2.5 0
21.36160714285714 2.333333333333333 0
21.53571428571428 2.666666666666667 0
21.36160714285714 2.833333333333333 0
21.36160714285714 2.666666666666667 0
21.53571428571428 3 0
21.36160714285714 3.166666666666667 0
21.36160714285714 3 0
21.53571428571428 3.333333333333333 0
21.36160714285714 3.333333333333333 0
21.88392857142857 1.666666666666667 0
21.70982142857143 1.833333333333333 0
21.70982142857143 1.666666666666667 0
21.88392857142857 2 0
21.70982142857143 2.166666666666667 0
21.70982142857143 2 0
21.88392857142857 2.333333333333333 0
21.70982142857143 2.5 0
21.70982142857143 2.333333333333333 0
21.88392857142857 2.666666666666667 0
21.70982142857143 2.833333333333333 0
21.70982142857143 2.666666666666667 0
21.88392857142857 3 0
21.70982142857143 3.166666666666667 0
21.70982142857143 3 0
21.88392857142857 3.333333333333333 0
21.70982142857143 3.333333333333333 0
22.23214285714285 1.666666666666667 0
22.05803571428571 1.833333333333333 0
22.05803571428571 1.666666666666667 0
22.23214285714285 2 0
22.05803571428571 2.166666666666667 0
22.05803571428571 2 0
22.23214285714285 2.333333333333333 0
22.05803571428571 2.5 0
22.05803571428571 2.333333333333333 0
22.23214285714285 2.666666666666667 0
22.05803571428571 2.833333333333333 0
22.05803571428571 2.666666666666667 0
22.23214285714285 3 0
22.05803571428571 3.166666666666667 0
22.05803571428571 3 0
22.23214285714285 3.333333333333333 0
22.05803571428571 3.333333333333333 0
22.58035714285714 1.666666666666667 0
22.40625 1.833333333333333 0
22.40625 1.666666666666667 0
22.58035714285714 2 0
22.40625 2.166666666666667 0
22.40625 2 0
22.58035714285714 2.333333333333333 0
22.40625 2.5 0
22.40625 2.333333333333333 0
22.58035714285714 2.666666666666667 0
22.40625 2.833333333333333 0
22.40625 2.666666666666667 0
22.58035714285714 3 0
22.40625 3.166666666666667 0
22.40625 3 0
22.58035714285714 3.333333333333333 0
22.40625 3.333333333333333 0
22.75446428571428 1.833333333333333 0
22.75446428571428 1.666666666666667 0
22.75446428571428 2.166666666666667 0
22.75446428571428 2 0
22.75446428571428 2.5 0
22.75446428571428 2.333333333333333 0
22.75446428571428 2.833333333333333 0
22.75446428571428 2.666666666666667 0
22.75446428571428 3.166666666666667 0
22.75446428571428 3 0
22.75446428571428 3.333333333333333 0
25.27678571428571 1.833333333333333 0
25.27678571428571 2.166666666666667 0
25.27678571428571 2.5 0
25.27678571428571 2.833333333333333 0
25.27678571428571 3.166666666666667 0
25.625 1.833333333333333 0
25.625 2.166666666666667 0
25.625 2.5 0
25.625 2.833333333333333 0
25.625 3.166666666666667 0
25.97321428571428 1.833333333333333 0
25.97321428571428 2.166666666666667 0
25.97321428571428 2.5 0
25.97321428571428 2.833333333333333 0
25.97321428571428 3.166666666666667 0
26.32142857142857 1.833333333333333 0
26.32142857142857 2.166666666666667 0
26.32142857142857 2.5 0
26.32142857142857 2.833333333333333 0
26.32142857142857 3.166666666666667 0
26.66964285714286 1.833333333333333 0
26.66964285714286 2.166666666666667 0
26.66964285714286 2.5 0
26.66964285714286 2.833333333333333 0
26.66964285714286 3.166666666666667 0
27.01785714285715 1.833333333333333 0
27.01785714285715 2.166666666666667 0
27.01785714285714 2.5 0
27.01785714285714 2.833333333333333 0
27.01785714285714 3.166666666666667 0
27.36607142857143 1.833333333333333 0
27.36607142857143 2.166666666666667 0
27.36607142857143 2.5 0
27.36607142857143 2.833333333333333 0
27.36607142857143 3.166666666666667 0
25.27678571428571 1.666666666666667 0
25.10267857142857 1.833333333333333 0
25.10267857142857 1.666666666666667 0
25.27678571428571 2 0
25.10267857142857 2.166666666666667 0
25.10267857142857 2 0
25.27678571428571 2.333333333333333 0
25.10267857142857 2.5 0
25.10267857142857 2.333333333333333 0
25.27678571428571 2.666666666666667 0
25.10267857142857 2.833333333333333 0
25.10267857142857 2.666666666666667 0
25.27678571428571 3 0
25.10267857142857 3.166666666666667 0
25.10267857142857 3 0
25.27678571428571 3.333333333333333 0
25.10267857142857 3.333333333333333 0
25.625 1.666666666666667 0
25.45089285714286 1.833333333333333 0
25.45089285714286 1.666666666666667 0
25.625 2 0
25.45089285714285 2.166666666666667 0
25.45089285714286 2 0
25.625 2.333333333333333 0
25.45089285714285 2.5 0
25.45089285714285 2.333333333333333 0
25.625 2.666666666666667 0
25.45089285714285 2.833333333333333 0
25.45089285714285 2.666666666666667 0
25.625 3 0
25.45089285714285 3.166666666666667 0
25.45089285714285 3 0
25.625 3.333333333333333 0
25.45089285714285 3.333333333333333 0
25.97321428571428 1.666666666666667 0
25.79910714285714 1.833333333333333 0
25.79910714285714 1.666666666666667 0
25.97321428571428 2 0
25.79910714285714 2.166666666666667 0
25.79910714285714 2 0
25.97321428571428 2.333333333333333 0
25.79910714285714 2.5 0
25.79910714285714 2.333333333333333 0
25.97321428571428 2.666666666666667 0
25.79910714285714 2.833333333333333 0
25.79910714285714 2.666666666666667 0
25.97321428571428 3 0
25.79910714285714 3.166666666666667 0
25.79910714285714 3 0
25.97321428571428 3.333333333333333 0
25.79910714285714 3.333333333333333 0
26.32142857142857 1.666666666666667 0
26.14732142857143 1.833333333333333 0
26.14732142857143 1.666666666666667 0
26.32142857142857 2 0
26.14732142857143 2.166666666666667 0
26.14732142857143 2 0
26.32142857142857 2.333333333333333 0
26.14732142857143 2.5 0
26.14732142857143 2.333333333333333 0
26.32142857142857 2.666666666666667 0
26.14732142857143 2.833333333333333 0
26.14732142857143 2.666666666666667 0
26.32142857142857 3 0
26.14732142857143 3.166666666666667 0
26.14732142857143 3 0
26.32142857142857 3.333333333333333 0
26.14732142857143 3.333333333333333 0
26.66964285714286 1.666666666666667 0
26.49553571428572 1.833333333333333 0
26.49553571428572 1.666666666666667 0
26.66964285714286 2 0
26.49553571428572 2.166666666666667 0
26.49553571428572 2 0
26.66964285714286 2.333333333333333 0
26.49553571428572 2.5 0
26.49553571428572 2.333333333333333 0
26.66964285714286 2.666666666666667 0
26.49553571428572 2.833333333333333 0
26.49553571428572 2.666666666666667 0
26.66964285714286 3 0
26.49553571428571 3.166666666666667 0
26.49553571428571 3 0
26.66964285714286 3.333333333333333 0
26.49553571428571 3.333333333333333 0
27.01785714285715 1.666666666666667 0
26.84375 1.833333333333333 0
26.84375 1.666666666666667 0
27.01785714285715 2 0
26.84375 2.166666666666667 0
26.84375 2 0
27.01785714285715 2.333333333333333 0
26.84375 2.5 0
26.84375 2.333333333333333 0
27.01785714285714 2.666666666666667 0
26.84375 2.833333333333333 0
26.84375 2.666666666666667 0
27.01785714285714 3 0
26.84375 3.166666666666667 0
26.84375 3 0
27.01785714285714 3.333333333333333 0
26.84375 3.333333333333333 0
27.36607142857143 1.666666666666667 0
27.19196428571429 1.833333333333333 0
27.19196428571429 1.666666666666667 0
27.36607142857143 2 0
27.19196428571429 2.166666666666667 0
27.19196428571429 2 0
27.36607142857143 2.333333333333333 0
27.19196428571429 2.5 0
27.19196428571429 2.333333333333333 0
27.36607142857143 2.666666666666667 0
27.19196428571429 2.833333333333333 0
27.19196428571429 2.666666666666667 0
27.36607142857143 3 0
27.19196428571428 3.166666666666667 0
27.19196428571429 3 0
27.36607142857143 3.333333333333333 0
27.19196428571428 3.333333333333333 0
27.54017857142857 1.833333333333333 0
27.54017857142857 1.666666666666667 0
27.54017857142857 2.166666666666667 0
27.54017857142857 2 0
27.54017857142857 2.5 0
27.54017857142857 2.333333333333333 0
27.54017857142857 2.833333333333333 0
27.54017857142857 2.666666666666667 0
27.54017857142857 3.166666666666667 0
27.54017857142857 3 0
27.54017857142857 3.333333333333333 0
30.0625 1.833333333333333 0
30.0625 2.166666666666667 0
30.0625 2.5 0
30.0625 2.833333333333333 0
30.0625 3.166666666666667 0
30.41071428571429 1.833333333333333 0
30.41071428571429 2.166666666666667 0
30.41071428571429 2.5 0
30.41071428571429 2.833333333333333 0
30.41071428571429 3.166666666666667 0
30.75892857142857 1.833333333333333 0
30.75892857142857 2.166666666666667 0
30.75892857142857 2.5 0
30.75892857142857 2.833333333333333 0
30.75892857142857 3.166666666666667 0
31.10714285714286 1.833333333333333 0
31.10714285714286 2.166666666666667 0
31.10714285714286 2.5 0
31.10714285714286 2.833333333333333 0
31.10714285714286 3.166666666666667 0
31.45535714285714 1.833333333333333 0
31.45535714285714 2.166666666666667 0
31.45535714285714 2.5 0
31.45535714285714 2.833333333333333 0
31.45535714285714 3.166666666666667 0
31.80357142857143 1.833333333333333 0
31.80357142857143 2.166666666666667 0
31.80357142857143 2.5 0
31.80357142857143 2.833333333333333 0
31.80357142857143 3.166666666666667 0
32.15178571428572 1.833333333333333 0
32.15178571428572 2.166666666666667 0
32.15178571428572 2.5 0
32.15178571428572 2.833333333333333 0
32.15178571428572 3.166666666666667 0
30.0625 1.666666666666667 0
29.88839285714286 1.833333333333333 0
29.88839285714286 1.666666666666667 0
30.0625 2 0
29.88839285714286 2.166666666666667 0
29.88839285714286 2 0
30.0625 2.333333333333333 0
29.88839285714286 2.5 0
29.88839285714286 2.333333333333333 0
30.0625 2.666666666666667 0
29.88839285714286 2.833333333333333 0
29.88839285714286 2.666666666666667 0
30.0625 3 0
29.88839285714286 3.166666666666667 0
29.88839285714286 3 0
30.0625 3.333333333333333 0
29.88839285714286 3.333333333333333 0
30.41071428571429 1.666666666666667 0
30.23660714285715 1.833333333333333 0
30.23660714285715 1.666666666666667 0
30.41071428571429 2 0
30.23660714285715 2.166666666666667 0
30.23660714285715 2 0
30.41071428571429 2.333333333333333 0
30.23660714285714 2.5 0
30.23660714285715 2.333333333333333 0
30.41071428571429 2.666666666666667 0
30.23660714285714 2.833333333333333 0
30.23660714285714 2.666666666666667 0
30.41071428571429 3 0
30.23660714285714 3.166666666666667 0
30.23660714285714 3 0
30.41071428571429 3.333333333333333 0
30.23660714285714 3.333333333333333 0
30.75892857142857 1.666666666666667 0
30.58482142857143 1.833333333333333 0
30.58482142857143 1.666666666666667 0
30.75892857142857 2 0
30.58482142857143 2.166666666666667 0
30.58482142857143 2 0
30.75892857142857 2.333333333333333 0
30.58482142857143 2.5 0
30.58482142857143 2.333333333333333 0
30.75892857142857 2.666666666666667 0
30.58482142857143 2.833333333333333 0
30.58482142857143 2.666666666666667 0
30.75892857142857 3 0
30.58482142857143 3.166666666666667 0
30.58482142857143 3 0
30.75892857142857 3.333333333333333 0
30.58482142857143 3.333333333333333 0
31.10714285714286 1.666666666666667 0
30.93303571428572 1.833333333333333 0
30.93303571428572 1.666666666666667 0
31.10714285714286 2 0
30.93303571428572 2.166666666666667 0
30.93303571428572 2 0
31.10714285714286 2.333333333333333 0
30.93303571428572 2.5 0
30.93303571428572 2.333333333333333 0
31.10714285714286 2.666666666666667 0
30.93303571428572 2.833333333333333 0
30.93303571428572 2.666666666666667 0
31.10714285714286 3 0
30.93303571428572 3.166666666666667 0
30.93303571428572 3 0
31.10714285714286 3.333333333333333 0
30.93303571428572 3.333333333333333 0
31.45535714285714 1.666666666666667 0
31.28125 1.833333333333333 0
31.28125 1.666666666666667 0
31.45535714285714 2 0
31.28125 2.166666666666667 0
31.28125 2 0
31.45535714285714 2.333333333333333 0
31.28125 2.5 0
31.28125 2.333333333333333 0
31.45535714285714 2.666666666666667 0
31.28125 2.833333333333333 0
31.28125 2.666666666666667 0
31.45535714285714 3 0
31.28125 3.166666666666667 0
31.28125 3 0
31.45535714285714 3.333333333333333 0
31.28125 3.333333333333333 0
31.80357142857143 1.666666666666667 0
31.62946428571428 1.833333333333333 0
31.62946428571428 1.666666666666667 0
31.80357142857143 2 0
31.62946428571428 2.166666666666667 0
31.62946428571428 2 0
31.80357142857143 2.333333333333333 0
31.62946428571428 2.5 0
31.62946428571428 2.333333333333333 0
31.80357142857143 2.666666666666667 0
31.62946428571428 2.833333333333333 0
31.62946428571428 2.666666666666667 0
31.80357142857143 3 0
31.62946428571428 3.166666666666667 0
31.62946428571428 3 0
31.80357142857143 3.333333333333333 0
31.62946428571428 3.333333333333333 0
32.15178571428572 1.666666666666667 0
31.97767857142857 1.833333333333333 0
31.97767857142857 1.666666666666667 0
32.15178571428572 2 0
31.97767857142857 2.166666666666667 0
31.97767857142857 2 0
32.15178571428572 2.333333333333333 0
31.97767857142857 2.5 0
31.97767857142857 2.333333333333333 0
32.15178571428572 2.666666666666667 0
31.97767857142857 2.833333333333333 0
31.97767857142857 2.666666666666667 0
32.15178571428572 3 0
31.97767857142857 3.166666666666667 0
31.97767857142857 3 0
32.15178571428572 3.333333333333333 0
31.97767857142857 3.333333333333333 0
32.32589285714285 1.833333333333333 0
32.32589285714285 1.666666666666667 0
32.32589285714285 2.166666666666667 0
32.32589285714285 2 0
32.32589285714285 2.5 0
32.32589285714285 2.333333333333333 0
32.32589285714285 2.833333333333333 0
32.32589285714285 2.666666666666667 0
32.32589285714285 3.166666666666667 0
32.32589285714285 3 0
32.32589285714285 3.333333333333333 0
1.348214285714286 6.833333333333333 0
1.348214285714286 7.166666666666667 0
1.348214285714286 7.5 0
1.348214285714286 7.833333333333333 0
1.348214285714286 8.166666666666666 0
1.696428571428573 6.833333333333333 0
1.696428571428572 7.166666666666667 0
1.696428571428572 7.5 0
1.696428571428572 7.833333333333333 0
1.696428571428571 8.166666666666666 0
2.044642857142859 6.833333333333333 0
2.044642857142858 7.166666666666667 0
2.044642857142858 7.5 0
2.044642857142857 7.833333333333333 0
2.044642857142857 8.166666666666666 0
2.392857142857144 6.833333333333333 0
2.392857142857143 7.166666666666667 0
2.392857142857143 7.5 0
2.392857142857142 7.833333333333333 0
2.392857142857141 8.166666666666666 0
2.741071428571429 6.833333333333333 0
2.741071428571428 7.166666666666667 0
2.741071428571428 7.5 0
2.741071428571427 7.833333333333333 0
2.741071428571427 8.166666666666666 0
3.089285714285714 6.833333333333333 0
3.089285714285714 7.166666666666667 0
3.089285714285714 7.5 0
3.089285714285714 7.833333333333333 0
3.089285714285714 8.166666666666666 0
3.4375 6.833333333333333 0
3.4375 7.166666666666667 0
3.4375 7.5 0
3.4375 7.833333333333334 0
3.4375 8.166666666666666 0
1.348214285714286 6.666666666666666 0
1.174107142857143 6.833333333333333 0
1.174107142857143 6.666666666666666 0
1.348214285714286 7 0
1.174107142857143 7.166666666666667 0
1.174107142857143 7 0
1.348214285714286 7.333333333333334 0
1.174107142857143 7.5 0
1.174107142857143 7.333333333333334 0
1.348214285714286 7.666666666666666 0
1.174107142857143 7.833333333333333 0
1.174107142857143 7.666666666666666 0
1.348214285714286 8 0
1.174107142857143 8.166666666666666 0
1.174107142857143 8 0
1.348214285714286 8.333333333333332 0
1.174107142857143 8.333333333333332 0
1.696428571428573 6.666666666666666 0
1.522321428571429 6.833333333333333 0
1.522321428571429 6.666666666666666 0
1.696428571428572 7 0
1.522321428571429 7.166666666666667 0
1.522321428571429 7 0
1.696428571428572 7.333333333333333 0
1.522321428571429 7.5 0
1.522321428571429 7.333333333333334 0
1.696428571428572 7.666666666666667 0
1.522321428571429 7.833333333333333 0
1.522321428571429 7.666666666666667 0
1.696428571428572 8 0
1.522321428571428 8.166666666666666 0
1.522321428571429 8 0
1.696428571428571 8.333333333333332 0
1.522321428571428 8.333333333333332 0
2.044642857142859 6.666666666666666 0
1.870535714285716 6.833333333333333 0
1.870535714285716 6.666666666666666 0
2.044642857142858 7 0
1.870535714285715 7.166666666666667 0
1.870535714285715 7 0
2.044642857142858 7.333333333333334 0
1.870535714285715 7.5 0
1.870535714285715 7.333333333333334 0
2.044642857142857 7.666666666666667 0
1.870535714285714 7.833333333333333 0
1.870535714285715 7.666666666666667 0
2.044642857142857 8 0
1.870535714285714 8.166666666666666 0
1.870535714285714 8 0
2.044642857142856 8.333333333333334 0
1.870535714285714 8.333333333333334 0
2.392857142857144 6.666666666666666 0
2.218750000000001 6.833333333333333 0
2.218750000000001 6.666666666666666 0
2.392857142857144 7 0
2.218750000000001 7.166666666666667 0
2.218750000000001 7 0
2.392857142857143 7.333333333333333 0
2.21875 7.5 0
2.21875 7.333333333333334 0
2.392857142857142 7.666666666666667 0
2.21875 7.833333333333333 0
2.21875 7.666666666666667 0
2.392857142857142 8 0
2.218749999999999 8.166666666666666 0
2.218749999999999 8 0
2.392857142857141 8.333333333333334 0
2.218749999999999 8.333333333333334 0
2.741071428571429 6.666666666666666 0
2.566964285714286 6.833333333333333 0
2.566964285714286 6.666666666666666 0
2.741071428571429 7 0
2.566964285714286 7.166666666666667 0
2.566964285714286 7 0
2.741071428571428 7.333333333333334 0
2.566964285714286 7.5 0
2.566964285714286 7.333333333333334 0
2.741071428571428 7.666666666666667 0
2.566964285714285 7.833333333333333 0
2.566964285714285 7.666666666666667 0
2.741071428571427 8 0
2.566964285714284 8.166666666666666 0
2.566964285714285 8 0
2.741071428571427 8.333333333333334 0
2.566964285714284 8.333333333333334 0
3.089285714285714 6.666666666666667 0
2.915178571428572 6.833333333333333 0
2.915178571428572 6.666666666666666 0
3.089285714285714 7 0
2.915178571428571 7.166666666666667 0
2.915178571428572 7 0
3.089285714285714 7.333333333333334 0
2.915178571428571 7.5 0
2.915178571428571 7.333333333333334 0
3.089285714285714 7.666666666666667 0
2.91517857142857 7.833333333333333 0
2.915178571428571 7.666666666666667 0
3.089285714285714 8 0
2.91517857142857 8.166666666666666 0
2.91517857142857 8 0
3.089285714285714 8.333333333333334 0
2.91517857142857 8.333333333333334 0
3.4375 6.666666666666667 0
3.263392857142857 6.833333333333333 0
3.263392857142857 6.666666666666667 0
3.4375 7 0
3.263392857142857 7.166666666666667 0
3.263392857142857 7 0
3.4375 7.333333333333333 0
3.263392857142857 7.5 0
3.263392857142857 7.333333333333333 0
3.4375 7.666666666666667 0
3.263392857142857 7.833333333333333 0
3.263392857142857 7.666666666666667 0
3.4375 8 0
3.263392857142857 8.166666666666666 0
3.263392857142857 8 0
3.4375 8.333333333333334 0
3.263392857142856 8.333333333333334 0
3.611607142857143 6.833333333333333 0
3.611607142857143 6.666666666666667 0
3.611607142857142 7.166666666666667 0
3.611607142857142 7 0
3.611607142857142 7.5 0
3.611607142857142 7.333333333333333 0
3.611607142857142 7.833333333333333 0
3.611607142857142 7.666666666666667 0
3.611607142857143 8.166666666666666 0
3.611607142857143 8 0
3.611607142857142 8.333333333333334 0
6.133928571428571 6.833333333333333 0
6.133928571428571 7.166666666666667 0
6.133928571428571 7.5 0
6.133928571428571 7.833333333333333 0
6.133928571428571 8.166666666666666 0
6.482142857142858 6.833333333333333 0
6.482142857142858 7.166666666666667 0
6.482142857142858 7.5 0
6.482142857142858 7.833333333333333 0
6.482142857142857 8.166666666666666 0
6.830357142857144 6.833333333333333 0
6.830357142857144 7.166666666666667 0
6.830357142857143 7.5 0
6.830357142857142 7.833333333333333 0
6.830357142857142 8.166666666666666 0
7.17857142857143 6.833333333333333 0
7.178571428571429 7.166666666666667 0
7.178571428571429 7.5 0
7.178571428571428 7.833333333333333 0
7.178571428571427 8.166666666666666 0
7.526785714285714 6.833333333333333 0
7.526785714285714 7.166666666666667 0
7.526785714285714 7.5 0
7.526785714285714 7.833333333333333 0
7.526785714285713 8.166666666666666 0
7.875 6.833333333333333 0
7.874999999999999 7.166666666666667 0
7.874999999999999 7.5 0
7.874999999999999 7.833333333333333 0
7.874999999999999 8.166666666666666 0
8.223214285714285 6.833333333333334 0
8.223214285714285 7.166666666666667 0
8.223214285714285 7.5 0
8.223214285714285 7.833333333333333 0
8.223214285714285 8.166666666666666 0
6.133928571428571 6.666666666666666 0
5.959821428571429 6.833333333333333 0
5.959821428571429 6.666666666666666 0
6.133928571428571 7 0
5.959821428571429 7.166666666666667 0
5.959821428571429 7 0
6.133928571428571 7.333333333333334 0
5.959821428571429 7.5 0
5.959821428571429 7.333333333333334 0
6.133928571428571 7.666666666666666 0
5.959821428571429 7.833333333333333 0
5.959821428571429 7.666666666666666 0
6.133928571428571 8 0
5.959821428571429 8.166666666666666 0
5.959821428571429 8 0
6.133928571428571 8.333333333333332 0
5.959821428571429 8.333333333333332 0
6.482142857142858 6.666666666666667 0
6.308035714285714 6.833333333333333 0
6.308035714285715 6.666666666666667 0
6.482142857142858 7 0
6.308035714285714 7.166666666666667 0
6.308035714285714 7 0
6.482142857142858 7.333333333333334 0
6.308035714285714 7.5 0
6.308035714285714 7.333333333333334 0
6.482142857142858 7.666666666666667 0
6.308035714285714 7.833333333333333 0
6.308035714285714 7.666666666666667 0
6.482142857142857 8 0
6.308035714285714 8.166666666666666 0
6.308035714285714 8 0
6.482142857142857 8.333333333333334 0
6.308035714285714 8.333333333333334 0
6.830357142857144 6.666666666666666 0
6.656250000000001 6.833333333333333 0
6.656250000000001 6.666666666666666 0
6.830357142857144 7 0
6.656250000000001 7.166666666666667 0
6.656250000000001 7 0
6.830357142857143 7.333333333333333 0
6.65625 7.5 0
6.65625 7.333333333333334 0
6.830357142857143 7.666666666666667 0
6.65625 7.833333333333333 0
6.65625 7.666666666666667 0
6.830357142857142 8 0
6.65625 8.166666666666666 0
6.65625 8 0
6.830357142857142 8.333333333333334 0
6.656249999999999 8.333333333333334 0
7.17857142857143 6.666666666666666 0
7.004464285714286 6.833333333333333 0
7.004464285714287 6.666666666666666 0
7.178571428571429 7 0
7.004464285714286 7.166666666666667 0
7.004464285714286 7 0
7.178571428571429 7.333333333333333 0
7.004464285714286 7.5 0
7.004464285714286 7.333333333333333 0
7.178571428571428 7.666666666666667 0
7.004464285714286 7.833333333333333 0
7.004464285714286 7.666666666666667 0
7.178571428571427 8 0
7.004464285714285 8.166666666666666 0
7.004464285714285 8 0
7.178571428571427 8.333333333333334 0
7.004464285714285 8.333333333333334 0
7.526785714285715 6.666666666666666 0
7.352678571428572 6.833333333333333 0
7.352678571428572 6.666666666666666 0
7.526785714285714 7 0
7.352678571428571 7.166666666666667 0
7.352678571428572 7 0
7.526785714285714 7.333333333333334 0
7.352678571428571 7.5 0
7.352678571428571 7.333333333333334 0
7.526785714285714 7.666666666666667 0
7.35267857142857 7.833333333333333 0
7.352678571428571 7.666666666666667 0
7.526785714285713 8 0
7.35267857142857 8.166666666666666 0
7.35267857142857 8 0
7.526785714285713 8.333333333333334 0
7.352678571428569 8.333333333333334 0
7.875 6.666666666666667 0
7.700892857142858 6.833333333333333 0
7.700892857142858 6.666666666666667 0
7.875 7 0
7.700892857142857 7.166666666666667 0
7.700892857142858 7 0
7.874999999999999 7.333333333333333 0
7.700892857142857 7.5 0
7.700892857142857 7.333333333333334 0
7.874999999999999 7.666666666666667 0
7.700892857142856 7.833333333333333 0
7.700892857142856 7.666666666666667 0
7.874999999999999 8 0
7.700892857142856 8.166666666666666 0
7.700892857142856 8 0
7.874999999999999 8.333333333333334 0
7.700892857142856 8.333333333333334 0
8.223214285714285 6.666666666666667 0
8.049107142857142 6.833333333333334 0
8.049107142857142 6.666666666666667 0
8.223214285714285 7 0
8.049107142857142 7.166666666666667 0
8.049107142857142 7 0
8.223214285714285 7.333333333333334 0
8.049107142857142 7.5 0
8.049107142857142 7.333333333333334 0
8.223214285714285 7.666666666666667 0
8.049107142857142 7.833333333333333 0
8.049107142857142 7.666666666666667 0
8.223214285714285 8 0
8.049107142857142 8.166666666666666 0
8.049107142857142 8 0
8.223214285714285 8.333333333333334 0
8.049107142857142 8.333333333333334 0
8.397321428571429 6.833333333333334 0
8.397321428571429 6.666666666666667 0
8.397321428571429 7.166666666666667 0
8.397321428571427 7 0
8.397321428571429 7.5 0
8.397321428571429 7.333333333333334 0
8.397321428571427 7.833333333333333 0
8.397321428571429 7.666666666666667 0
8.397321428571427 8.166666666666666 0
8.397321428571427 8 0
8.397321428571427 8.333333333333334 0
10.91964285714286 6.833333333333333 0
10.91964285714286 7.166666666666667 0
10.91964285714286 7.5 0
10.91964285714286 7.833333333333333 0
10.91964285714286 8.166666666666666 0
11.26785714285714 6.833333333333334 0
11.26785714285714 7.166666666666667 0
11.26785714285714 7.5 0
11.26785714285714 7.833333333333333 0
11.26785714285714 8.166666666666666 0
11.61607142857143 6.833333333333333 0
11.61607142857143 7.166666666666667 0
11.61607142857143 7.5 0
11.61607142857143 7.833333333333333 0
11.61607142857143 8.166666666666666 0
11.96428571428572 6.833333333333333 0
11.96428571428572 7.166666666666667 0
11.96428571428572 7.5 0
11.96428571428571 7.833333333333333 0
11.96428571428571 8.166666666666666 0
12.3125 6.833333333333334 0
12.3125 7.166666666666667 0
12.3125 7.5 0
12.3125 7.833333333333333 0
12.3125 8.166666666666666 0
12.66071428571429 6.833333333333334 0
12.66071428571429 7.166666666666667 0
12.66071428571429 7.5 0
12.66071428571429 7.833333333333333 0
12.66071428571428 8.166666666666666 0
13.00892857142857 6.833333333333334 0
13.00892857142857 7.166666666666667 0
13.00892857142857 7.5 0
13.00892857142857 7.833333333333333 0
13.00892857142857 8.166666666666666 0
10.91964285714286 6.666666666666666 0
10.74553571428572 6.833333333333333 0
10.74553571428572 6.666666666666666 0
10.91964285714286 7 0
10.74553571428571 7.166666666666667 0
10.74553571428571 7 0
10.91964285714286 7.333333333333333 0
10.74553571428571 7.5 0
10.74553571428571 7.333333333333334 0
10.91964285714286 7.666666666666666 0
10.74553571428571 7.833333333333333 0
10.74553571428571 7.666666666666666 0
10.91964285714286 8 0
10.74553571428571 8.166666666666666 0
10.74553571428571 8 0
10.91964285714286 8.333333333333332 0
10.74553571428571 8.333333333333332 0
11.26785714285714 6.666666666666667 0
11.09375 6.833333333333333 0
11.09375 6.666666666666667 0
11.26785714285714 7 0
11.09375 7.166666666666667 0
11.09375 7 0
11.26785714285714 7.333333333333333 0
11.09375 7.5 0
11.09375 7.333333333333333 0
11.26785714285714 7.666666666666667 0
11.09375 7.833333333333333 0
11.09375 7.666666666666667 0
11.26785714285714 8 0
11.09375 8.166666666666666 0
11.09375 8 0
11.26785714285714 8.333333333333334 0
11.09375 8.333333333333334 0
11.61607142857143 6.666666666666667 0
11.44196428571429 6.833333333333334 0
11.44196428571429 6.666666666666667 0
11.61607142857143 7 0
11.44196428571429 7.166666666666667 0
11.44196428571429 7 0
11.61607142857143 7.333333333333333 0
11.44196428571428 7.5 0
11.44196428571429 7.333333333333333 0
11.61607142857143 7.666666666666666 0
11.44196428571428 7.833333333333333 0
11.44196428571428 7.666666666666667 0
11.61607142857143 8 0
11.44196428571428 8.166666666666666 0
11.44196428571428 8 0
11.61607142857143 8.333333333333334 0
11.44196428571428 8.333333333333334 0
11.96428571428572 6.666666666666667 0
11.79017857142857 6.833333333333333 0
11.79017857142857 6.666666666666667 0
11.96428571428572 7 0
11.79017857142857 7.166666666666667 0
11.79017857142857 7 0
11.96428571428572 7.333333333333333 0
11.79017857142857 7.5 0
11.79017857142857 7.333333333333333 0
11.96428571428571 7.666666666666667 0
11.79017857142857 7.833333333333333 0
11.79017857142857 7.666666666666667 0
11.96428571428571 8 0
11.79017857142857 8.166666666666666 0
11.79017857142857 8 0
11.96428571428571 8.333333333333334 0
11.79017857142857 8.333333333333334 0
12.3125 6.666666666666667 0
12.13839285714286 6.833333333333334 0
12.13839285714286 6.666666666666667 0
12.3125 7 0
12.13839285714286 7.166666666666667 0
12.13839285714286 7 0
12.3125 7.333333333333333 0
12.13839285714286 7.5 0
12.13839285714286 7.333333333333333 0
12.3125 7.666666666666667 0
12.13839285714286 7.833333333333333 0
12.13839285714286 7.666666666666667 0
12.3125 8 0
12.13839285714286 8.166666666666666 0
12.13839285714286 8 0
12.3125 8.333333333333334 0
12.13839285714286 8.333333333333334 0
12.66071428571429 6.666666666666667 0
12.48660714285714 6.833333333333334 0
12.48660714285714 6.666666666666667 0
12.66071428571429 7 0
12.48660714285714 7.166666666666667 0
12.48660714285714 7 0
12.66071428571429 7.333333333333333 0
12.48660714285714 7.5 0
12.48660714285714 7.333333333333333 0
12.66071428571429 7.666666666666667 0
12.48660714285714 7.833333333333333 0
12.48660714285714 7.666666666666667 0
12.66071428571428 8 0
12.48660714285714 8.166666666666666 0
12.48660714285714 8 0
12.66071428571428 8.333333333333334 0
12.48660714285714 8.333333333333334 0
13.00892857142857 6.666666666666667 0
12.83482142857143 6.833333333333334 0
12.83482142857143 6.666666666666667 0
13.00892857142857 7 0
12.83482142857143 7.166666666666667 0
12.83482142857143 7 0
13.00892857142857 7.333333333333333 0
12.83482142857143 7.5 0
12.83482142857143 7.333333333333333 0
13.00892857142857 7.666666666666667 0
12.83482142857143 7.833333333333333 0
12.83482142857143 7.666666666666667 0
13.00892857142857 8 0
12.83482142857143 8.166666666666666 0
12.83482142857143 8 0
13.00892857142857 8.333333333333334 0
12.83482142857143 8.333333333333334 0
13.18303571428572 6.833333333333334 0
13.18303571428572 6.666666666666667 0
13.18303571428572 7.166666666666667 0
13.18303571428572 7 0
13.18303571428572 7.5 0
13.18303571428572 7.333333333333333 0
13.18303571428572 7.833333333333333 0
13.18303571428572 7.666666666666667 0
13.18303571428572 8.166666666666666 0
13.18303571428572 8 0
13.18303571428572 8.333333333333334 0
15.70535714285714 6.833333333333333 0
15.70535714285714 7.166666666666667 0
15.70535714285714 7.5 0
15.70535714285714 7.833333333333333 0
15.70535714285714 8.166666666666666 0
16.05357142857143 6.833333333333333 0
16.05357142857143 7.166666666666667 0
16.05357142857143 7.5 0
16.05357142857143 7.833333333333333 0
16.05357142857143 8.166666666666666 0
16.40178571428572 6.833333333333334 0
16.40178571428572 7.166666666666667 0
16.40178571428572 7.5 0
16.40178571428572 7.833333333333333 0
16.40178571428572 8.166666666666666 0
16.75 6.833333333333333 0
16.75 7.166666666666667 0
16.75 7.5 0
16.75 7.833333333333333 0
16.75 8.166666666666666 0
17.09821428571428 6.833333333333334 0
17.09821428571428 7.166666666666667 0
17.09821428571428 7.5 0
17.09821428571428 7.833333333333333 0
17.09821428571428 8.166666666666666 0
17.44642857142857 6.833333333333334 0
17.44642857142857 7.166666666666667 0
17.44642857142857 7.5 0
17.44642857142857 7.833333333333333 0
17.44642857142857 8.166666666666666 0
17.79464285714286 6.833333333333334 0
17.79464285714286 7.166666666666667 0
17.79464285714286 7.5 0
17.79464285714286 7.833333333333333 0
17.79464285714286 8.166666666666666 0
15.70535714285714 6.666666666666666 0
15.53125 6.833333333333333 0
15.53125 6.666666666666666 0
15.70535714285714 7 0
15.53125 7.166666666666667 0
15.53125 7 0
15.70535714285714 7.333333333333334 0
15.53125 7.5 0
15.53125 7.333333333333334 0
15.70535714285714 7.666666666666666 0
15.53125 7.833333333333333 0
15.53125 7.666666666666666 0
15.70535714285714 8 0
15.53125 8.166666666666666 0
15.53125 8 0
15.70535714285714 8.333333333333332 0
15.53125 8.333333333333332 0
16.05357142857143 6.666666666666667 0
15.87946428571429 6.833333333333333 0
15.87946428571429 6.666666666666667 0
16.05357142857143 7 0
15.87946428571429 7.166666666666667 0
15.87946428571429 7 0
16.05357142857143 7.333333333333333 0
15.87946428571429 7.5 0
15.87946428571429 7.333333333333333 0
16.05357142857143 7.666666666666666 0
15.87946428571429 7.833333333333333 0
15.87946428571429 7.666666666666666 0
16.05357142857143 8 0
15.87946428571429 8.166666666666666 0
15.87946428571429 8 0
16.05357142857143 8.333333333333332 0
15.87946428571429 8.333333333333332 0
16.40178571428572 6.666666666666667 0
16.22767857142857 6.833333333333334 0
16.22767857142857 6.666666666666667 0
16.40178571428572 7 0
16.22767857142857 7.166666666666667 0
16.22767857142857 7 0
16.40178571428572 7.333333333333333 0
16.22767857142857 7.5 0
16.22767857142857 7.333333333333333 0
16.40178571428572 7.666666666666666 0
16.22767857142857 7.833333333333333 0
16.22767857142857 7.666666666666666 0
16.40178571428572 8 0
16.22767857142857 8.166666666666666 0
16.22767857142857 8 0
16.40178571428572 8.333333333333334 0
16.22767857142857 8.333333333333332 0
16.75 6.666666666666667 0
16.57589285714286 6.833333333333334 0
16.57589285714286 6.666666666666667 0
16.75 7 0
16.57589285714286 7.166666666666667 0
16.57589285714286 7 0
16.75 7.333333333333333 0
16.57589285714286 7.5 0
16.57589285714286 7.333333333333333 0
16.75 7.666666666666667 0
16.57589285714286 7.833333333333333 0
16.57589285714286 7.666666666666667 0
16.75 8 0
16.57589285714286 8.166666666666666 0
16.57589285714286 8 0
16.75 8.333333333333334 0
16.57589285714286 8.333333333333334 0
17.09821428571428 6.666666666666667 0
16.92410714285714 6.833333333333334 0
16.92410714285714 6.666666666666667 0
17.09821428571428 7 0
16.92410714285714 7.166666666666667 0
16.92410714285714 7 0
17.09821428571428 7.333333333333333 0
16.92410714285714 7.5 0
16.92410714285714 7.333333333333333 0
17.09821428571428 7.666666666666667 0
16.92410714285714 7.833333333333333 0
16.92410714285714 7.666666666666667 0
17.09821428571428 8 0
16.92410714285714 8.166666666666666 0
16.92410714285714 8 0
17.09821428571428 8.333333333333334 0
16.92410714285714 8.333333333333334 0
17.44642857142857 6.666666666666667 0
17.27232142857143 6.833333333333334 0
17.27232142857143 6.666666666666667 0
17.44642857142857 7 0
17.27232142857143 7.166666666666667 0
17.27232142857143 7 0
17.44642857142857 7.333333333333333 0
17.27232142857143 7.5 0
17.27232142857143 7.333333333333333 0
17.44642857142857 7.666666666666667 0
17.27232142857143 7.833333333333333 0
17.27232142857143 7.666666666666667 0
17.44642857142857 8 0
17.27232142857143 8.166666666666666 0
17.27232142857143 8 0
17.44642857142857 8.333333333333334 0
17.27232142857143 8.333333333333334 0
17.79464285714286 6.666666666666667 0
17.62053571428572 6.833333333333334 0
17.62053571428572 6.666666666666667 0
17.79464285714286 7 0
17.62053571428572 7.166666666666667 0
17.62053571428572 7 0
17.79464285714286 7.333333333333333 0
17.62053571428572 7.5 0
17.62053571428572 7.333333333333333 0
17.79464285714286 7.666666666666667 0
17.62053571428572 7.833333333333333 0
17.62053571428572 7.666666666666667 0
17.79464285714286 8 0
17.62053571428572 8.166666666666666 0
17.62053571428571 8 0
17.79464285714286 8.333333333333334 0
17.62053571428571 8.333333333333334 0
17.96875 6.833333333333334 0
17.96875 6.666666666666667 0
17.96875 7.166666666666667 0
17.96875 7 0
17.96875 7.5 0
17.96875 7.333333333333333 0
17.96875 7.833333333333333 0
17.96875 7.666666666666667 0
17.96875 8.166666666666666 0
17.96875 8 0
17.96875 8.333333333333334 0
20.49107142857143 6.833333333333333 0
20.49107142857143 7.166666666666667 0
20.49107142857143 7.5 0
20.49107142857143 7.833333333333333 0
20.49107142857143 8.166666666666666 0
20.83928571428572 6.833333333333333 0
20.83928571428572 7.166666666666667 0
20.83928571428572 7.5 0
20.83928571428572 7.833333333333333 0
20.83928571428572 8.166666666666666 0
21.1875 6.833333333333334 0
21.1875 7.166666666666667 0
21.1875 7.5 0
21.1875 7.833333333333333 0
21.1875 8.166666666666666 0
21.53571428571428 6.833333333333333 0
21.53571428571428 7.166666666666667 0
21.53571428571428 7.5 0
21.53571428571428 7.833333333333333 0
21.53571428571428 8.166666666666666 0
21.88392857142857 6.833333333333334 0
21.88392857142857 7.166666666666667 0
21.88392857142857 7.5 0
21.88392857142857 7.833333333333333 0
21.88392857142857 8.166666666666666 0
22.23214285714285 6.833333333333334 0
22.23214285714285 7.166666666666667 0
22.23214285714285 7.5 0
22.23214285714285 7.833333333333333 0
22.23214285714285 8.166666666666666 0
22.58035714285714 6.833333333333334 0
22.58035714285714 7.166666666666667 0
22.58035714285714 7.5 0
22.58035714285714 7.833333333333333 0
22.58035714285714 8.166666666666666 0
20.49107142857143 6.666666666666666 0
20.31696428571428 6.833333333333333 0
20.31696428571428 6.666666666666666 0
20.49107142857143 7 0
20.31696428571428 7.166666666666667 0
20.31696428571428 7 0
20.49107142857143 7.333333333333333 0
20.31696428571428 7.5 0
20.31696428571428 7.333333333333334 0
20.49107142857143 7.666666666666666 0
20.31696428571428 7.833333333333333 0
20.31696428571428 7.666666666666666 0
20.49107142857143 8 0
20.31696428571428 8.166666666666666 0
20.31696428571428 8 0
20.49107142857143 8.333333333333332 0
20.31696428571428 8.333333333333332 0
20.83928571428572 6.666666666666667 0
20.66517857142857 6.833333333333333 0
20.66517857142857 6.666666666666667 0
20.83928571428572 7 0
20.66517857142857 7.166666666666667 0
20.66517857142857 7 0
20.83928571428572 7.333333333333333 0
20.66517857142857 7.5 0
20.66517857142857 7.333333333333333 0
20.83928571428572 7.666666666666666 0
20.66517857142857 7.833333333333333 0
20.66517857142857 7.666666666666666 0
20.83928571428572 8 0
20.66517857142857 8.166666666666666 0
20.66517857142857 8 0
20.83928571428572 8.333333333333332 0
20.66517857142857 8.333333333333332 0
21.1875 6.666666666666667 0
21.01339285714286 6.833333333333334 0
21.01339285714286 6.666666666666667 0
21.1875 7 0
21.01339285714286 7.166666666666667 0
21.01339285714286 7 0
21.1875 7.333333333333333 0
21.01339285714286 7.5 0
21.01339285714286 7.333333333333333 0
21.1875 7.666666666666666 0
21.01339285714286 7.833333333333333 0
21.01339285714286 7.666666666666666 0
21.1875 8 0
21.01339285714286 8.166666666666666 0
21.01339285714286 8 0
21.1875 8.333333333333334 0
21.01339285714286 8.333333333333332 0
21.53571428571428 6.666666666666667 0
21.36160714285714 6.833333333333334 0
21.36160714285714 6.666666666666667 0
21.53571428571428 7 0
21.36160714285714 7.166666666666667 0
21.36160714285714 7 0
21.53571428571428 7.333333333333333 0
21.36160714285714 7.5 0
21.36160714285714 7.333333333333333 0
21.53571428571428 7.666666666666667 0
21.36160714285714 7.833333333333333 0
21.36160714285714 7.666666666666667 0
21.53571428571428 8 0
21.36160714285714 8.166666666666666 0
21.36160714285714 8 0
21.53571428571428 8.333333333333334 0
21.36160714285714 8.333333333333334 0
21.88392857142857 6.666666666666667 0
21.70982142857143 6.833333333333334 0
21.70982142857143 6.666666666666667 0
21.88392857142857 7 0
21.70982142857143 7.166666666666667 0
21.70982142857143 7 0
21.88392857142857 7.333333333333333 0
21.70982142857143 7.5 0
21.70982142857143 7.333333333333333 0
21.88392857142857 7.666666666666667 0
21.70982142857143 7.833333333333333 0
21.70982142857143 7.666666666666667 0
21.88392857142857 8 0
21.70982142857143 8.166666666666666 0
21.70982142857143 8 0
21.88392857142857 8.333333333333334 0
21.70982142857143 8.333333333333334 0
22.23214285714285 6.666666666666667 0
22.05803571428571 6.833333333333334 0
22.05803571428571 6.666666666666667 0
22.23214285714285 7 0
22.05803571428571 7.166666666666667 0
22.05803571428571 7 0
22.23214285714285 7.333333333333333 0
22.05803571428571 7.5 0
22.05803571428571 7.333333333333333 0
22.23214285714285 7.666666666666667 0
22.05803571428571 7.833333333333333 0
22.05803571428571 7.666666666666667 0
22.23214285714285 8 0
22.05803571428571 8.166666666666666 0
22.05803571428571 8 0
22.23214285714285 8.333333333333334 0
22.05803571428571 8.333333333333334 0
22.58035714285714 6.666666666666667 0
22.40625 6.833333333333334 0
22.40625 6.666666666666667 0
22.58035714285714 7 0
22.40625 7.166666666666667 0
22.40625 7 0
22.58035714285714 7.333333333333333 0
22.40625 7.5 0
22.40625 7.333333333333333 0
22.58035714285714 7.666666666666667 0
22.40625 7.833333333333333 0
22.40625 7.666666666666667 0
22.58035714285714 8 0
22.40625 8.166666666666666 0
22.40625 8 0
22.58035714285714 8.333333333333334 0
22.40625 8.333333333333334 0
22.75446428571428 6.833333333333334 0
22.75446428571428 6.666666666666667 0
22.75446428571428 7.166666666666667 0
22.75446428571428 7 0
22.75446428571428 7.5 0
22.75446428571428 7.333333333333333 0
22.75446428571428 7.833333333333333 0
22.75446428571428 7.666666666666667 0
22.75446428571428 8.166666666666666 0
22.75446428571428 8 0
22.75446428571428 8.333333333333334 0
25.27678571428571 6.833333333333333 0
25.27678571428571 7.166666666666667 0
25.27678571428571 7.5 0
25.27678571428571 7.833333333333333 0
25.27678571428571 8.166666666666666 0
25.625 6.833333333333333 0
25.625 7.166666666666667 0
25.625 7.5 0
25.625 7.833333333333333 0
25.625 8.166666666666666 0
25.97321428571428 6.833333333333333 0
25.97321428571428 7.166666666666667 0
25.97321428571428 7.5 0
25.97321428571428 7.833333333333333 0
25.97321428571428 8.166666666666666 0
26.32142857142857 6.833333333333333 0
26.32142857142857 7.166666666666667 0
26.32142857142857 7.5 0
26.32142857142857 7.833333333333333 0
26.32142857142857 8.166666666666666 0
26.66964285714286 6.833333333333333 0
26.66964285714286 7.166666666666667 0
26.66964285714286 7.5 0
26.66964285714286 7.833333333333333 0
26.66964285714286 8.166666666666666 0
27.01785714285715 6.833333333333333 0
27.01785714285715 7.166666666666667 0
27.01785714285714 7.5 0
27.01785714285714 7.833333333333333 0
27.01785714285714 8.166666666666666 0
27.36607142857143 6.833333333333334 0
27.36607142857143 7.166666666666667 0
27.36607142857143 7.5 0
27.36607142857143 7.833333333333333 0
27.36607142857143 8.166666666666666 0
25.27678571428571 6.666666666666666 0
25.10267857142857 6.833333333333333 0
25.10267857142857 6.666666666666666 0
25.27678571428571 7 0
25.10267857142857 7.166666666666667 0
25.10267857142857 7 0
25.27678571428571 7.333333333333334 0
25.10267857142857 7.5 0
25.10267857142857 7.333333333333334 0
25.27678571428571 7.666666666666667 0
25.10267857142857 7.833333333333333 0
25.10267857142857 7.666666666666666 0
25.27678571428571 8 0
25.10267857142857 8.166666666666666 0
25.10267857142857 8 0
25.27678571428571 8.333333333333332 0
25.10267857142857 8.333333333333332 0
25.625 6.666666666666667 0
25.45089285714286 6.833333333333333 0
25.45089285714286 6.666666666666667 0
25.625 7 0
25.45089285714285 7.166666666666667 0
25.45089285714286 7 0
25.625 7.333333333333334 0
25.45089285714285 7.5 0
25.45089285714285 7.333333333333334 0
25.625 7.666666666666667 0
25.45089285714285 7.833333333333333 0
25.45089285714285 7.666666666666667 0
25.625 8 0
25.45089285714285 8.166666666666666 0
25.45089285714285 8 0
25.625 8.333333333333334 0
25.45089285714285 8.333333333333334 0
25.97321428571428 6.666666666666667 0
25.79910714285714 6.833333333333333 0
25.79910714285714 6.666666666666667 0
25.97321428571428 7 0
25.79910714285714 7.166666666666667 0
25.79910714285714 7 0
25.97321428571428 7.333333333333333 0
25.79910714285714 7.5 0
25.79910714285714 7.333333333333333 0
25.97321428571428 7.666666666666667 0
25.79910714285714 7.833333333333333 0
25.79910714285714 7.666666666666667 0
25.97321428571428 8 0
25.79910714285714 8.166666666666666 0
25.79910714285714 8 0
25.97321428571428 8.333333333333334 0
25.79910714285714 8.333333333333334 0
26.32142857142857 6.666666666666667 0
26.14732142857143 6.833333333333333 0
26.14732142857143 6.666666666666667 0
26.32142857142857 7 0
26.14732142857143 7.166666666666667 0
26.14732142857143 7 0
26.32142857142857 7.333333333333333 0
26.14732142857143 7.5 0
26.14732142857143 7.333333333333333 0
26.32142857142857 7.666666666666667 0
26.14732142857143 7.833333333333333 0
26.14732142857143 7.666666666666667 0
26.32142857142857 8 0
26.14732142857143 8.166666666666666 0
26.14732142857143 8 0
26.32142857142857 8.333333333333334 0
26.14732142857143 8.333333333333334 0
26.66964285714286 6.666666666666667 0
26.49553571428572 6.833333333333333 0
26.49553571428572 6.666666666666667 0
26.66964285714286 7 0
26.49553571428572 7.166666666666667 0
26.49553571428572 7 0
26.66964285714286 7.333333333333333 0
26.49553571428572 7.5 0
26.49553571428572 7.333333333333333 0
26.66964285714286 7.666666666666667 0
26.49553571428572 7.833333333333333 0
26.49553571428572 7.666666666666667 0
26.66964285714286 8 0
26.49553571428571 8.166666666666666 0
26.49553571428572 8 0
26.66964285714286 8.333333333333334 0
26.49553571428571 8.333333333333334 0
27.01785714285715 6.666666666666667 0
26.84375 6.833333333333333 0
26.84375 6.666666666666667 0
27.01785714285715 7 0
26.84375 7.166666666666667 0
26.84375 7 0
27.01785714285715 7.333333333333333 0
26.84375 7.5 0
26.84375 7.333333333333333 0
27.01785714285714 7.666666666666667 0
26.84375 7.833333333333333 0
26.84375 7.666666666666667 0
27.01785714285714 8 0
26.84375 8.166666666666666 0
26.84375 8 0
27.01785714285714 8.333333333333334 0
26.84375 8.333333333333334 0
27.36607142857143 6.666666666666667 0
27.19196428571429 6.833333333333333 0
27.19196428571429 6.666666666666667 0
27.36607142857143 7 0
27.19196428571429 7.166666666666667 0
27.19196428571429 7 0
27.36607142857143 7.333333333333333 0
27.19196428571429 7.5 0
27.19196428571429 7.333333333333333 0
27.36607142857143 7.666666666666667 0
27.19196428571429 7.833333333333333 0
27.19196428571429 7.666666666666667 0
27.36607142857143 8 0
27.19196428571428 8.166666666666666 0
27.19196428571429 8 0
27.36607142857143 8.333333333333334 0
27.19196428571428 8.333333333333334 0
27.54017857142857 6.833333333333334 0
27.54017857142857 6.666666666666667 0
27.54017857142857 7.166666666666667 0
27.54017857142857 7 0
27.54017857142857 7.5 0
27.54017857142857 7.333333333333333 0
27.54017857142857 7.833333333333333 0
27.54017857142857 7.666666666666667 0
27.54017857142857 8.166666666666666 0
27.54017857142857 8 0
27.54017857142857 8.333333333333334 0
30.0625 6.833333333333333 0
30.0625 7.166666666666667 0
30.0625 7.5 0
30.0625 7.833333333333333 0
30.0625 8.166666666666666 0
30.41071428571429 6.833333333333333 0
30.41071428571429 7.166666666666667 0
30.41071428571429 7.5 0
30.41071428571429 7.833333333333333 0
30.41071428571428 8.166666666666666 0
30.75892857142857 6.833333333333334 0
30.75892857142857 7.166666666666667 0
30.75892857142857 7.5 0
30.75892857142857 7.833333333333333 0
30.75892857142857 8.166666666666666 0
31.10714285714286 6.833333333333333 0
31.10714285714286 7.166666666666667 0
31.10714285714286 7.5 0
31.10714285714286 7.833333333333333 0
31.10714285714286 8.166666666666666 0
31.45535714285714 6.833333333333334 0
31.45535714285714 7.166666666666667 0
31.45535714285714 7.5 0
31.45535714285714 7.833333333333333 0
31.45535714285714 8.166666666666666 0
31.80357142857143 6.833333333333334 0
31.80357142857143 7.166666666666667 0
31.80357142857143 7.5 0
31.80357142857143 7.833333333333333 0
31.80357142857143 8.166666666666666 0
32.15178571428572 6.833333333333334 0
32.15178571428572 7.166666666666667 0
32.15178571428572 7.5 0
32.15178571428572 7.833333333333333 0
32.15178571428572 8.166666666666666 0
30.0625 6.666666666666666 0
29.88839285714286 6.833333333333333 0
29.88839285714286 6.666666666666666 0
30.0625 7 0
29.88839285714286 7.166666666666667 0
29.88839285714286 7 0
30.0625 7.333333333333333 0
29.88839285714286 7.5 0
29.88839285714286 7.333333333333334 0
30.0625 7.666666666666666 0
29.88839285714286 7.833333333333333 0
29.88839285714286 7.666666666666666 0
30.0625 8 0
29.88839285714286 8.166666666666666 0
29.88839285714286 8 0
30.0625 8.333333333333332 0
29.88839285714286 8.333333333333332 0
30.41071428571429 6.666666666666667 0
30.23660714285715 6.833333333333333 0
30.23660714285715 6.666666666666667 0
30.41071428571429 7 0
30.23660714285715 7.166666666666667 0
30.23660714285715 7 0
30.41071428571429 7.333333333333333 0
30.23660714285714 7.5 0
30.23660714285714 7.333333333333333 0
30.41071428571429 7.666666666666666 0
30.23660714285714 7.833333333333333 0
30.23660714285714 7.666666666666666 0
30.41071428571429 8 0
30.23660714285714 8.166666666666666 0
30.23660714285714 8 0
30.41071428571428 8.333333333333334 0
30.23660714285714 8.333333333333332 0
30.75892857142857 6.666666666666667 0
30.58482142857143 6.833333333333334 0
30.58482142857143 6.666666666666667 0
30.75892857142857 7 0
30.58482142857143 7.166666666666667 0
30.58482142857143 7 0
30.75892857142857 7.333333333333333 0
30.58482142857143 7.5 0
30.58482142857143 7.333333333333333 0
30.75892857142857 7.666666666666666 0
30.58482142857143 7.833333333333333 0
30.58482142857143 7.666666666666666 0
30.75892857142857 8 0
30.58482142857143 8.166666666666666 0
30.58482142857143 8 0
30.75892857142857 8.333333333333334 0
30.58482142857143 8.333333333333334 0
31.10714285714286 6.666666666666667 0
30.93303571428572 6.833333333333334 0
30.93303571428572 6.666666666666667 0
31.10714285714286 7 0
30.93303571428572 7.166666666666667 0
30.93303571428572 7 0
31.10714285714286 7.333333333333333 0
30.93303571428572 7.5 0
30.93303571428572 7.333333333333333 0
31.10714285714286 7.666666666666667 0
30.93303571428572 7.833333333333333 0
30.93303571428572 7.666666666666667 0
31.10714285714286 8 0
30.93303571428572 8.166666666666666 0
30.93303571428572 8 0
31.10714285714286 8.333333333333334 0
30.93303571428572 8.333333333333334 0
31.45535714285714 6.666666666666667 0
31.28125 6.833333333333334 0
31.28125 6.666666666666667 0
31.45535714285714 7 0
31.28125 7.166666666666667 0
31.28125 7 0
31.45535714285714 7.333333333333333 0
31.28125 7.5 0
31.28125 7.333333333333333 0
31.45535714285714 7.666666666666667 0
31.28125 7.833333333333333 0
31.28125 7.666666666666667 0
31.45535714285714 8 0
31.28125 8.166666666666666 0
31.28125 8 0
31.45535714285714 8.333333333333334 0
31.28125 8.333333333333334 0
31.80357142857143 6.666666666666667 0
31.62946428571428 6.833333333333334 0
31.62946428571428 6.666666666666667 0
31.80357142857143 7 0
31.62946428571428 7.166666666666667 0
31.62946428571428 7 0
31.80357142857143 7.333333333333333 0
31.62946428571428 7.5 0
31.62946428571428 7.333333333333333 0
31.80357142857143 7.666666666666667 0
31.62946428571428 7.833333333333333 0
31.62946428571428 7.666666666666667 0
31.80357142857143 8 0
31.62946428571428 8.166666666666666 0
31.62946428571428 8 0
31.80357142857143 8.333333333333334 0
31.62946428571428 8.333333333333334 0
32.15178571428572 6.666666666666667 0
31.97767857142857 6.833333333333334 0
31.97767857142857 6.666666666666667 0
32.15178571428572 7 0
31.97767857142857 7.166666666666667 0
31.97767857142857 7 0
32.15178571428572 7.333333333333333 0
31.97767857142857 7.5 0
31.97767857142857 7.333333333333333 0
32.15178571428572 7.666666666666667 0
31.97767857142857 7.833333333333333 0
31.97767857142857 7.666666666666667 0
32.15178571428572 8 0
31.97767857142857 8.166666666666666 0
31.97767857142857 8 0
32.15178571428572 8.333333333333334 0
31.97767857142857 8.333333333333334 0
32.32589285714285 6.833333333333334 0
32.32589285714285 6.666666666666667 0
32.32589285714285 7.166666666666667 0
32.32589285714285 7 0
32.32589285714285 7.5 0
32.32589285714285 7.333333333333333 0
32.32589285714285 7.833333333333333 0
32.32589285714285 7.666666666666667 0
32.32589285714285 8.166666666666666 0
32.32589285714285 8 0
32.32589285714285 8.333333333333334 0

CELLS 13948 66175
1 0
1 1
1 2
1 3
1 4
1 5
1 6
1 7
1 8
1 9
1 10
1 11
1 12
1 13
1 14
1 15
1 16
1 17
1 18
1 19
1 20
1 21
1 22
1 23
1 24
1 25
1 26
1 27
1 28
1 29
1 30
1 31
1 32
1 33
1 34
1 35
1 36
1 37
1 38
1 39
1 40
1 41
1 42
1 43
1 44
1 45
1 46
1 47
1 48
1 49
1 50
1 51
1 52
1 53
1 54
1 55
1 56
1 57
1 58
1 59
1 60
1 61
1 62
1 63
1 64
1 65
1 66
1 67
1 68
1 69
1 70
1 71
1 72
1 73
1 74
1 75
1 76
1 77
1 78
2 0 79
2 79 80
2 80 81
2 81 82
2 82 83
2 83 84
2 84 85
2 85 86
2 86 87
2 87 88
2 88 89
2 89 90
2 90 91
2 91 92
2 92 93
2 93 1
2 1 94
2 94 95
2 95 96
2 96 97
2 97 98
2 98 99
2 99 100
2 100 101
2 101 102
2 102 103
2 103 104
2 104 2
2 2 105
2 105 106
2 106 107
2 107 108
2 108 109
2 109 110
2 110 111
2 111 112
2 112 113
2 113 114
2 114 115
2 115 116
2 116 117
2 117 118
2 118 119
2 119 3
2 3 120
2 120 121
2 121 122
2 122 123
2 123 124
2 124 125
2 125 126
2 126 127
2 127 128
2 128 129
2 129 130
2 130 0
2 4 131
2 131 132
2 132 133
2 133 134
2 134 135
2 135 136
2 136 137
2 137 138
2 138 139
2 139 140
2 140 141
2 141 142
2 142 143
2 143 144
2 144 145
2 145 5
2 5 146
2 146 147
2 147 148
2 148 149
2 149 150
2 150 151
2 151 152
2 152 153
2 153 154
2 154 155
2 155 156
2 156 6
2 6 157
2 157 158
2 158 159
2 159 160
2 160 161
2 161 162
2 162 163
2 163 164
2 164 165
2 165 166
2 166 167
2 167 168
2 168 169
2 169 170
2 170 171
2 171 7
2 7 172
2 172 173
2 173 174
2 174 175
2 175 176
2 176 177
2 177 178
2 178 179
2 179 180
2 180 181
2 181 182
2 182 4
2 8 183
2 183 184
2 184 185
2 185 186
2 186 187
2 187 188
2 188 189
2 189 190
2 190 191
2 191 192
2 192 193
2 193 194
2 194 195
2 195 196
2 196 197
2 197 9
2 9 198
2 198 199
2 199 200
2 200 201
2 201 202
2 202 203
2 203 204
2 204 205
2 205 206
2 206 207
2 207 208
2 208 10
2 10 209
2 209 210
2 210 211
2 211 212
2 212 213
2 213 214
2 214 215
2 215 216
2 216 217
2 217 218
2 218 219
2 219 220
2 220 221
2 221 222
2 222 223
2 223 11
2 11 224
2 224 225
2 225 226
2 226 227
2 227 228
2 228 229
2 229 230
2 230 231
2 231 232
2 232 233
2 233 234
2 234 8
2 12 235
2 235 236
2 236 237
2 237 238
2 238 239
2 239 240
2 240 241
2 241 242
2 242 243
2 243 244
2 244 245
2 245 246
2 246 247
2 247 248
2 248 249
2 249 13
2 13 250
2 250 251
2 251 252
2 252 253
2 253 254
2 254 255
2 255 256
2 256 257
2 257 258
2 258 259
2 259 260
2 260 14
2 14 261
2 261 262
2 262 263
2 263 264
2 264 265
2 265 266
2 266 267
2 267 268
2 268 269
2 269 270
2 270 271
2 271 272
2 272 273
2 273 274
2 274 275
2 275 15
2 15 276
2 276 277
2 277 278
2 278 279
2 279 280
2 280 281
2 281 282
2 282 283
2 283 284
2 284 285
2 285 286
2 286 12
2 16 287
2 287 288
2 288 289
2 289 290
2 290 291
2 291 292
2 292 293
2 293 294
2 294 295
2 295 296
2 296 297
2 297 298
2 298 299
2 299 300
2 300 301
2 301 17
2 17 302
2 302 303
2 303 304
2 304 305
2 305 306
2 306 307
2 307 308
2 308 309
2 309 310
2 310 311
2 311 312
2 312 18
2 18 313
2 313 314
2 314 315
2 315 316
2 316 317
2 317 318
2 318 319
2 319 320
2 320 321
2 321 322
2 322 323
2 323 324
2 324 325
2 325 326
2 326 327
2 327 19
2 19 328
2 328 329
2 329 330
2 330 331
2 331 332
2 332 333
2 333 334
2 334 335
2 335 336
2 336 337
2 337 338
2 338 16
2 20 339
2 339 340
2 340 341
2 341 342
2 342 343
2 343 344
2 344 345
2 345 346
2 346 347
2 347 348
2 348 349
2 349 350
2 350 351
2 351 352
2 352 353
2 353 21
2 21 354
2 354 355
2 355 356
2 356 357
2 357 358
2 358 359
2 359 360
2 360 361
2 361 362
2 362 363
2 363 364
2 364 22
2 22 365
2 365 366
2 366 367
2 367 368
2 368 369
2 369 370
2 370 371
2 371 372
2 372 373
2 373 374
2 374 375
2 375 376
2 376 377
2 377 378
2 378 379
2 379 23
2 23 380
2 380 381
2 381 382
2 382 383
2 383 384
2 384 385
2 385 386
2 386 387
2 387 388
2 388 389
2 389 390
2 390 20
2 24 391
2 391 392
2 392 393
2 393 394
2 394 395
2 395 396
2 396 397
2 397 398
2 398 399
2 399 400
2 400 401
2 401 402
2 402 403
2 403 404
2 404 405
2 405 25
2 25 406
2 406 407
2 407 408
2 408 409
2 409 410
2 410 411
2 411 412
2 412 413
2 413 414
2 414 415
2 415 416
2 416 26
2 26 417
2 417 418
2 418 419
2 419 420
2 420 421
2 421 422
2 422 423
2 423 424
2 424 425
2 425 426
2 426 427
2 427 428
2 428 429
2 429 430
2 430 431
2 431 27
2 27 432
2 432 433
2 433 434
2 434 435
2 435 436
2 436 437
2 437 438
2 438 439
2 439 440
2 440 441
2 441 442
2 442 24
2 28 443
2 443 444
2 444 445
2 445 446
2 446 447
2 447 448
2 448 449
2 449 450
2 450 451
2 451 452
2 452 453
2 453 454
2 454 455
2 455 456
2 456 457
2 457 458
2 458 459
2 459 460
2 460 461
2 461 462
2 462 463
2 463 464
2 464 465
2 465 466
2 466 467
2 467 468
2 468 469
2 469 470
2 470 471
2 471 472
2 472 473
2 473 474
2 474 475
2 475 476
2 476 477
2 477 478
2 478 479
2 479 480
2 480 481
2 481 482
2 482 483
2 483 484
2 484 485
2 485 486
2 486 487
2 487 488
2 488 489
2 489 490
2 490 491
2 491 492
2 492 493
2 493 494
2 494 495
2 495 496
2 496 497
2 497 498
2 498 499
2 499 500
2 500 501
2 501 502
2 502 503
2 503 504
2 504 505
2 505 506
2 506 507
2 507 508
2 508 509
2 509 510
2 510 511
2 511 512
2 512 513
2 513 29
2 28 514
2 514 515
2 515 516
2 516 517
2 517 518
2 518 519
2 519 520
2 520 521
2 521 522
2 522 523
2 523 524
2 524 525
2 525 526
2 526 527
2 527 528
2 528 529
2 529 530
2 530 531
2 531 532
2 532 533
2 533 534
2 534 535
2 535 536
2 536 537
2 537 538
2 538 539
2 539 540
2 540 541
2 541 542
2 542 543
2 543 544
2 544 545
2 545 546
2 546 547
2 547 548
2 548 549
2 549 550
2 550 551
2 551 552
2 552 553
2 553 554
2 554 555
2 555 556
2 556 557
2 557 558
2 558 559
2 559 560
2 560 561
2 561 562
2 562 563
2 563 564
2 564 565
2 565 566
2 566 567
2 567 568
2 568 569
2 569 570
2 570 571
2 571 572
2 572 573
2 573 574
2 574 575
2 575 576
2 576 577
2 577 578
2 578 579
2 579 580
2 580 581
2 581 582
2 582 583
2 583 584
2 584 585
2 585 586
2 586 587
2 587 588
2 588 589
2 589 590
2 590 591
2 591 592
2 592 30
2 30 593
2 593 594
2 594 595
2 595 596
2 596 597
2 597 598
2 598 599
2 599 600
2 600 601
2 601 602
2 602 603
2 603 604
2 604 605
2 605 606
2 606 607
2 607 608
2 608 609
2 609 610
2 610 611
2 611 612
2 612 613
2 613 614
2 614 615
2 615 616
2 616 617
2 617 618
2 618 619
2 619 620
2 620 621
2 621 622
2 622 623
2 623 624
2 624 625
2 625 626
2 626 627
2 627 628
2 628 629
2 629 630
2 630 631
2 631 632
2 632 633
2 633 634
2 634 635
2 635 636
2 636 637
2 637 638
2 638 639
2 639 640
2 640 641
2 641 31
2 31 642
2 642 643
2 643 644
2 644 645
2 645 646
2 646 647
2 647 648
2 648 649
2 649 650
2 650 651
2 651 652
2 652 32
2 32 653
2 653 654
2 654 655
2 655 656
2 656 657
2 657 658
2 658 659
2 659 660
2 660 661
2 661 662
2 662 663
2 663 664
2 664 665
2 665 666
2 666 667
2 667 668
2 668 669
2 669 670
2 670 671
2 671 672
2 672 673
2 673 674
2 674 675
2 675 676
2 676 677
2 677 678
2 678 679
2 679 680
2 680 681
2 681 682
2 682 683
2 683 684
2 684 685
2 685 686
2 686 687
2 687 688
2 688 689
2 689 690
2 690 691
2 691 692
2 692 693
2 693 694
2 694 695
2 695 696
2 696 697
2 697 698
2 698 699
2 699 700
2 700 701
2 701 702
2 702 703
2 703 704
2 704 705
2 705 706
2 706 707
2 707 33
2 33 708
2 708 709
2 709 710
2 710 711
2 711 712
2 712 713
2 713 714
2 714 715
2 715 716
2 716 717
2 717 718
2 718 719
2 719 720
2 720 721
2 721 722
2 722 723
2 723 724
2 724 725
2 725 726
2 726 34
2 34 727
2 727 728
2 728 729
2 729 730
2 730 731
2 731 732
2 732 733
2 733 29
2 35 734
2 734 735
2 735 736
2 736 737
2 737 738
2 738 36
2 36 739
2 739 740
2 740 741
2 741 742
2 742 743
2 743 744
2 744 745
2 745 0
2 3 746
2 746 747
2 747 748
2 748 749
2 749 750
2 750 751
2 751 752
2 752 753
2 753 754
2 754 755
2 755 756
2 756 757
2 757 758
2 758 759
2 759 760
2 760 761
2 761 762
2 762 37
2 37 763
2 763 764
2 764 765
2 765 766
2 766 767
2 767 768
2 768 769
2 769 770
2 770 771
2 771 772
2 772 773
2 773 38
2 38 774
2 774 775
2 775 776
2 776 777
2 777 778
2 778 39
2 39 779
2 779 780
2 780 781
2 781 782
2 782 783
2 783 784
2 784 785
2 785 786
2 786 787
2 787 788
2 788 789
2 789 790
2 790 791
2 791 792
2 792 793
2 793 794
2 794 795
2 795 796
2 796 797
2 797 798
2 798 799
2 799 800
2 800 801
2 801 802
2 802 803
2 803 804
2 804 805
2 805 806
2 806 807
2 807 808
2 808 809
2 809 810
2 810 811
2 811 812
2 812 813
2 813 814
2 814 815
2 815 816
2 816 817
2 817 818
2 818 819
2 819 820
2 820 821
2 821 822
2 822 823
2 823 824
2 824 825
2 825 826
2 826 827
2 827 35
2 40 828
2 828 829
2 829 830
2 830 831
2 831 832
2 832 833
2 833 834
2 834 835
2 835 836
2 836 837
2 837 838
2 838 41
2 41 839
2 839 840
2 840 841
2 841 842
2 842 843
2 843 844
2 844 845
2 845 4
2 7 846
2 846 847
2 847 848
2 848 849
2 849 850
2 850 851
2 851 852
2 852 853
2 853 854
2 854 855
2 855 856
2 856 857
2 857 858
2 858 859
2 859 860
2 860 861
2 861 862
2 862 42
2 42 863
2 863 864
2 864 865
2 865 866
2 866 867
2 867 868
2 868 869
2 869 870
2 870 871
2 871 872
2 872 873
2 873 43
2 43 874
2 874 875
2 875 876
2 876 877
2 877 878
2 878 879
2 879 880
2 880 881
2 881 882
2 882 883
2 883 884
2 884 44
2 44 885
2 885 886
2 886 887
2 887 888
2 888 889
2 889 890
2 890 891
2 891 892
2 892 893
2 893 894
2 894 895
2 895 45
2 45 896
2 896 897
2 897 898
2 898 899
2 899 900
2 900 901
2 901 902
2 902 903
2 903 904
2 904 905
2 905 906
2 906 907
2 907 908
2 908 909
2 909 910
2 910 911
2 911 912
2 912 2
2 1 913
2 913 914
2 914 915
2 915 916
2 916 917
2 917 918
2 918 919
2 919 40
2 46 920
2 920 921
2 921 922
2 922 923
2 923 924
2 924 925
2 925 926
2 926 927
2 927 928
2 928 929
2 929 930
2 930 47
2 47 931
2 931 932
2 932 933
2 933 934
2 934 935
2 935 936
2 936 937
2 937 8
2 11 938
2 938 939
2 939 940
2 940 941
2 941 942
2 942 943
2 943 944
2 944 945
2 945 946
2 946 947
2 947 948
2 948 949
2 949 950
2 950 951
2 951 952
2 952 953
2 953 954
2 954 48
2 48 955
2 955 956
2 956 957
2 957 958
2 958 959
2 959 960
2 960 961
2 961 962
2 962 963
2 963 964
2 964 965
2 965 49
2 49 966
2 966 967
2 967 968
2 968 969
2 969 970
2 970 971
2 971 972
2 972 973
2 973 974
2 974 975
2 975 976
2 976 50
2 50 977
2 977 978
2 978 979
2 979 980
2 980 981
2 981 982
2 982 983
2 983 984
2 984 985
2 985 986
2 986 987
2 987 51
2 51 988
2 988 989
2 989 990
2 990 991
2 991 992
2 992 993
2 993 994
2 994 995
2 995 996
2 996 997
2 997 998
2 998 999
2 999 1000
2 1000 1001
2 1001 1002
2 1002 1003
2 1003 1004
2 1004 6
2 5 1005
2 1005 1006
2 1006 1007
2 1007 1008
2 1008 1009
2 1009 1010
2 1010 1011
2 1011 46
2 52 1012
2 1012 1013
2 1013 1014
2 1014 1015
2 1015 1016
2 1016 1017
2 1017 1018
2 1018 1019
2 1019 1020
2 1020 1021
2 1021 1022
2 1022 53
2 53 1023
2 1023 1024
2 1024 1025
2 1025 1026
2 1026 1027
2 1027 1028
2 1028 1029
2 1029 12
2 15 1030
2 1030 1031
2 1031 1032
2 1032 1033
2 1033 1034
2 1034 1035
2 1035 1036
2 1036 1037
2 1037 1038
2 1038 1039
2 1039 1040
2 1040 1041
2 1041 1042
2 1042 1043
2 1043 1044
2 1044 1045
2 1045 1046
2 1046 54
2 54 1047
2 1047 1048
2 1048 1049
2 1049 1050
2 1050 1051
2 1051 1052
2 1052 1053
2 1053 1054
2 1054 1055
2 1055 1056
2 1056 1057
2 1057 55
2 55 1058
2 1058 1059
2 1059 1060
2 1060 1061
2 1061 1062
2 1062 1063
2 1063 1064
2 1064 1065
2 1065 1066
2 1066 1067
2 1067 1068
2 1068 56
2 56 1069
2 1069 1070
2 1070 1071
2 1071 1072
2 1072 1073
2 1073 1074
2 1074 1075
2 1075 1076
2 1076 1077
2 1077 1078
2 1078 1079
2 1079 57
2 57 1080
2 1080 1081
2 1081 1082
2 1082 1083
2 1083 1084
2 1084 1085
2 1085 1086
2 1086 1087
2 1087 1088
2 1088 1089
2 1089 1090
2 1090 1091
2 1091 1092
2 1092 1093
2 1093 1094
2 1094 1095
2 1095 1096
2 1096 10
2 9 1097
2 1097 1098
2 1098 1099
2 1099 1100
2 1100 1101
2 1101 1102
2 1102 1103
2 1103 52
2 58 1104
2 1104 1105
2 1105 1106
2 1106 1107
2 1107 1108
2 1108 1109
2 1109 1110
2 1110 1111
2 1111 1112
2 1112 1113
2 1113 1114
2 1114 59
2 59 1115
2 1115 1116
2 1116 1117
2 1117 1118
2 1118 1119
2 1119 1120
2 1120 1121
2 1121 16
2 19 1122
2 1122 1123
2 1123 1124
2 1124 1125
2 1125 1126
2 1126 1127
2 1127 1128
2 1128 1129
2 1129 1130
2 1130 1131
2 1131 1132
2 1132 1133
2 1133 1134
2 1134 1135
2 1135 1136
2 1136 1137
2 1137 1138
2 1138 60
2 60 1139
2 1139 1140
2 1140 1141
2 1141 1142
2 1142 1143
2 1143 1144
2 1144 1145
2 1145 1146
2 1146 1147
2 1147 1148
2 1148 1149
2 1149 61
2 61 1150
2 1150 1151
2 1151 1152
2 1152 1153
2 1153 1154
2 1154 1155
2 1155 1156
2 1156 1157
2 1157 1158
2 1158 1159
2 1159 1160
2 1160 62
2 62 1161
2 1161 1162
2 1162 1163
2 1163 1164
2 1164 1165
2 1165 1166
2 1166 1167
2 1167 1168
2 1168 1169
2 1169 1170
2 1170 1171
2 1171 63
2 63 1172
2 1172 1173
2 1173 1174
2 1174 1175
2 1175 1176
2 1176 1177
2 1177 1178
2 1178 1179
2 1179 1180
2 1180 1181
2 1181 1182
2 1182 1183
2 1183 1184
2 1184 1185
2 1185 1186
2 1186 1187
2 1187 1188
2 1188 14
2 13 1189
2 1189 1190
2 1190 1191
2 1191 1192
2 1192 1193
2 1193 1194
2 1194 1195
2 1195 58
2 64 1196
2 1196 1197
2 1197 1198
2 1198 1199
2 1199 1200
2 1200 1201
2 1201 1202
2 1202 1203
2 1203 1204
2 1204 1205
2 1205 1206
2 1206 65
2 65 1207
2 1207 1208
2 1208 1209
2 1209 1210
2 1210 1211
2 1211 1212
2 1212 1213
2 1213 20
2 23 1214
2 1214 1215
2 1215 1216
2 1216 1217
2 1217 1218
2 1218 1219
2 1219 1220
2 1220 1221
2 1221 1222
2 1222 1223
2 1223 1224
2 1224 1225
2 1225 1226
2 1226 1227
2 1227 1228
2 1228 1229
2 1229 1230
2 1230 66
2 66 1231
2 1231 1232
2 1232 1233
2 1233 1234
2 1234 1235
2 1235 1236
2 1236 1237
2 1237 1238
2 1238 1239
2 1239 1240
2 1240 1241
2 1241 67
2 67 1242
2 1242 1243
2 1243 1244
2 1244 1245
2 1245 1246
2 1246 1247
2 1247 1248
2 1248 1249
2 1249 1250
2 1250 1251
2 1251 1252
2 1252 68
2 68 1253
2 1253 1254
2 1254 1255
2 1255 1256
2 1256 1257
2 1257 1258
2 1258 1259
2 1259 1260
2 1260 1261
2 1261 1262
2 1262 1263
2 1263 69
2 69 1264
2 1264 1265
2 1265 1266
2 1266 1267
2 1267 1268
2 1268 1269
2 1269 1270
2 1270 1271
2 1271 1272
2 1272 1273
2 1273 1274
2 1274 1275
2 1275 1276
2 1276 1277
2 1277 1278
2 1278 1279
2 1279 1280
2 1280 18
2 17 1281
2 1281 1282
2 1282 1283
2 1283 1284
2 1284 1285
2 1285 1286
2 1286 1287
2 1287 64
2 70 1288
2 1288 1289
2 1289 1290
2 1290 1291
2 1291 1292
2 1292 1293
2 1293 1294
2 1294 1295
2 1295 1296
2 1296 1297
2 1297 1298
2 1298 71
2 71 1299
2 1299 1300
2 1300 1301
2 1301 1302
2 1302 1303
2 1303 1304
2 1304 1305
2 1305 24
2 27 1306
2 1306 1307
2 1307 1308
2 1308 1309
2 1309 1310
2 1310 1311
2 1311 1312
2 1312 1313
2 1313 1314
2 1314 1315
2 1315 1316
2 1316 1317
2 1317 1318
2 1318 1319
2 1319 1320
2 1320 1321
2 1321 1322
2 1322 72
2 72 1323
2 1323 1324
2 1324 1325
2 1325 1326
2 1326 1327
2 1327 1328
2 1328 1329
2 1329 1330
2 1330 1331
2 1331 1332
2 1332 1333
2 1333 73
2 73 1334
2 1334 1335
2 1335 1336
2 1336 1337
2 1337 1338
2 1338 1339
2 1339 1340
2 1340 1341
2 1341 1342
2 1342 1343
2 1343 1344
2 1344 74
2 74 1345
2 1345 1346
2 1346 1347
2 1347 1348
2 1348 1349
2 1349 1350
2 1350 1351
2 1351 1352
2 1352 1353
2 1353 1354
2 1354 1355
2 1355 75
2 75 1356
2 1356 1357
2 1357 1358
2 1358 1359
2 1359 1360
2 1360 1361
2 1361 1362
2 1362 1363
2 1363 1364
2 1364 1365
2 1365 1366
2 1366 1367
2 1367 1368
2 1368 1369
2 1369 1370
2 1370 1371
2 1371 1372
2 1372 22
2 21 1373
2 1373 1374
2 1374 1375
2 1375 1376
2 1376 1377
2 1377 1378
2 1378 1379
2 1379 70
2 76 1380
2 1380 1381
2 1381 1382
2 1382 1383
2 1383 1384
2 1384 30
2 31 1385
2 1385 1386
2 1386 1387
2 1387 1388
2 1388 1389
2 1389 77
2 77 1390
2 1390 1391
2 1391 1392
2 1392 1393
2 1393 1394
2 1394 1395
2 1395 1396
2 1396 1397
2 1397 1398
2 1398 1399
2 1399 1400
2 1400 78
2 78 1401
2 1401 1402
2 1402 1403
2 1403 1404
2 1404 1405
2 1405 1406
2 1406 1407
2 1407 1408
2 1408 1409
2 1409 1410
2 1410 1411
2 1411 1412
2 1412 1413
2 1413 1414
2 1414 1415
2 1415 1416
2 1416 1417
2 1417 26
2 25 1418
2 1418 1419
2 1419 1420
2 1420 1421
2 1421 1422
2 1422 1423
2 1423 1424
2 1424 76
2 37 1425
2 1425 1426
2 1426 1427
2 1427 1428
2 1428 1429
2 1429 1430
2 1430 1431
2 1431 1432
2 1432 1433
2 1433 1434
2 1434 1435
2 1435 1436
2 1436 1437
2 1437 1438
2 1438 1439
2 1439 45
2 44 1440
2 1440 1441
2 1441 1442
2 1442 1443
2 1443 1444
2 1444 1445
2 1445 1446
2 1446 1447
2 1447 1448
2 1448 1449
2 1449 1450
2 1450 1451
2 1451 1452
2 1452 1453
2 1453 1454
2 1454 38
2 42 1455
2 1455 1456
2 1456 1457
2 1457 1458
2 1458 1459
2 1459 1460
2 1460 1461
2 1461 1462
2 1462 1463
2 1463 1464
2 1464 1465
2 1465 1466
2 1466 1467
2 1467 1468
2 1468 1469
2 1469 51
2 50 1470
2 1470 1471
2 1471 1472
2 1472 1473
2 1473 1474
2 1474 1475
2 1475 1476
2 1476 1477
2 1477 1478
2 1478 1479
2 1479 1480
2 1480 1481
2 1481 1482
2 1482 1483
2 1483 1484
2 1484 43
2 48 1485
2 1485 1486
2 1486 1487
2 1487 1488
2 1488 1489
2 1489 1490
2 1490 1491
2 1491 1492
2 1492 1493
2 1493 1494
2 1494 1495
2 1495 1496
2 1496 1497
2 1497 1498
2 1498 1499
2 1499 57
2 56 1500
2 1500 1501
2 1501 1502
2 1502 1503
2 1503 1504
2 1504 1505
2 1505 1506
2 1506 1507
2 1507 1508
2 1508 1509
2 1509 1510
2 1510 1511
2 1511 1512
2 1512 1513
2 1513 1514
2 1514 49
2 54 1515
2 1515 1516
2 1516 1517
2 1517 1518
2 1518 1519
2 1519 1520
2 1520 1521
2 1521 1522
2 1522 1523
2 1523 1524
2 1524 1525
2 1525 1526
2 1526 1527
2 1527 1528
2 1528 1529
2 1529 63
2 62 1530
2 1530 1531
2 1531 1532
2 1532 1533
2 1533 1534
2 1534 1535
2 1535 1536
2 1536 1537
2 1537 1538
2 1538 1539
2 1539 1540
2 1540 1541
2 1541 1542
2 1542 1543
2 1543 1544
2 1544 55
2 60 1545
2 1545 1546
2 1546 1547
2 1547 1548
2 1548 1549
2 1549 1550
2 1550 1551
2 1551 1552
2 1552 1553
2 1553 1554
2 1554 1555
2 1555 1556
2 1556 1557
2 1557 1558
2 1558 1559
2 1559 69
2 68 1560
2 1560 1561
2 1561 1562
2 1562 1563
2 1563 1564
2 1564 1565
2 1565 1566
2 1566 1567
2 1567 1568
2 1568 1569
2 1569 1570
2 1570 1571
2 1571 1572
2 1572 1573
2 1573 1574
2 1574 61
2 66 1575
2 1575 1576
2 1576 1577
2 1577 1578
2 1578 1579
2 1579 1580
2 1580 1581
2 1581 1582
2 1582 1583
2 1583 1584
2 1584 1585
2 1585 1586
2 1586 1587
2 1587 1588
2 1588 1589
2 1589 75
2 74 1590
2 1590 1591
2 1591 1592
2 1592 1593
2 1593 1594
2 1594 1595
2 1595 1596
2 1596 1597
2 1597 1598
2 1598 1599
2 1599 1600
2 1600 1601
2 1601 1602
2 1602 1603
2 1603 1604
2 1604 67
2 72 1605
2 1605 1606
2 1606 1607
2 1607 1608
2 1608 1609
2 1609 1610
2 1610 1611
2 1611 1612
2 1612 1613
2 1613 1614
2 1614 1615
2 1615 1616
2 1616 1617
2 1617 1618
2 1618 1619
2 1619 78
2 77 1620
2 1620 1621
2 1621 1622
2 1622 1623
2 1623 1624
2 1624 1625
2 1625 1626
2 1626 1627
2 1627 1628
2 1628 1629
2 1629 1630
2 1630 1631
2 1631 1632
2 1632 1633
2 1633 1634
2 1634 73
4 638 2965 2968 637
4 2965 1679 2966 2968
4 2968 2966 1667 2967
4 637 2968 2967 636
4 468 467 2972 2971
4 467 466 2969 2972
4 2972 2969 1703 2970
4 2971 2972 2970 1702
4 628 2973 2976 627
4 2973 1692 2974 2976
4 2976 2974 1652 2975
4 627 2976 2975 626
4 555 2977 2980 554
4 2977 1695 2978 2980
4 2980 2978 1696 2979
4 554 2980 2979 553
4 470 469 2983 2982
4 469 468 2971 2983
4 2983 2971 1702 2981
4 2982 2983 2981 1640
4 1673 2984 2987 2986
4 2984 1701 2985 2987
4 2987 2985 533 534
4 2986 2987 534 535
4 545 2988 2991 544
4 2988 1672 2989 2991
4 2991 2989 1700 2990
4 544 2991 2990 543
4 454 453 2995 2994
4 453 452 2992 2995
4 2995 2992 1707 2993
4 2994 2995 2993 1654
4 1664 2996 2999 2998
4 2996 600 601 2999
4 2999 601 602 2997
4 2998 2999 2997 1718
4 460 459 3003 3002
4 459 458 3000 3003
4 3003 3000 1705 3001
4 3002 3003 3001 1704
4 462 461 3006 3005
4 461 460 3002 3006
4 3006 3002 1704 3004
4 3005 3006 3004 1645
4 448 447 3010 3009
4 447 446 3007 3010
4 3010 3007 1683 3008
4 3009 3010 3008 1663
4 1712 3011 3014 3013
4 3011 664 665 3014
4 3014 665 666 3012
4 3013 3014 3012 1711
4 1697 3015 3018 3017
4 3015 1669 3016 3018
4 3018 3016 478 477
4 3017 3018 477 476
4 1699 3019 3021 3020
4 3019 1697 3017 3021
4 3021 3017 476 475
4 3020 3021 475 474
4 1689 3022 3025 3024
4 3022 1668 3023 3025
4 3025 3023 490 489
4 3024 3025 489 488
4 1690 3026 3028 3027
4 3026 1689 3024 3028
4 3028 3024 488 487
4 3027 3028 487 486
4 662 663 3031 3030
4 663 664 3011 3031
4 3031 3011 1712 3029
4 3030 3031 3029 1714
4 1670 3032 3035 3034
4 3032 1693 3033 3035
4 3035 3033 567 568
4 3034 3035 568 569
4 1684 3036 3039 3038
4 3036 1649 3037 3039
4 3039 3037 502 501
4 3038 3039 501 500
4 1662 3040 3043 3042
4 3040 1687 3041 3043
4 3043 3041 585 586
4 3042 3043 586 587
4 1671 3044 3046 3045
4 3044 1695 2977 3046
4 3046 2977 555 556
4 3045 3046 556 557
4 579 3047 3050 578
4 3047 1686 3048 3050
4 3050 3048 1688 3049
4 578 3050 3049 577
4 1656 3051 3053 3052
4 3051 1686 3047 3053
4 3053 3047 579 580
4 3052 3053 580 581
4 1693 3054 3056 3033
4 3054 1694 3055 3056
4 3056 3055 565 566
4 3033 3056 566 567
4 1709 3057 3060 3059
4 3057 680 681 3060
4 3060 681 682 3058
4 3059 3060 3058 1635
4 1681 3061 3064 3063
4 3061 1665 3062 3064
4 3064 3062 508 507
4 3063 3064 507 506
4 1685 3065 3067 3066
4 3065 1684 3038 3067
4 3067 3038 500 499
4 3066 3067 499 498
4 1674 3068 3071 3070
4 3068 674 675 3071
4 3071 675 676 3069
4 3070 3071 3069 1710
4 698 699 3075 3074
4 699 700 3072 3075
4 3075 3072 1641 3073
4 3074 3075 3073 1715
4 472 3076 3078 473
4 3076 1781 3077 3078
4 3078 3077 1699 3020
4 473 3078 3020 474
4 620 3079 3082 619
4 3079 1783 3080 3082
4 3082 3080 1642 3081
4 619 3082 3081 618
4 464 3083 3085 465
4 3083 1782 3084 3085
4 3085 3084 1703 2969
4 465 3085 2969 466
4 1781 3086 3089 3077
4 3086 1933 3087 3089
4 3089 3087 1867 3088
4 3077 3089 3088 1699
4 1640 3090 3091 2982
4 3090 1781 3076 3091
4 3091 3076 472 471
4 2982 3091 471 470
4 2018 3092 3096 3095
4 3092 2082 3093 3096
4 3096 3093 1936 3094
4 3095 3096 3094 1870
4 527 3097 3100 526
4 3097 1778 3098 3100
4 3100 3098 1698 3099
4 526 3100 3099 525
4 531 3101 3104 530
4 3101 1780 3102 3104
4 3104 3102 1651 3103
4 530 3104 3103 529
4 537 3105 3107 536
4 3105 1779 3106 3107
4 3107 3106 1673 2986
4 536 3107 2986 535
4 1870 3108 3111 3095
4 3108 1736 3109 3111
4 3111 3109 1897 3110
4 3095 3111 3110 2018
4 622 3112 3114 621
4 3112 1691 3113 3114
4 3114 3113 1783 3079
4 621 3114 3079 620
4 456 3115 3117 457
4 3115 1784 3116 3117
4 3117 3116 1705 3000
4 457 3117 3000 458
4 1839 3118 3122 3121
4 3118 1982 3119 3122
4 3122 3119 2094 3120
4 3121 3122 3120 1949
4 523 3123 3126 522
4 3123 1776 3124 3126
4 3126 3124 1657 3125
4 522 3126 3125 521
4 1645 3127 3128 3005
4 3127 1782 3083 3128
4 3128 3083 464 463
4 3005 3128 463 462
4 2046 3129 3133 3132
4 3129 2281 3130 3133
4 3133 3130 2181 3131
4 3132 3133 3131 2151
4 2253 3134 3138 3137
4 3134 2342 3135 3138
4 3138 3135 2218 3136
4 3137 3138 3136 2118
4 519 3139 3142 518
4 3139 1772 3140 3142
4 3142 3140 1676 3141
4 518 3142 3141 517
4 2118 3136 3146 3145
4 3136 2218 3143 3146
4 3146 3143 2092 3144
4 3145 3146 3144 1976
4 541 3147 3150 540
4 3147 1777 3148 3150
4 3150 3148 1644 3149
4 540 3150 3149 539
4 1731 3151 3154 3153
4 3151 1868 3152 3154
4 3154 3152 1640 2981
4 3153 3154 2981 1702
4 1704 3001 3158 3157
4 3001 1705 3155 3158
4 3158 3155 1835 3156
4 3157 3158 3156 1736
4 480 3159 3162 481
4 3159 1770 3160 3162
4 3162 3160 1639 3161
4 481 3162 3161 482
4 1869 3163 3165 3164
4 3163 1731 3153 3165
4 3165 3153 1702 2970
4 3164 3165 2970 1703
4 529 3103 3167 528
4 3103 1651 3166 3167
4 3167 3166 1778 3097
4 528 3167 3097 527
4 533 2985 3169 532
4 2985 1701 3168 3169
4 3169 3168 1780 3101
4 532 3169 3101 531
4 539 3149 3171 538
4 3149 1644 3170 3171
4 3171 3170 1779 3105
4 538 3171 3105 537
4 1812 3172 3176 3175
4 3172 2081 3173 3176
4 3176 3173 1971 3174
4 3175 3176 3174 1921
4 1868 3177 3178 3152
4 3177 1933 3086 3178
4 3178 3086 1781 3090
4 3152 3178 3090 1640
4 2215 3179 3183 3182
4 3179 2216 3180 3183
4 3183 3180 2084 3181
4 3182 3183 3181 2123
4 616 3184 3187 615
4 3184 1786 3185 3187
4 3187 3185 1706 3186
4 615 3187 3186 614
4 450 3188 3190 451
4 3188 1785 3189 3190
4 3190 3189 1707 2992
4 451 3190 2992 452
4 1651 3191 3194 3166
4 3191 1932 3192 3194
4 3194 3192 1812 3193
4 3166 3194 3193 1778
4 1865 3195 3198 3197
4 3195 1701 2984 3198
4 3198 2984 1673 3196
4 3197 3198 3196 1735
4 1654 3199 3200 2994
4 3199 1784 3115 3200
4 3200 3115 456 455
4 2994 3200 455 454
4 525 3099 3202 524
4 3099 1698 3201 3202
4 3202 3201 1776 3123
4 524 3202 3123 523
4 2015 3203 3206 3205
4 3203 1868 3151 3206
4 3206 3151 1731 3204
4 3205 3206 3204 1889
4 678 3207 3209 677
4 3207 1787 3208 3209
4 3209 3208 1710 3069
4 677 3209 3069 676
4 547 3210 3212 546
4 3210 1771 3211 3212
4 3212 3211 1672 2988
4 546 3212 2988 545
4 672 3213 3216 671
4 3213 1788 3214 3216
4 3216 3214 1637 3215
4 671 3216 3215 670
4 612 3217 3220 611
4 3217 1790 3218 3220
4 3220 3218 1675 3219
4 611 3220 3219 610
4 2446 3221 3225 3224
4 3221 2589 3222 3225
4 3225 3222 2543 3223
4 3224 3225 3223 2486
4 668 3226 3228 667
4 3226 1791 3227 3228
4 3228 3227 1711 3012
4 667 3228 3012 666
4 551 3229 3232 550
4 3229 1769 3230 3232
4 3232 3230 1636 3231
4 550 3232 3231 549
4 1654 2993 3236 3235
4 2993 1707 3233 3236
4 3236 3233 1836 3234
4 3235 3236 3234 1742
4 559 3237 3239 558
4 3237 1768 3238 3239
4 3239 3238 1671 3045
4 558 3239 3045 557
4 563 3240 3243 562
4 3240 1767 3241 3243
4 3243 3241 1638 3242
4 562 3243 3242 561
4 571 3244 3246 570
4 3244 1766 3245 3246
4 3246 3245 1670 3034
4 570 3246 3034 569
4 684 3247 3249 683
4 3247 1789 3248 3249
4 3249 3248 1635 3058
4 683 3249 3058 682
4 484 3250 3252 485
4 3250 1765 3251 3252
4 3252 3251 1690 3027
4 485 3252 3027 486
4 1934 3253 3257 3256
4 3253 1980 3254 3257
4 3257 3254 1892 3255
4 3256 3257 3255 1871
4 2145 3258 3262 3261
4 3258 2206 3259 3262
4 3262 3259 1961 3260
4 3261 3262 3260 2064
4 608 3263 3266 607
4 3263 1794 3264 3266
4 3266 3264 1650 3265
4 607 3266 3265 606
4 1699 3088 3269 3019
4 3088 1867 3267 3269
4 3269 3267 1773 3268
4 3019 3269 3268 1697
4 521 3125 3271 520
4 3125 1657 3270 3271
4 3271 3270 1772 3139
4 520 3271 3139 519
4 688 3272 3275 687
4 3272 1792 3273 3275
4 3275 3273 1708 3274
4 687 3275 3274 686
4 1865 3276 3278 3195
4 3276 1864 3277 3278
4 3278 3277 1780 3168
4 3195 3278 3168 1701
4 2276 3279 3282 3281
4 3279 2340 3280 3282
4 3282 3280 2216 3179
4 3281 3282 3179 2215
4 2151 3283 3287 3286
4 3283 2136 3284 3287
4 3287 3284 2081 3285
4 3286 3287 3285 2016
4 2109 3288 3291 3290
4 3288 2045 3289 3291
4 3291 3289 2084 3180
4 3290 3291 3180 2216
4 543 2990 3293 542
4 2990 1700 3292 3293
4 3293 3292 1777 3147
4 542 3293 3147 541
4 624 3294 3296 623
4 3294 1774 3295 3296
4 3296 3295 1691 3112
4 623 3296 3112 622
4 1968 3297 3301 3300
4 3297 2157 3298 3301
4 3301 3298 2113 3299
4 3300 3301 3299 2054
4 692 3302 3305 691
4 3302 1793 3303 3305
4 3305 3303 1660 3304
4 691 3305 3304 690
4 1718 2997 3308 3307
4 2997 602 603 3308
4 3308 603 604 3306
4 3307 3308 3306 1798
4 2280 3309 3313 3312
4 3309 2245 3310 3313
4 3313 3310 2155 3311
4 3312 3313 3311 2213
4 1896 3314 3318 3317
4 3314 2154 3315 3318
4 3318 3315 2080 3316
4 3317 3318 3316 2010
4 1971 3173 3321 3320
4 3173 2081 3284 3321
4 3321 3284 2136 3319
4 3320 3321 3319 2204
4 660 3322 3325 659
4 3322 1796 3323 3325
4 3325 3323 1648 3324
4 659 3325 3324 658
4 2102 3326 3330 3329
4 3326 1912 3327 3330
4 3330 3327 2026 3328
4 3329 3330 3328 2160
4 1786 3331 3335 3334
4 3331 1642 3332 3335
4 3335 3332 1810 3333
4 3334 3335 3333 1935
4 1657 3336 3339 3270
4 3336 1930 3337 3339
4 3339 3337 1866 3338
4 3270 3339 3338 1772
4 2700 3340 3344 3343
4 3340 2763 3341 3344
4 3344 3341 2785 3342
4 3343 3344 3342 2736
4 2082 3345 3348 3093
4 3345 2021 3346 3348
4 3348 3346 1869 3347
4 3093 3348 3347 1936
4 478 3016 3350 479
4 3016 1669 3349 3350
4 3350 3349 1770 3159
4 479 3350 3159 480
4 696 3351 3354 695
4 3351 1795 3352 3354
4 3354 3352 1713 3353
4 695 3354 3353 694
4 1735 3355 3359 3358
4 3355 1832 3356 3359
4 3359 3356 1891 3357
4 3358 3359 3357 2004
4 1705 3116 3362 3155
4 3116 1784 3360 3362
4 3362 3360 1874 3361
4 3155 3362 3361 1835
4 575 3363 3366 574
4 3363 1763 3364 3366
4 3366 3364 1646 3365
4 574 3366 3365 573
4 1651 3102 3368 3191
4 3102 1780 3277 3368
4 3368 3277 1864 3367
4 3191 3368 3367 1932
4 2156 3369 3373 3372
4 3369 2040 3370 3373
4 3373 3370 2184 3371
4 3372 3373 3371 2282
4 492 3374 3377 493
4 3374 1761 3375 3377
4 3377 3375 1643 3376
4 493 3377 3376 494
4 656 3378 3381 655
4 3378 1750 3379 3381
4 3381 3379 1717 3380
4 655 3381 3380 654
4 1812 3192 3383 3172
4 3192 1932 3382 3383
4 3383 3382 2016 3285
4 3172 3383 3285 2081
4 1873 3384 3388 3387
4 3384 1935 3385 3388
4 3388 3385 2083 3386
4 3387 3388 3386 1981
4 1736 3108 3390 3157
4 3108 1870 3389 3390
4 3390 3389 1645 3004
4 3157 3390 3004 1704
4 1936 3347 3392 3391
4 3347 1869 3164 3392
4 3392 3164 1703 3084
4 3391 3392 3084 1782
4 1783 3113 3395 3394
4 3113 1691 3393 3395
4 3395 3393 1934 3256
4 3394 3395 3256 1871
4 2309 3396 3400 3399
4 3396 2499 3397 3400
4 3400 3397 2446 3398
4 3399 3400 3398 2396
4 2203 3401 3404 3403
4 3401 2155 3310 3404
4 3404 3310 2245 3402
4 3403 3404 3402 2338
4 1933 3405 3408 3087
4 3405 2079 3406 3408
4 3408 3406 2014 3407
4 3087 3408 3407 1867
4 1730 3409 3411 3410
4 3409 1669 3015 3411
4 3411 3015 1697 3268
4 3410 3411 3268 1773
4 1642 3331 3412 3081
4 3331 1786 3184 3412
4 3412 3184 616 617
4 3081 3412 617 618
4 1663 3413 3414 3009
4 3413 1785 3188 3414
4 3414 3188 450 449
4 3009 3414 449 448
4 2341 3415 3419 3418
4 3415 2228 3416 3419
4 3419 3416 2285 3417
4 3418 3419 3417 2378
4 2069 3420 3423 3422
4 3420 2155 3401 3423
4 3423 3401 2203 3421
4 3422 3423 3421 2137
4 496 3424 3426 497
4 3424 1759 3425 3426
4 3426 3425 1685 3066
4 497 3426 3066 498
4 1733 3427 3430 3429
4 3427 1943 3428 3430
4 3430 3428 1982 3118
4 3429 3430 3118 1839
4 2017 3431 3433 3432
4 3431 2016 3382 3433
4 3433 3382 1932 3367
4 3432 3433 3367 1864
4 2181 3130 3437 3436
4 3130 2281 3434 3437
4 3437 3434 2316 3435
4 3436 3437 3435 2385
4 2021 3438 3439 3346
4 3438 1889 3204 3439
4 3439 3204 1731 3163
4 3346 3439 3163 1869
4 2123 3181 3442 3441
4 3181 2084 3440 3442
4 3442 3440 1889 3438
4 3441 3442 3438 2021
4 2786 3443 3447 3446
4 3443 2832 3444 3447
4 3447 3444 2849 3445
4 3446 3447 3445 2812
4 1810 3448 3451 3450
4 3448 1871 3255 3451
4 3451 3255 1892 3449
4 3450 3451 3449 2019
4 2054 3299 3455 3454
4 3299 2113 3452 3455
4 3455 3452 2222 3453
4 3454 3455 3453 2162
4 2422 3456 3460 3459
4 3456 2588 3457 3460
4 3460 3457 2542 3458
4 3459 3460 3458 2489
4 2812 3445 3464 3463
4 3445 2849 3461 3464
4 3464 3461 2860 3462
4 3463 3464 3462 2831
4 1706 3185 3466 3465
4 3185 1786 3334 3466
4 3466 3334 1935 3384
4 3465 3466 3384 1873
4 2106 3467 3470 3469
4 3467 2336 3468 3470
4 3470 3468 2280 3312
4 3469 3470 3312 2213
4 2300 3471 3475 3474
4 3471 2398 3472 3475
4 3475 3472 2313 3473
4 3474 3475 3473 2182
4 1809 3476 3480 3479
4 3476 2078 3477 3480
4 3480 3477 2013 3478
4 3479 3480 3478 1928
4 1889 3440 3482 3205
4 3440 2084 3289 3482
4 3482 3289 2045 3481
4 3205 3482 3481 2015
4 1863 3483 3486 3485
4 3483 1700 2989 3486
4 3486 2989 1672 3484
4 3485 3486 3484 1728
4 2398 3487 3490 3472
4 3487 2506 3488 3490
4 3490 3488 2426 3489
4 3472 3490 3489 2313
4 1709 3491 3492 3057
4 3491 1787 3207 3492
4 3492 3207 678 679
4 3057 3492 679 680
4 1874 3493 3497 3496
4 3493 1742 3494 3497
4 3497 3494 1900 3495
4 3496 3497 3495 2020
4 549 3231 3499 548
4 3231 1636 3498 3499
4 3499 3498 1771 3210
4 548 3499 3210 547
4 1674 3500 3501 3068
4 3500 1788 3213 3501
4 3501 3213 672 673
4 3068 3501 673 674
4 1637 3214 3505 3504
4 3214 1788 3502 3505
4 3505 3502 1937 3503
4 3504 3505 3503 1875
4 1706 3506 3507 3186
4 3506 1790 3217 3507
4 3507 3217 612 613
4 3186 3507 613 614
4 1637 3508 3509 3215
4 3508 1791 3226 3509
4 3509 3226 668 669
4 3215 3509 669 670
4 1635 3510 3513 3059
4 3510 1838 3511 3513
4 3513 3511 1726 3512
4 3059 3513 3512 1709
4 553 2979 3515 552
4 2979 1696 3514 3515
4 3515 3514 1769 3229
4 552 3515 3229 551
4 2335 3516 3519 3518
4 3516 2316 3434 3519
4 3519 3434 2281 3517
4 3518 3519 3517 2209
4 1696 2978 3523 3522
4 2978 1695 3520 3523
4 3523 3520 1764 3521
4 3522 3523 3521 1861
4 2736 3524 3527 3343
4 3524 2671 3525 3527
4 3527 3525 2628 3526
4 3343 3527 3526 2700
4 2216 3280 3530 3290
4 3280 2340 3528 3530
4 3530 3528 2252 3529
4 3290 3530 3529 2109
4 2019 3449 3533 3532
4 3449 1892 3531 3533
4 3533 3531 2040 3369
4 3532 3533 3369 2156
4 1782 3127 3534 3391
4 3127 1645 3389 3534
4 3534 3389 1870 3094
4 3391 3534 3094 1936
4 1807 3535 3539 3538
4 3535 2077 3536 3539
4 3539 3536 2012 3537
4 3538 3539 3537 1926
4 1727 3540 3542 3541
4 3540 1764 3520 3542
4 3542 3520 1695 3044
4 3541 3542 3044 1671
4 2219 3543 3546 3545
4 3543 2116 3544 3546
4 3546 3544 1981 3386
4 3545 3546 3386 2083
4 1657 3124 3549 3336
4 3124 1776 3547 3549
4 3549 3547 1821 3548
4 3336 3549 3548 1930
4 2025 3550 3554 3553
4 3550 1951 3551 3554
4 3554 3551 1978 3552
4 3553 3554 3552 2056
4 561 3242 3556 560
4 3242 1638 3555 3556
4 3556 3555 1768 3237
4 560 3556 3237 559
4 565 3055 3558 564
4 3055 1694 3557 3558
4 3558 3557 1767 3240
4 564 3558 3240 563
4 1644 3148 3562 3561
4 3148 1777 3559 3562
4 3562 3559 1831 3560
4 3561 3562 3560 1923
4 1694 3054 3566 3565
4 3054 1693 3563 3566
4 3566 3563 1762 3564
4 3565 3566 3564 1860
4 1734 3567 3569 3568
4 3567 1762 3563 3569
4 3569 3563 1693 3032
4 3568 3569 3032 1670
4 573 3365 3571 572
4 3365 1646 3570 3571
4 3571 3570 1766 3244
4 572 3571 3244 571
4 1708 3572 3573 3274
4 3572 1789 3247 3573
4 3573 3247 684 685
4 3274 3573 685 686
4 1871 3448 3574 3394
4 3448 1810 3332 3574
4 3574 3332 1642 3080
4 3394 3574 3080 1783
4 1708 3273 3578 3577
4 3273 1792 3575 3578
4 3578 3575 1938 3576
4 3577 3578 3576 1814
4 1950 3579 3583 3582
4 3579 1840 3580 3583
4 3583 3580 1984 3581
4 3582 3583 3581 2089
4 2029 3584 3588 3587
4 3584 2158 3585 3588
4 3588 3585 2086 3586
4 3587 3588 3586 1886
4 482 3161 3590 483
4 3161 1639 3589 3590
4 3590 3589 1765 3250
4 483 3590 3250 484
4 2351 3591 3595 3594
4 3591 2404 3592 3595
4 3595 3592 2509 3593
4 3594 3595 3593 2454
4 2019 3596 3597 3450
4 3596 2083 3385 3597
4 3597 3385 1935 3333
4 3450 3597 3333 1810
4 2079 3405 3599 3598
4 3405 1933 3177 3599
4 3599 3177 1868 3203
4 3598 3599 3203 2015
4 1675 3600 3601 3219
4 3600 1794 3263 3601
4 3601 3263 608 609
4 3219 3601 609 610
4 2203 3403 3605 3604
4 3403 2338 3602 3605
4 3605 3602 2384 3603
4 3604 3605 3603 2265
4 2700 3606 3609 3340
4 3606 2655 3607 3609
4 3609 3607 2737 3608
4 3340 3609 3608 2763
4 1863 3610 3611 3483
4 3610 1831 3559 3611
4 3611 3559 1777 3292
4 3483 3611 3292 1700
4 2116 3543 3615 3614
4 3543 2219 3612 3615
4 3615 3612 2283 3613
4 3614 3615 3613 2356
4 2049 3616 3620 3619
4 3616 2170 3617 3620
4 3620 3617 2288 3618
4 3619 3620 3618 2225
4 1639 3621 3624 3589
4 3621 1925 3622 3624
4 3624 3622 1826 3623
4 3589 3624 3623 1765
4 1660 3625 3626 3304
4 3625 1792 3272 3626
4 3626 3272 688 689
4 3304 3626 689 690
4 2253 3137 3630 3629
4 3137 2118 3627 3630
4 3630 3627 2231 3628
4 3629 3630 3628 2295
4 1921 3631 3632 3175
4 3631 1698 3098 3632
4 3632 3098 1778 3193
4 3175 3632 3193 1812
4 1856 3633 3636 3635
4 3633 1712 3013 3636
4 3636 3013 1711 3634
4 3635 3636 3634 1729
4 2450 3637 3641 3640
4 3637 2364 3638 3641
4 3641 3638 2504 3639
4 3640 3641 3639 2556
4 2309 3642 3645 3396
4 3642 2373 3643 3645
4 3645 3643 2414 3644
4 3396 3645 3644 2499
4 1923 3646 3648 3561
4 3646 1832 3647 3648
4 3648 3647 1779 3170
4 3561 3648 3170 1644
4 626 2975 3650 625
4 2975 1652 3649 3650
4 3650 3649 1774 3294
4 625 3650 3294 624
4 2257 3651 3655 3654
4 3651 2178 3652 3655
4 3655 3652 2305 3653
4 3654 3655 3653 2390
4 1713 3656 3657 3353
4 3656 1793 3302 3657
4 3657 3302 692 693
4 3353 3657 693 694
4 2812 3658 3660 3446
4 3658 2763 3608 3660
4 3660 3608 2737 3659
4 3446 3660 3659 2786
4 2403 3661 3665 3664
4 3661 2311 3662 3665
4 3665 3662 2464 3663
4 3664 3665 3663 2456
4 1856 3666 3668 3633
4 3666 1797 3667 3668
4 3668 3667 1714 3029
4 3633 3668 3029 1712
4 2113 3669 3672 3452
4 3669 2179 3670 3672
4 3672 3670 2284 3671
4 3452 3672 3671 2222
4 2763 3658 3674 3341
4 3658 2812 3463 3674
4 3674 3463 2831 3673
4 3341 3674 3673 2785
4 604 605 3676 3306
4 605 606 3265 3676
4 3676 3265 1650 3675
4 3306 3676 3675 1798
4 1742 3493 3677 3235
4 3493 1874 3360 3677
4 3677 3360 1784 3199
4 3235 3677 3199 1654
4 2542 3678 3682 3681
4 3678 2669 3679 3682
4 3682 3679 2636 3680
4 3681 3682 3680 2580
4 1945 3683 3687 3686
4 3683 1815 3684 3687
4 3687 3684 1970 3685
4 3686 3687 3685 2093
4 1698 3631 3689 3201
4 3631 1921 3688 3689
4 3689 3688 1821 3547
4 3201 3689 3547 1776
4 1714 3690 3691 3030
4 3690 1796 3322 3691
4 3691 3322 660 661
4 3030 3691 661 662
4 1826 3692 3694 3623
4 3692 1859 3693 3694
4 3694 3693 1690 3251
4 3623 3694 3251 1765
4 2370 3695 3699 3698
4 3695 2249 3696 3699
4 3699 3696 2341 3697
4 3698 3699 3697 2458
4 2486 3700 3702 3224
4 3700 2429 3701 3702
4 3702 3701 2396 3398
4 3224 3702 3398 2446
4 1669 3409 3705 3349
4 3409 1730 3703 3705
4 3705 3703 1862 3704
4 3349 3705 3704 1770
4 2012 3706 3708 3707
4 3706 2213 3311 3708
4 3708 3311 2155 3420
4 3707 3708 3420 2069
4 1707 3189 3711 3233
4 3189 1785 3709 3711
4 3711 3709 1876 3710
4 3233 3711 3710 1836
4 2083 3596 3713 3545
4 3596 2019 3532 3713
4 3713 3532 2156 3712
4 3545 3713 3712 2219
4 1715 3714 3715 3074
4 3714 1795 3351 3715
4 3715 3351 696 697
4 3074 3715 697 698
4 1924 3716 3718 3717
4 3716 1773 3267 3718
4 3718 3267 1867 3407
4 3717 3718 3407 2014
4 1938 3719 3722 3576
4 3719 2085 3720 3722
4 3722 3720 1972 3721
4 3576 3722 3721 1814
4 2273 3723 3727 3726
4 3723 2325 3724 3727
4 3727 3724 2111 3725
4 3726 3727 3725 2200
4 1887 3728 3732 3731
4 3728 2003 3729 3732
4 3732 3729 1732 3730
4 3731 3732 3730 1859
4 1864 3276 3735 3432
4 3276 1865 3733 3735
4 3735 3733 1908 3734
4 3432 3735 3734 2017
4 1861 3736 3738 3522
4 3736 1829 3737 3738
4 3738 3737 1769 3514
4 3522 3738 3514 1696
4 577 3049 3740 576
4 3049 1688 3739 3740
4 3740 3739 1763 3363
4 576 3740 3363 575
4 2022 3741 3744 3743
4 3741 2085 3719 3744
4 3744 3719 1938 3742
4 3743 3744 3742 1872
4 2152 3745 3749 3748
4 3745 2042 3746 3749
4 3749 3746 1891 3747
4 3748 3749 3747 1979
4 2004 3750 3751 3358
4 3750 1908 3733 3751
4 3751 3733 1865 3197
4 3358 3751 3197 1735
4 1648 3752 3753 3324
4 3752 1750 3378 3753
4 3753 3378 656 657
4 3324 3753 657 658
4 490 3023 3755 491
4 3023 1668 3754 3755
4 3755 3754 1761 3374
4 491 3755 3374 492
4 1835 3361 3758 3757
4 3361 1874 3496 3758
4 3758 3496 2020 3756
4 3757 3758 3756 1941
4 2013 3477 3762 3761
4 3477 2078 3759 3762
4 3762 3759 2149 3760
4 3761 3762 3760 2212
4 583 3763 3765 582
4 3763 1760 3764 3765
4 3765 3764 1656 3052
4 582 3765 3052 581
4 1728 3766 3770 3769
4 3766 1830 3767 3770
4 3770 3767 1884 3768
4 3769 3770 3768 2002
4 2439 3771 3775 3774
4 3771 2367 3772 3775
4 3775 3772 2255 3773
4 3774 3775 3773 2329
4 2012 3536 3777 3706
4 3536 2077 3776 3777
4 3777 3776 2106 3469
4 3706 3777 3469 2213
4 2429 3778 3780 3701
4 3778 2338 3402 3780
4 3780 3402 2245 3779
4 3701 3780 3779 2396
4 2080 3781 3784 3316
4 3781 2067 3782 3784
4 3784 3782 2011 3783
4 3316 3784 3783 2010
4 2844 2892 3788 3787
4 2892 2858 3785 3788
4 3788 3785 2832 3786
4 3787 3788 3786 2801
4 1673 3106 3789 3196
4 3106 1779 3647 3789
4 3789 3647 1832 3355
4 3196 3789 3355 1735
4 1689 3026 3791 3790
4 3026 1690 3693 3791
4 3791 3693 1859 3730
4 3790 3791 3730 1732
4 1816 3792 3794 3793
4 3792 1937 3502 3794
4 3794 3502 1788 3500
4 3793 3794 3500 1674
4 1860 3795 3797 3565
4 3795 1823 3796 3797
4 3797 3796 1767 3557
4 3565 3797 3557 1694
4 1688 3048 3801 3800
4 3048 1686 3798 3801
4 3801 3798 1741 3799
4 3800 3801 3799 1858
4 1733 3429 3804 3803
4 3429 1839 3802 3804
4 3804 3802 1715 3073
4 3803 3804 3073 1641
4 2221 3805 3809 3808
4 3805 2287 3806 3809
4 3809 3806 2161 3807
4 3808 3809 3807 2086
4 2201 3810 3814 3813
4 3810 2135 3811 3814
4 3814 3811 2071 3812
4 3813 3814 3812 2108
4 2786 3815 3817 3443
4 3815 2746 3816 3817
4 3817 3816 2801 3786
4 3443 3817 3786 2832
4 2013 3761 3820 3819
4 3761 2212 3818 3820
4 3820 3818 2108 3812
4 3819 3820 3812 2071
4 598 3821 3824 597
4 3821 1799 3822 3824
4 3824 3822 1720 3823
4 597 3824 3823 596
4 2088 3825 3828 3827
4 3825 1981 3544 3828
4 3828 3544 2116 3826
4 3827 3828 3826 2220
4 2329 3829 3832 3774
4 3829 2248 3830 3832
4 3832 3830 2365 3831
4 3774 3832 3831 2439
4 2325 3723 3836 3835
4 3723 2273 3833 3836
4 3836 3833 2371 3834
4 3835 3836 3834 2433
4 1639 3160 3838 3621
4 3160 1770 3704 3838
4 3838 3704 1862 3837
4 3621 3838 3837 1925
4 1691 3295 3841 3393
4 3295 1774 3839 3841
4 3841 3839 1857 3840
4 3393 3841 3840 1934
4 494 3376 3843 495
4 3376 1643 3842 3843
4 3843 3842 1759 3424
4 495 3843 3424 496
4 1837 3844 3847 3846
4 3844 1650 3264 3847
4 3847 3264 1794 3845
4 3846 3847 3845 1946
4 2224 3848 3852 3851
4 3848 2343 3849 3852
4 3852 3849 2292 3850
4 3851 3852 3850 2168
4 1675 3218 3856 3855
4 3218 1790 3853 3856
4 3856 3853 1947 3854
4 3855 3856 3854 1811
4 2367 3857 3860 3772
4 3857 2394 3858 3860
4 3860 3858 2335 3859
4 3772 3860 3859 2255
4 2669 3861 3864 3679
4 3861 2734 3862 3864
4 3864 3862 2698 3863
4 3679 3864 3863 2636
4 2124 3865 3869 3868
4 3865 2226 3866 3869
4 3869 3866 2345 3867
4 3868 3869 3867 2260
4 2218 3135 3873 3872
4 3135 2342 3870 3873
4 3873 3870 2285 3871
4 3872 3873 3871 2169
4 2146 3874 3877 3876
4 3874 2046 3875 3877
4 3877 3875 2017 3734
4 3876 3877 3734 1908
4 1741 3878 3882 3881
4 3878 1855 3879 3882
4 3882 3879 1917 3880
4 3881 3882 3880 2000
4 2076 3883 3886 3885
4 3883 1924 3717 3886
4 3886 3717 2014 3884
4 3885 3886 3884 2147
4 1808 3887 3889 3888
4 3887 1730 3410 3889
4 3889 3410 1773 3716
4 3888 3889 3716 1924
4 1811 3890 3891 3855
4 3890 1946 3845 3891
4 3891 3845 1794 3600
4 3855 3891 3600 1675
4 2055 3892 3896 3895
4 3892 1968 3893 3896
4 3896 3893 1897 3894
4 3895 3896 3894 1941
4 2312 3897 3901 3900
4 3897 2402 3898 3901
4 3901 3898 2481 3899
4 3900 3901 3899 2417
4 1872 3742 3903 3902
4 3742 1938 3575 3903
4 3903 3575 1792 3625
4 3902 3903 3625 1660
4 2293 3904 3907 3906
4 3904 2187 3905 3907
4 3907 3905 2311 3661
4 3906 3907 3661 2403
4 2150 3908 3911 3910
4 3908 2003 3728 3911
4 3911 3728 1887 3909
4 3910 3911 3909 2050
4 1941 3894 3912 3757
4 3894 1897 3109 3912
4 3912 3109 1736 3156
4 3757 3912 3156 1835
4 2110 3913 3916 3915
4 3913 2193 3914 3916
4 3916 3914 2248 3829
4 3915 3916 3829 2329
4 2446 3397 3919 3221
4 3397 2499 3917 3919
4 3919 3917 2539 3918
4 3221 3919 3918 2589
4 2016 3431 3920 3286
4 3431 2017 3875 3920
4 3920 3875 2046 3132
4 3286 3920 3132 2151
4 1966 3921 3924 3923
4 3921 2088 3827 3924
4 3924 3827 2220 3922
4 3923 3924 3922 2165
4 2067 3925 3928 3782
4 3925 1964 3926 3928
4 3928 3926 1899 3927
4 3782 3928 3927 2011
4 2315 3929 3933 3932
4 3929 2205 3930 3933
4 3933 3930 2264 3931
4 3932 3933 3931 2323
4 2542 3457 3936 3678
4 3457 2588 3934 3936
4 3936 3934 2627 3935
4 3678 3936 3935 2669
4 2858 3937 3939 3785
4 3937 2868 3938 3939
4 3939 3938 2849 3444
4 3785 3939 3444 2832
4 2516 3940 3942 3941
4 3940 2539 3917 3942
4 3942 3917 2499 3644
4 3941 3942 3644 2414
4 2079 3943 3945 3406
4 3943 2121 3944 3945
4 3945 3944 2147 3884
4 3406 3945 3884 2014
4 2734 3861 3948 3947
4 3861 2669 3935 3948
4 3948 3935 2627 3946
4 3947 3948 3946 2699
4 2316 3516 3951 3950
4 3516 2335 3858 3951
4 3951 3858 2394 3949
4 3950 3951 3949 2448
4 2006 3952 3955 3954
4 3952 1861 3521 3955
4 3955 3521 1764 3953
4 3954 3955 3953 1926
4 1885 3956 3959 3958
4 3956 1984 3580 3959
4 3959 3580 1840 3957
4 3958 3959 3957 1726
4 444 3960 3962 445
4 3960 1719 3961 3962
4 3962 3961 1683 3007
4 445 3962 3007 446
4 28 514 3964 443
4 514 515 3963 3964
4 3964 3963 1719 3960
4 443 3964 3960 444
4 1676 3965 3966 3141
4 3965 1719 3963 3966
4 3966 3963 515 516
4 3141 3966 516 517
4 2008 3967 3970 3969
4 3967 1860 3564 3970
4 3970 3564 1762 3968
4 3969 3970 3968 1928
4 1636 3230 3973 3972
4 3230 1769 3737 3973
4 3973 3737 1829 3971
4 3972 3973 3971 1920
4 1764 3540 3975 3953
4 3540 1727 3974 3975
4 3975 3974 1807 3538
4 3953 3975 3538 1926
4 2162 3976 3978 3977
4 3976 2123 3441 3978
4 3978 3441 2021 3345
4 3977 3978 3345 2082
4 1793 3979 3981 3303
4 3979 1945 3980 3981
4 3981 3980 1872 3902
4 3303 3981 3902 1660
4 2266 3982 3984 3983
4 3982 2136 3283 3984
4 3984 3283 2151 3131
4 3983 3984 3131 2181
4 2546 3985 3989 3988
4 3985 2428 3986 3989
4 3989 3986 2374 3987
4 3988 3989 3987 2489
4 2015 3481 3991 3598
4 3481 2045 3990 3991
4 3991 3990 2121 3943
4 3598 3991 3943 2079
4 2356 3613 3995 3994
4 3613 2283 3992 3995
4 3995 3992 2397 3993
4 3994 3995 3993 2463
4 2306 3996 3999 3998
4 3996 2337 3997 3999
4 3999 3997 2282 3371
4 3998 3999 3371 2184
4 2211 4000 4003 4002
4 4000 2122 4001 4003
4 4003 4001 1964 3925
4 4002 4003 3925 2067
4 1815 3683 4005 4004
4 3683 1945 3979 4005
4 4005 3979 1793 3656
4 4004 4005 3656 1713
4 2162 3453 4007 3976
4 3453 2222 4006 4007
4 4007 4006 2215 3182
4 3976 4007 3182 2123
4 2188 4008 4011 4010
4 4008 2292 4009 4011
4 4011 4009 2402 3897
4 4010 4011 3897 2312
4 2608 4012 4015 4014
4 4012 2627 3934 4015
4 4015 3934 2588 4013
4 4014 4015 4013 2519
4 1920 4016 4018 3972
4 4016 1830 4017 4018
4 4018 4017 1771 3498
4 3972 4018 3498 1636
4 2025 3553 4022 4021
4 3553 2056 4019 4022
4 4022 4019 2097 4020
4 4021 4022 4020 1944
4 1638 3241 4025 4024
4 3241 1767 3796 4025
4 4025 3796 1823 4023
4 4024 4025 4023 1919
4 1762 3567 4027 3968
4 3567 1734 4026 4027
4 4027 4026 1809 3479
4 3968 4027 3479 1928
4 1807 4028 4031 3535
4 4028 1904 4029 4031
4 4031 4029 1961 4030
4 3535 4031 4030 2077
4 1982 3428 4035 4034
4 3428 1943 4032 4035
4 4035 4032 2087 4033
4 4034 4035 4033 2163
4 1809 4036 4038 3476
4 4036 1899 3926 4038
4 4038 3926 1964 4037
4 3476 4038 4037 2078
4 2332 4039 4042 4041
4 4039 2212 3760 4042
4 4042 3760 2149 4040
4 4041 4042 4040 2257
4 2212 4039 4045 3818
4 4039 2332 4043 4045
4 4045 4043 2256 4044
4 3818 4045 4044 2108
4 2543 3222 4048 4047
4 3222 2589 4046 4048
4 4048 4046 2628 3525
4 4047 4048 3525 2671
4 2421 4049 4053 4052
4 4049 2480 4050 4053
4 4053 4050 2525 4051
4 4052 4053 4051 2581
4 1795 4054 4056 3352
4 4054 1949 4055 4056
4 4056 4055 1815 4004
4 3352 4056 4004 1713
4 2164 4057 4060 4059
4 4057 2051 4058 4060
4 4060 4058 2187 3904
4 4059 4060 3904 2293
4 2365 4061 4065 4064
4 4061 2445 4062 4065
4 4065 4062 2479 4063
4 4064 4065 4063 2532
4 1635 3248 4068 3510
4 3248 1789 4066 4068
4 4068 4066 1948 4067
4 3510 4068 4067 1838
4 2337 3996 4071 4070
4 3996 2306 4069 4071
4 4071 4069 2364 3637
4 4070 4071 3637 2450
4 2005 4072 4074 4073
4 4072 1886 3586 4074
4 4074 3586 2086 3807
4 4073 4074 3807 2161
4 1970 3684 4076 4075
4 3684 1815 4055 4076
4 4076 4055 1949 3120
4 4075 4076 3120 2094
4 2045 3288 4079 3990
4 3288 2109 4077 4079
4 4079 4077 2208 4078
4 3990 4079 4078 2121
4 2633 4080 4084 4083
4 4080 2705 4081 4084
4 4084 4081 2673 4082
4 4083 4084 4082 2595
4 1945 3686 4086 3980
4 3686 2093 4085 4086
4 4086 4085 2022 3743
4 3980 4086 3743 1872
4 1718 3307 4090 4089
4 3307 1798 4087 4090
4 4090 4087 1942 4088
4 4089 4090 4088 1877
4 1785 3413 4093 3709
4 3413 1663 4091 4093
4 4093 4091 1800 4092
4 3709 4093 4092 1876
4 1858 4094 4096 3800
4 4094 1822 4095 4096
4 4096 4095 1763 3739
4 3800 4096 3739 1688
4 1968 3300 4098 3893
4 3300 2054 4097 4098
4 4098 4097 2018 3110
4 3893 4098 3110 1897
4 2222 3671 4100 4006
4 3671 2284 4099 4100
4 4100 4099 2276 3281
4 4006 4100 3281 2215
4 2425 4101 4105 4104
4 4101 2501 4102 4105
4 4105 4102 2444 4103
4 4104 4105 4103 2393
4 2394 3857 4109 4108
4 3857 2367 4106 4109
4 4109 4106 2421 4107
4 4108 4109 4107 2502
4 2069 4110 4111 3707
4 4110 2006 3954 4111
4 4111 3954 1926 3537
4 3707 4111 3537 2012
4 2024 4112 4115 4114
4 4112 2090 4113 4115
4 4115 4113 2224 3851
4 4114 4115 3851 2168
4 2577 4116 4120 4119
4 4116 2522 4117 4120
4 4120 4117 2576 4118
4 4119 4120 4118 2619
4 2223 4121 4124 4123
4 4121 2290 4122 4124
4 4124 4122 2163 4033
4 4123 4124 4033 2087
4 2580 4125 4126 3681
4 4125 2546 3988 4126
4 4126 3988 2489 3458
4 3681 4126 3458 2542
4 2135 3810 4129 4128
4 3810 2201 4127 4129
4 4129 4127 2145 3261
4 4128 4129 3261 2064
4 2343 4130 4132 3849
4 4130 2452 4131 4132
4 4132 4131 2402 4009
4 3849 4132 4009 2292
4 2860 3461 4135 4134
4 3461 2849 3938 4135
4 4135 3938 2868 4133
4 4134 4135 4133 2878
4 2125 4136 4139 4138
4 4136 2224 4113 4139
4 4139 4113 2090 4137
4 4138 4139 4137 1972
4 2433 4140 4143 3835
4 4140 2372 4141 4143
4 4143 4141 2272 4142
4 3835 4143 4142 2325
4 2629 4144 4146 4145
4 4144 2628 4046 4146
4 4146 4046 2589 3918
4 4145 4146 3918 2539
4 2344 4147 4150 4149
4 4147 2400 4148 4150
4 4150 4148 2287 3805
4 4149 4150 3805 2221
4 2071 4151 4152 3819
4 4151 2008 3969 4152
4 4152 3969 1928 3478
4 3819 4152 3478 2013
4 2366 4153 4156 4155
4 4153 2425 4104 4156
4 4156 4104 2393 4154
4 4155 4156 4154 2347
4 1908 3750 4159 3876
4 3750 2004 4157 4159
4 4159 4157 2074 4158
4 3876 4159 4158 2146
4 2860 4134 4163 4162
4 4134 2878 4160 4163
4 4163 4160 2869 4161
4 4162 4163 4161 2848
4 1919 4164 4166 4024
4 4164 1828 4165 4166
4 4166 4165 1768 3555
4 4024 4166 3555 1638
4 2054 3454 4167 4097
4 3454 2162 3977 4167
4 4167 3977 2082 3092
4 4097 4167 3092 2018
4 2495 4168 4171 4170
4 4168 2414 3643 4171
4 4171 3643 2373 4169
4 4170 4171 4169 2391
4 1856 3635 4175 4174
4 3635 1729 4172 4175
4 4175 4172 1907 4173
4 4174 4175 4173 2023
4 1905 4176 4180 4179
4 4176 1962 4177 4180
4 4180 4177 2075 4178
4 4179 4180 4178 1994
4 2276 4181 4183 3279
4 4181 2347 4154 4183
4 4183 4154 2393 4182
4 3279 4183 4182 2340
4 2249 3695 4187 4186
4 3695 2370 4184 4187
4 4187 4184 2447 4185
4 4186 4187 4185 2348
4 2613 4188 4192 4191
4 4188 2665 4189 4192
4 4192 4189 2525 4190
4 4191 4192 4190 2582
4 2002 4193 4195 3769
4 4193 1906 4194 4195
4 4195 4194 1863 3485
4 3769 4195 3485 1728
4 1646 3364 4198 4197
4 3364 1763 4095 4198
4 4198 4095 1822 4196
4 4197 4198 4196 1918
4 2042 4199 4200 3746
4 4199 2074 4157 4200
4 4200 4157 2004 3357
4 3746 4200 3357 1891
4 2122 4201 4202 4001
4 4201 2149 3759 4202
4 4202 3759 2078 4037
4 4001 4202 4037 1964
4 2009 4203 4205 4204
4 4203 1808 3888 4205
4 4205 3888 1924 3883
4 4204 4205 3883 2076
4 2538 4206 4209 4208
4 4206 2479 4062 4209
4 4209 4062 2445 4207
4 4208 4209 4207 2434
4 2445 4061 4212 4211
4 4061 2365 3830 4212
4 4212 3830 2248 4210
4 4211 4212 4210 2327
4 1922 4213 4216 4215
4 4213 1850 4214 4216
4 4216 4214 1732 3729
4 4215 4216 3729 2003
4 2007 4217 4219 4218
4 4217 1980 3253 4219
4 4219 3253 1934 3840
4 4218 4219 3840 1857
4 1831 3610 4222 4221
4 3610 1863 4194 4222
4 4222 4194 1906 4220
4 4221 4222 4220 2001
4 1837 4223 4224 3844
4 4223 1942 4087 4224
4 4224 4087 1798 3675
4 3844 4224 3675 1650
4 2046 3874 4226 3129
4 3874 2146 4225 4226
4 4226 4225 2209 3517
4 3129 4226 3517 2281
4 1981 3825 4229 3387
4 3825 2088 4227 4229
4 4229 4227 1947 4228
4 3387 4229 4228 1873
4 2544 4230 4233 4232
4 4230 2377 4231 4233
4 4233 4231 2444 4102
4 4232 4233 4102 2501
4 2619 4234 4236 4119
4 4234 2608 4014 4236
4 4236 4014 2519 4235
4 4119 4236 4235 2577
4 1878 4237 4239 4238
4 4237 1791 3508 4239
4 4239 3508 1637 3504
4 4238 4239 3504 1875
4 2340 4182 4241 3528
4 4182 2393 4103 4241
4 4241 4103 2444 4240
4 3528 4241 4240 2252
4 2256 4043 4244 4243
4 4043 2332 4242 4244
4 4244 4242 2374 3986
4 4243 4244 3986 2428
4 2384 4245 4248 3603
4 4245 2310 4246 4248
4 4248 4246 2185 4247
4 3603 4248 4247 2265
4 1918 4249 4251 4197
4 4249 1827 4250 4251
4 4251 4250 1766 3570
4 4197 4251 3570 1646
4 2390 4252 4253 3654
4 4252 2374 4242 4253
4 4253 4242 2332 4041
4 3654 4253 4041 2257
4 1726 3957 4255 3512
4 3957 1840 4254 4255
4 4255 4254 1787 3491
4 3512 4255 3491 1709
4 1795 3714 4256 4054
4 3714 1715 3802 4256
4 4256 3802 1839 3121
4 4054 4256 3121 1949
4 2539 3940 4259 4145
4 3940 2516 4257 4259
4 4259 4257 2561 4258
4 4145 4259 4258 2629
4 2639 4260 4264 4263
4 4260 2657 4261 4264
4 4264 4261 2575 4262
4 4263 4264 4262 2547
4 2210 4265 4267 4266
4 4265 2209 4225 4267
4 4267 4225 2146 4158
4 4266 4267 4158 2074
4 2259 4268 4270 4269
4 4268 2343 3848 4270
4 4270 3848 2224 4136
4 4269 4270 4136 2125
4 2705 4271 4274 4081
4 4271 2766 4272 4274
4 4274 4272 2740 4273
4 4081 4274 4273 2673
4 2347 4181 4277 4276
4 4181 2276 4099 4277
4 4277 4099 2284 4275
4 4276 4277 4275 2348
4 2737 4278 4280 3659
4 4278 2715 4279 4280
4 4280 4279 2746 3815
4 3659 4280 3815 2786
4 585 3041 4282 584
4 3041 1687 4281 4282
4 4282 4281 1760 3763
4 584 4282 3763 583
4 2158 4283 4285 3585
4 4283 2289 4284 4285
4 4285 4284 2221 3808
4 3585 4285 3808 2086
4 2701 4286 4290 4289
4 4286 2729 4287 4290
4 4290 4287 2613 4288
4 4289 4290 4288 2653
4 1739 4291 4294 4293
4 4291 1652 2974 4294
4 4294 2974 1692 4292
4 4293 4294 4292 1848
4 2395 4295 4299 4298
4 4295 2424 4296 4299
4 4299 4296 2442 4297
4 4298 4299 4297 2330
4 2206 4300 4301 3259
4 4300 2106 3776 4301
4 4301 3776 2077 4030
4 3259 4301 4030 1961
4 2246 4302 4306 4305
4 4302 2107 4303 4306
4 4306 4303 2229 4304
4 4305 4306 4304 2354
4 2176 4307 4310 4309
4 4307 2289 4283 4310
4 4310 4283 2158 4308
4 4309 4310 4308 2052
4 1873 4228 4311 3465
4 4228 1947 3853 4311
4 4311 3853 1790 3506
4 3465 4311 3506 1706
4 2682 4312 4316 4315
4 4312 2740 4313 4316
4 4316 4313 2779 4314
4 4315 4316 4314 2752
4 2627 4012 4319 3946
4 4012 2608 4317 4319
4 4319 4317 2649 4318
4 3946 4319 4318 2699
4 2202 4320 4323 4322
4 4320 2269 4321 4323
4 4323 4321 2323 3931
4 4322 4323 3931 2264
4 2495 4324 4328 4327
4 4324 2436 4325 4328
4 4328 4325 2533 4326
4 4327 4328 4326 2583
4 2094 3119 4331 4330
4 3119 1982 4034 4331
4 4331 4034 2163 4329
4 4330 4331 4329 2226
4 2074 4199 4334 4266
4 4199 2042 4332 4334
4 4334 4332 2110 4333
4 4266 4334 4333 2210
4 1664 4335 4336 2996
4 4335 1799 3821 4336
4 4336 3821 598 599
4 2996 4336 599 600
4 1878 4337 4340 4339
4 4337 2005 4338 4340
4 4340 4338 1907 4172
4 4339 4340 4172 1729
4 2348 4185 4342 4276
4 4185 2447 4341 4342
4 4342 4341 2366 4155
4 4276 4342 4155 2347
4 2001 4343 4345 4221
4 4343 1979 4344 4345
4 4345 4344 1923 3560
4 4221 4345 3560 1831
4 1927 4346 4348 4347
4 4346 1829 3736 4348
4 4348 3736 1861 3952
4 4347 4348 3952 2006
4 2755 4349 4353 4352
4 4349 2719 4350 4353
4 4353 4350 2778 4351
4 4352 4353 4351 2815
4 1687 3040 4357 4356
4 3040 1662 4354 4357
4 4357 4354 1745 4355
4 4356 4357 4355 1853
4 2305 4358 4362 4361
4 4358 2372 4359 4362
4 4362 4359 2415 4360
4 4361 4362 4360 2494
4 2583 4363 4364 4327
4 4363 2516 3941 4364
4 4364 3941 2414 4168
4 4327 4364 4168 2495
4 2092 4365 4367 4366
4 4365 2055 3895 4367
4 4367 3895 1941 3756
4 4366 4367 3756 2020
4 2246 4368 4371 4302
4 4368 2352 4369 4371
4 4371 4369 2230 4370
4 4302 4371 4370 2107
4 2334 4372 4374 4373
4 4372 2201 3813 4374
4 4374 3813 2108 4044
4 4373 4374 4044 2256
4 1742 3234 4377 3494
4 3234 1836 4375 4377
4 4377 4375 1944 4376
4 3494 4377 4376 1900
4 2698 3862 4381 4380
4 3862 2734 4378 4381
4 4381 4378 2760 4379
4 4380 4381 4379 2762
4 1710 3208 4383 4382
4 3208 1787 4254 4383
4 4383 4254 1840 3579
4 4382 4383 3579 1950
4 2230 4369 4386 4385
4 4369 2352 4384 4386
4 4386 4384 2259 4269
4 4385 4386 4269 2125
4 2097 4387 4389 4020
4 4387 1976 4388 4389
4 4389 4388 1900 4376
4 4020 4389 4376 1944
4 2148 4390 4393 4392
4 4390 2009 4204 4393
4 4393 4204 2076 4391
4 4392 4393 4391 2214
4 2109 3529 4396 4077
4 3529 2252 4394 4396
4 4396 4394 2331 4395
4 4077 4396 4395 2208
4 2379 4397 4399 4398
4 4397 2452 4130 4399
4 4399 4130 2343 4268
4 4398 4399 4268 2259
4 2164 4400 4402 4057
4 4400 2023 4173 4402
4 4402 4173 1907 4401
4 4057 4402 4401 2051
4 1832 3646 4403 3356
4 3646 1923 4344 4403
4 4403 4344 1979 3747
4 3356 4403 3747 1891
4 2509 4404 4407 3593
4 4404 2593 4405 4407
4 4407 4405 2549 4406
4 3593 4407 4406 2454
4 2362 4408 4411 4410
4 4408 2246 4305 4411
4 4411 4305 2354 4409
4 4410 4411 4409 2462
4 1672 3211 4412 3484
4 3211 1771 4017 4412
4 4412 4017 1830 3766
4 3484 4412 3766 1728
4 2245 3309 4414 3779
4 3309 2280 4413 4414
4 4414 4413 2309 3399
4 3779 4414 3399 2396
4 2638 4415 4418 4417
4 4415 2575 4261 4418
4 4418 4261 2657 4416
4 4417 4418 4416 2707
4 2549 4419 4423 4422
4 4419 2615 4420 4423
4 4423 4420 2560 4421
4 4422 4423 4421 2467
4 1664 2998 4426 4425
4 2998 1718 4089 4426
4 4426 4089 1877 4424
4 4425 4426 4424 1743
4 1808 4203 4429 4428
4 4203 2009 4427 4429
4 4429 4427 1962 4176
4 4428 4429 4176 1905
4 589 4430 4432 588
4 4430 1775 4431 4432
4 4432 4431 1662 3042
4 588 4432 3042 587
4 2260 3867 4436 4435
4 3867 2345 4433 4436
4 4436 4433 2457 4434
4 4435 4436 4434 2381
4 1929 4437 4439 4438
4 4437 1823 3795 4439
4 4439 3795 1860 3967
4 4438 4439 3967 2008
4 2065 4440 4442 4441
4 4440 1821 3688 4442
4 4442 3688 1921 3174
4 4441 4442 3174 1971
4 2249 4186 4444 4443
4 4186 2348 4275 4444
4 4444 4275 2284 3670
4 4443 4444 3670 2179
4 2282 4445 4446 3372
4 4445 2283 3612 4446
4 4446 3612 2219 3712
4 3372 4446 3712 2156
4 2147 4447 4449 3885
4 4447 2275 4448 4449
4 4449 4448 2214 4391
4 3885 4449 4391 2076
4 2701 4450 4453 4452
4 4450 2686 4451 4453
4 4453 4451 2719 4349
4 4452 4453 4349 2755
4 2380 4454 4456 4455
4 4454 2454 4406 4456
4 4456 4406 2549 4422
4 4455 4456 4422 2467
4 2208 4395 4460 4459
4 4395 2331 4457 4460
4 4460 4457 2395 4458
4 4459 4460 4458 2275
4 2457 4461 4464 4434
4 4461 2552 4462 4464
4 4464 4462 2470 4463
4 4434 4464 4463 2381
4 2391 4465 4467 4170
4 4465 2304 4466 4467
4 4467 4466 2436 4324
4 4170 4467 4324 2495
4 1652 4291 4469 3649
4 4291 1739 4468 4469
4 4469 4468 1857 3839
4 3649 4469 3839 1774
4 1814 4470 4471 3577
4 4470 1948 4066 4471
4 4471 4066 1789 3572
4 3577 4471 3572 1708
4 1998 4472 4475 4474
4 4472 1917 3879 4475
4 4475 3879 1855 4473
4 4474 4475 4473 1852
4 2541 4476 4480 4479
4 4476 2478 4477 4480
4 4480 4477 2500 4478
4 4479 4480 4478 2587
4 1674 3070 4482 3793
4 3070 1710 4382 4482
4 4482 4382 1950 4481
4 3793 4482 4481 1816
4 1914 4483 4486 4485
4 4483 1643 3375 4486
4 4486 3375 1761 4484
4 4485 4486 4484 1824
4 1948 4470 4488 4487
4 4470 1814 3721 4488
4 4488 3721 1972 4137
4 4487 4488 4137 2090
4 2137 4489 4490 3422
4 4489 1927 4347 4490
4 4490 4347 2006 4110
4 3422 4490 4110 2069
4 2218 3872 4492 3143
4 3872 2169 4491 4492
4 4492 4491 2055 4365
4 3143 4492 4365 2092
4 2341 3696 4494 3415
4 3696 2249 4443 4494
4 4494 4443 2179 4493
4 3415 4494 4493 2228
4 2226 4329 4496 3866
4 4329 2163 4122 4496
4 4496 4122 2290 4495
4 3866 4496 4495 2345
4 2362 4497 4499 4408
4 4497 2460 4498 4499
4 4499 4498 2352 4368
4 4408 4499 4368 2246
4 2149 4201 4501 4040
4 4201 2122 4500 4501
4 4501 4500 2178 3651
4 4040 4501 3651 2257
4 2209 4265 4503 3518
4 4265 2210 4502 4503
4 4503 4502 2255 3859
4 3518 4503 3859 2335
4 2425 4504 4507 4101
4 4504 2473 4505 4507
4 4507 4505 2528 4506
4 4101 4507 4506 2501
4 1676 4508 4510 3965
4 4508 1801 4509 4510
4 4510 4509 1683 3961
4 3965 4510 3961 1719
4 2037 4511 4513 4512
4 4511 2168 3850 4513
4 4513 3850 2292 4008
4 4512 4513 4008 2188
4 2135 4514 4515 3811
4 4514 1929 4438 4515
4 4515 4438 2008 4151
4 3811 4515 4151 2071
4 2060 4516 4520 4519
4 4516 2143 4517 4520
4 4520 4517 1993 4518
4 4519 4520 4518 1890
4 2462 4521 4524 4410
4 4521 2555 4522 4524
4 4524 4522 2507 4523
4 4410 4524 4523 2362
4 2377 4230 4528 4527
4 4230 2544 4525 4528
4 4528 4525 2500 4526
4 4527 4528 4526 2424
4 1671 3238 4530 3541
4 3238 1768 4165 4530
4 4530 4165 1828 4529
4 3541 4530 4529 1727
4 2366 4531 4533 4153
4 4531 2540 4532 4533
4 4533 4532 2473 4504
4 4153 4533 4504 2425
4 2507 4534 4536 4523
4 4534 2545 4535 4536
4 4536 4535 2460 4497
4 4523 4536 4497 2362
4 1853 4537 4539 4356
4 4537 1852 4538 4539
4 4539 4538 1760 4281
4 4356 4539 4281 1687
4 2611 4540 4542 4541
4 4540 2673 4273 4542
4 4542 4273 2740 4312
4 4541 4542 4312 2682
4 2352 4498 4544 4384
4 4498 2460 4543 4544
4 4544 4543 2379 4398
4 4384 4544 4398 2259
4 1791 4237 4545 3227
4 4237 1878 4339 4545
4 4545 4339 1729 3634
4 3227 4545 3634 1711
4 504 4546 4548 505
4 4546 1753 4547 4548
4 4548 4547 1681 3063
4 505 4548 3063 506
4 2574 4549 4553 4552
4 4549 2551 4550 4553
4 4553 4550 2503 4551
4 4552 4553 4551 2526
4 2644 4554 4558 4557
4 4554 2695 4555 4558
4 4558 4555 2561 4556
4 4557 4558 4556 2622
4 1670 3245 4560 3568
4 3245 1766 4250 4560
4 4560 4250 1827 4559
4 3568 4560 4559 1734
4 2329 3773 4561 3915
4 3773 2255 4502 4561
4 4561 4502 2210 4333
4 3915 4561 4333 2110
4 2552 4562 4565 4462
4 4562 2638 4563 4565
4 4565 4563 2564 4564
4 4462 4565 4564 2470
4 1906 4193 4569 4568
4 4193 2002 4566 4569
4 4569 4566 2039 4567
4 4568 4569 4567 2140
4 2070 4570 4572 4571
4 4570 1922 4215 4572
4 4572 4215 2003 3908
4 4571 4572 3908 2150
4 2228 4493 4574 4573
4 4493 2179 3669 4574
4 4574 3669 2113 3298
4 4573 4574 3298 2157
4 2628 4144 4576 3526
4 4144 2629 4575 4576
4 4576 4575 2655 3606
4 3526 4576 3606 2700
4 2331 4577 4578 4457
4 4577 2377 4527 4578
4 4578 4527 2424 4295
4 4457 4578 4295 2395
4 1668 4579 4581 3754
4 4579 1850 4580 4581
4 4581 4580 1824 4484
4 3754 4581 4484 1761
4 2285 3416 4583 3871
4 3416 2228 4573 4583
4 4583 4573 2157 4582
4 3871 4583 4582 2169
4 2020 3495 4584 4366
4 3495 1900 4388 4584
4 4584 4388 1976 3144
4 4366 4584 3144 2092
4 2695 4585 4586 4555
4 4585 2655 4575 4586
4 4586 4575 2629 4258
4 4555 4586 4258 2561
4 2178 4587 4588 3652
4 4587 2272 4141 4588
4 4588 4141 2372 4358
4 3652 4588 4358 2305
4 1972 3720 4590 4138
4 3720 2085 4589 4590
4 4590 4589 2230 4385
4 4138 4590 4385 2125
4 2477 4591 4595 4594
4 4591 2635 4592 4595
4 4595 4592 2572 4593
4 4594 4595 4593 2540
4 2846 4596 4599 4598
4 4596 2872 2885 4599
4 4599 2885 2880 4597
4 4598 4599 4597 2861
4 1850 4579 4600 4214
4 4579 1668 3022 4600
4 4600 3022 1689 3790
4 4214 4600 3790 1732
4 2252 4240 4601 4394
4 4240 2444 4231 4601
4 4601 4231 2377 4577
4 4394 4601 4577 2331
4 2545 4602 4606 4605
4 4602 2632 4603 4606
4 4606 4603 2563 4604
4 4605 4606 4604 2476
4 2330 4607 4608 4298
4 4607 2214 4448 4608
4 4608 4448 2275 4458
4 4298 4608 4458 2395
4 2283 4445 4610 3992
4 4445 2282 3997 4610
4 4610 3997 2337 4609
4 3992 4610 4609 2397
4 2572 4611 4615 4614
4 4611 2704 4612 4615
4 4615 4612 2652 4613
4 4614 4615 4613 2625
4 1727 4529 4617 3974
4 4529 1828 4616 4617
4 4617 4616 1904 4028
4 3974 4617 4028 1807
4 2567 4618 4622 4621
4 4618 2585 4619 4622
4 4622 4619 2538 4620
4 4621 4622 4620 2471
4 1970 4075 4624 4623
4 4075 2094 4330 4624
4 4624 4330 2226 3865
4 4623 4624 3865 2124
4 1920 4625 4627 4016
4 4625 1996 4626 4627
4 4627 4626 1884 3767
4 4016 4627 3767 1830
4 1996 4625 4629 4628
4 4625 1920 3971 4629
4 4629 3971 1829 4346
4 4628 4629 4346 1927
4 1979 4343 4632 3748
4 4343 2001 4630 4632
4 4632 4630 2068 4631
4 3748 4632 4631 2152
4 2153 4633 4635 4634
4 4633 2040 3531 4635
4 4635 3531 1892 3254
4 4634 4635 3254 1980
4 2235 4636 4639 4638
4 4636 2294 4637 4639
4 4639 4637 2404 3591
4 4638 4639 3591 2351
4 2555 4640 4643 4522
4 4640 2640 4641 4643
4 4643 4641 2592 4642
4 4522 4643 4642 2507
4 2169 4582 4644 4491
4 4582 2157 3297 4644
4 4644 3297 1968 3892
4 4491 4644 3892 2055
4 2022 4085 4647 4646
4 4085 2093 4645 4647
4 4647 4645 2229 4303
4 4646 4647 4303 2107
4 2397 4609 4650 4649
4 4609 2337 4070 4650
4 4650 4070 2450 4648
4 4649 4650 4648 2512
4 1734 4559 4652 4026
4 4559 1827 4651 4652
4 4652 4651 1899 4036
4 4026 4652 4036 1809
4 2075 4653 4657 4656
4 4653 2142 4654 4657
4 4657 4654 2139 4655
4 4656 4657 4655 2062
4 2592 4658 4659 4642
4 4658 2632 4602 4659
4 4659 4602 2545 4534
4 4642 4659 4534 2507
4 2540 4531 4661 4594
4 4531 2366 4341 4661
4 4661 4341 2447 4660
4 4594 4661 4660 2477
4 2459 4662 4666 4665
4 4662 2353 4663 4666
4 4666 4663 2250 4664
4 4665 4666 4664 2368
4 2038 4667 4669 4668
4 4667 1962 4427 4669
4 4669 4427 2009 4390
4 4668 4669 4390 2148
4 1811 3854 4671 4670
4 3854 1947 4227 4671
4 4671 4227 2088 3921
4 4670 4671 3921 1966
4 2275 4447 4672 4459
4 4447 2147 3944 4672
4 4672 3944 2121 4078
4 4459 4672 4078 2208
4 1822 4094 4675 4674
4 4094 1858 4673 4675
4 4675 4673 1896 3317
4 4674 4675 3317 2010
4 2521 4676 4679 4678
4 4676 2593 4404 4679
4 4679 4404 2509 4677
4 4678 4679 4677 2417
4 1686 3051 4681 3798
4 3051 1656 4680 4681
4 4681 4680 1855 3878
4 3798 4681 3878 1741
4 2482 4682 4686 4685
4 4682 2548 4683 4686
4 4686 4683 2465 4684
4 4685 4686 4684 2361
4 1838 4067 4688 4687
4 4067 1948 4487 4688
4 4688 4487 2090 4112
4 4687 4688 4112 2024
4 2493 4689 4692 4691
4 4689 2420 4690 4692
4 4692 4690 2429 3700
4 4691 4692 3700 2486
4 2638 4417 4695 4563
4 4417 2707 4693 4695
4 4695 4693 2647 4694
4 4563 4695 4694 2564
4 2374 4252 4697 3987
4 4252 2390 4696 4697
4 4697 4696 2422 3459
4 3987 4697 3459 2489
4 2140 4698 4699 4568
4 4698 2068 4630 4699
4 4699 4630 2001 4220
4 4568 4699 4220 1906
4 2005 4337 4701 4072
4 4337 1878 4238 4701
4 4701 4238 1875 4700
4 4072 4701 4700 1886
4 2470 4702 4704 4463
4 4702 2555 4521 4704
4 4704 4521 2462 4703
4 4463 4704 4703 2381
4 1995 4705 4707 4706
4 4705 1919 4023 4707
4 4707 4023 1823 4437
4 4706 4707 4437 1929
4 1919 4705 4709 4164
4 4705 1995 4708 4709
4 4709 4708 1904 4616
4 4164 4709 4616 1828
4 2106 4300 4712 3467
4 4300 2206 4710 4712
4 4712 4710 2263 4711
4 3467 4712 4711 2336
4 2153 4713 4717 4716
4 4713 2072 4714 4717
4 4717 4714 2217 4715
4 4716 4717 4715 2278
4 2000 4718 4719 3881
4 4718 1896 4673 4719
4 4719 4673 1858 3799
4 3881 4719 3799 1741
4 2479 4206 4722 4721
4 4206 2538 4619 4722
4 4722 4619 2585 4720
4 4721 4722 4720 2623
4 2632 4723 4726 4603
4 4723 2703 4724 4726
4 4726 4724 2645 4725
4 4603 4726 4725 2563
4 1726 3511 4728 3958
4 3511 1838 4687 4728
4 4728 4687 2024 4727
4 3958 4728 4727 1885
4 2656 4729 4733 4732
4 4729 2635 4730 4733
4 4733 4730 2574 4731
4 4732 4733 4731 2614
4 2274 4734 4737 4736
4 4734 2193 4735 4737
4 4737 4735 2152 4631
4 4736 4737 4631 2068
4 2141 4738 4740 4739
4 4738 2039 4566 4740
4 4740 4566 2002 3768
4 4739 4740 3768 1884
4 2440 4741 4745 4744
4 4741 2399 4742 4745
4 4745 4742 2498 4743
4 4744 4745 4743 2535
4 1757 4746 4749 4748
4 4746 1825 4747 4749
4 4749 4747 1890 4518
4 4748 4749 4518 1993
4 2585 4618 4753 4752
4 4618 2567 4750 4753
4 4753 4750 2607 4751
4 4752 4753 4751 2666
4 2668 4754 4758 4757
4 4754 2687 4755 4758
4 4758 4755 2696 4756
4 4757 4758 4756 2631
4 2510 4759 4762 4761
4 4759 2453 4760 4762
4 4762 4760 2547 4262
4 4761 4762 4262 2575
4 2603 4763 4767 4766
4 4763 2660 4764 4767
4 4767 4764 2594 4765
4 4766 4767 4765 2517
4 2672 4768 4770 4769
4 4768 2703 4723 4770
4 4770 4723 2632 4658
4 4769 4770 4658 2592
4 2399 4771 4774 4742
4 4771 2308 4772 4774
4 4774 4772 2443 4773
4 4742 4774 4773 2498
4 2161 3806 4777 4776
4 3806 2287 4775 4777
4 4777 4775 2187 4058
4 4776 4777 4058 2051
4 2038 4778 4782 4781
4 4778 2207 4779 4782
4 4782 4779 2177 4780
4 4781 4782 4780 2142
4 2290 4121 4786 4785
4 4121 2223 4783 4786
4 4786 4783 2346 4784
4 4785 4786 4784 2405
4 1852 4473 4787 4538
4 4473 1855 4680 4787
4 4787 4680 1656 3764
4 4538 4787 3764 1760
4 1962 4667 4788 4177
4 4667 2038 4781 4788
4 4788 4781 2142 4653
4 4177 4788 4653 2075
4 2564 4789 4790 4564
4 4789 2640 4640 4790
4 4790 4640 2555 4702
4 4564 4790 4702 2470
4 2463 4791 4793 3994
4 4791 2398 3471 4793
4 4793 3471 2300 4792
4 3994 4793 4792 2356
4 2217 4794 4798 4797
4 4794 2120 4795 4798
4 4798 4795 2286 4796
4 4797 4798 4796 2339
4 2207 4778 4801 4800
4 4778 2038 4668 4801
4 4801 4668 2148 4799
4 4800 4801 4799 2279
4 2494 4802 4803 4361
4 4802 2422 4696 4803
4 4803 4696 2390 3653
4 4361 4803 3653 2305
4 2640 4804 4806 4641
4 4804 2708 4805 4806
4 4806 4805 2672 4769
4 4641 4806 4769 2592
4 1816 4481 4809 4808
4 4481 1950 3582 4809
4 4809 3582 2089 4807
4 4808 4809 4807 1983
4 2405 4784 4812 4811
4 4784 2346 4810 4812
4 4812 4810 2453 4759
4 4811 4812 4759 2510
4 1859 3692 4815 3731
4 3692 1826 4813 4815
4 4815 4813 1977 4814
4 3731 4815 4814 1887
4 2587 4816 4818 4479
4 4816 2668 4757 4818
4 4818 4757 2631 4817
4 4479 4818 4817 2541
4 2473 4819 4822 4505
4 4819 2625 4820 4822
4 4822 4820 2566 4821
4 4505 4822 4821 2528
4 2214 4607 4824 4392
4 4607 2330 4823 4824
4 4824 4823 2279 4799
4 4392 4824 4799 2148
4 1663 3008 4826 4091
4 3008 1683 4509 4826
4 4826 4509 1801 4825
4 4091 4826 4825 1800
4 2551 4549 4828 4827
4 4549 2574 4730 4828
4 4828 4730 2635 4591
4 4827 4828 4591 2477
4 2280 3468 4830 4413
4 3468 2336 4829 4830
4 4830 4829 2373 3642
4 4413 4830 3642 2309
4 2325 4142 4833 3724
4 4142 2272 4831 4833
4 4833 4831 2211 4832
4 3724 4833 4832 2111
4 1837 3846 4837 4836
4 3846 1946 4834 4837
4 4837 4834 2095 4835
4 4836 4837 4835 2028
4 2625 4819 4838 4614
4 4819 2473 4532 4838
4 4838 4532 2540 4593
4 4614 4838 4593 2572
4 2493 4839 4842 4689
4 4839 2531 4840 4842
4 4842 4840 2360 4841
4 4689 4842 4841 2420
4 1866 4843 4844 3338
4 4843 1801 4508 4844
4 4844 4508 1676 3140
4 3338 4844 3140 1772
4 2501 4506 4847 4232
4 4506 2528 4845 4847
4 4847 4845 2573 4846
4 4232 4847 4846 2544
4 1851 4848 4851 4850
4 4848 1684 3065 4851
4 4851 3065 1685 4849
4 4850 4851 4849 1757
4 2288 4852 4855 4854
4 4852 2182 3473 4855
4 4855 3473 2313 4853
4 4854 4855 4853 2386
4 2670 4856 4859 4858
4 4856 2586 4857 4859
4 4859 4857 2631 4756
4 4858 4859 4756 2696
4 2647 4860 4861 4694
4 4860 2708 4804 4861
4 4861 4804 2640 4789
4 4694 4861 4789 2564
4 2068 4698 4864 4736
4 4698 2140 4862 4864
4 4864 4862 2192 4863
4 4736 4864 4863 2274
4 2270 4865 4867 4866
4 4865 2192 4862 4867
4 4867 4862 2140 4567
4 4866 4867 4567 2039
4 1980 4217 4869 4634
4 4217 2007 4868 4869
4 4869 4868 2072 4713
4 4634 4869 4713 2153
4 2039 4738 4872 4866
4 4738 2141 4870 4872
4 4872 4870 2185 4871
4 4866 4872 4871 2270
4 2848 4873 4875 4162
4 4873 2811 4874 4875
4 4875 4874 2831 3462
4 4162 4875 3462 2860
4 2287 4148 4877 4775
4 4148 2400 4876 4877
4 4877 4876 2311 3905
4 4775 4877 3905 2187
4 2042 3745 4878 4332
4 3745 2152 4735 4878
4 4878 4735 2193 3913
4 4332 4878 3913 2110
4 1757 4748 4881 4850
4 4748 1993 4879 4881
4 4881 4879 1915 4880
4 4850 4881 4880 1851
4 630 4882 4884 629
4 4882 1756 4883 4884
4 4884 4883 1692 2973
4 629 4884 2973 628
4 2164 4059 4888 4887
4 4059 2293 4885 4888
4 4888 4885 2227 4886
4 4887 4888 4886 2091
4 2550 4889 4893 4892
4 4889 2455 4890 4893
4 4893 4890 2456 4891
4 4892 4893 4891 2468
4 2278 4715 4896 4895
4 4715 2217 4797 4896
4 4896 4797 2339 4894
4 4895 4896 4894 2392
4 2312 4897 4899 4010
4 4897 2404 4637 4899
4 4899 4637 2294 4898
4 4010 4899 4898 2188
4 2785 3673 4902 4901
4 3673 2831 4874 4902
4 4902 4874 2811 4900
4 4901 4902 4900 2764
4 2544 4846 4904 4525
4 4846 2573 4903 4904
4 4904 4903 2587 4478
4 4525 4904 4478 2500
4 2764 4905 4907 4901
4 4905 2710 4906 4907
4 4907 4906 2736 3342
4 4901 4907 3342 2785
4 1714 3667 4910 3690
4 3667 1797 4908 4910
4 4910 4908 1847 4909
4 3690 4910 4909 1796
4 2391 4169 4912 4911
4 4169 2373 4829 4912
4 4912 4829 2336 4711
4 4911 4912 4711 2263
4 2233 4913 4917 4916
4 4913 2099 4914 4917
4 4917 4914 1963 4915
4 4916 4917 4915 2115
4 2528 4821 4920 4845
4 4821 2566 4918 4920
4 4920 4918 2626 4919
4 4845 4920 4919 2573
4 2563 4921 4924 4604
4 4921 2633 4922 4924
4 4924 4922 2553 4923
4 4604 4924 4923 2476
4 1994 4925 4927 4179
4 4925 1925 3837 4927
4 4927 3837 1862 4926
4 4179 4927 4926 1905
4 1905 4926 4928 4428
4 4926 1862 3703 4928
4 4928 3703 1730 3887
4 4428 4928 3887 1808
4 2455 4889 4932 4931
4 4889 2550 4929 4932
4 4932 4929 2511 4930
4 4931 4932 4930 2368
4 2417 4677 4933 3900
4 4677 2509 3592 4933
4 4933 3592 2404 4897
4 3900 4933 4897 2312
4 2073 4934 4937 4936
4 4934 2072 4868 4937
4 4937 4868 2007 4935
4 4936 4937 4935 1940
4 2789 4938 4942 4941
4 4938 2726 4939 4942
4 4942 4939 2771 4940
4 4941 4942 4940 2816
4 2389 4943 4945 4944
4 4943 2279 4823 4945
4 4945 4823 2330 4297
4 4944 4945 4297 2442
4 2552 4946 4947 4562
4 4946 2510 4761 4947
4 4947 4761 2575 4415
4 4562 4947 4415 2638
4 2586 4948 4950 4857
4 4948 2527 4949 4950
4 4950 4949 2541 4817
4 4857 4950 4817 2631
4 2543 4047 4954 4953
4 4047 2671 4951 4954
4 4954 4951 2612 4952
4 4953 4954 4952 2569
4 2655 4585 4956 3607
4 4585 2695 4955 4956
4 4956 4955 2715 4278
4 3607 4956 4278 2737
4 2339 4796 4959 4958
4 4796 2286 4957 4959
4 4959 4957 2399 4741
4 4958 4959 4741 2440
4 2671 3524 4961 4951
4 3524 2736 4906 4961
4 4961 4906 2710 4960
4 4951 4961 4960 2612
4 2478 4962 4963 4477
4 4962 2442 4296 4963
4 4963 4296 2424 4526
4 4477 4963 4526 2500
4 2286 4964 4966 4957
4 4964 2183 4965 4966
4 4966 4965 2308 4771
4 4957 4966 4771 2399
4 2635 4729 4968 4592
4 4729 2656 4967 4968
4 4968 4967 2704 4611
4 4592 4968 4611 2572
4 2551 4827 4970 4969
4 4827 2477 4660 4970
4 4970 4660 2447 4184
4 4969 4970 4184 2370
4 1885 4727 4972 4971
4 4727 2024 4114 4972
4 4972 4114 2168 4511
4 4971 4972 4511 2037
4 2353 4973 4975 4663
4 4973 2233 4916 4975
4 4975 4916 2115 4974
4 4663 4975 4974 2250
4 1925 4925 4977 3622
4 4925 1994 4976 4977
4 4977 4976 1977 4813
4 3622 4977 4813 1826
4 2293 3906 4980 4885
4 3906 2403 4978 4980
4 4980 4978 2349 4979
4 4885 4980 4979 2227
4 2345 4495 4982 4433
4 4495 2290 4785 4982
4 4982 4785 2405 4981
4 4433 4982 4981 2457
4 2247 4983 4986 4985
4 4983 2177 4779 4986
4 4986 4779 2207 4984
4 4985 4986 4984 2333
4 2645 4987 4988 4725
4 4987 2705 4080 4988
4 4988 4080 2633 4921
4 4725 4988 4921 2563
4 1857 4468 4990 4218
4 4468 1739 4989 4990
4 4990 4989 1940 4935
4 4218 4990 4935 2007
4 591 4991 4993 590
4 4991 1682 4992 4993
4 4993 4992 1775 4430
4 590 4993 4430 589
4 2250 4974 4996 4995
4 4974 2115 4994 4996
4 4996 4994 2227 4979
4 4995 4996 4979 2349
4 2457 4981 4997 4461
4 4981 2405 4811 4997
4 4997 4811 2510 4946
4 4461 4997 4946 2552
4 1836 3710 4999 4375
4 3710 1876 4998 4999
4 4999 4998 2025 4021
4 4375 4999 4021 1944
4 2634 5000 5003 5002
4 5000 2550 4892 5003
4 5003 4892 2468 5001
4 5002 5003 5001 2594
4 2260 5004 5006 3868
4 5004 2354 4304 5006
4 5006 4304 2229 5005
4 3868 5006 5005 2124
4 2387 5007 5010 5009
4 5007 2327 5008 5010
4 5010 5008 2274 4863
4 5009 5010 4863 2192
4 2122 4000 5011 4500
4 4000 2211 4831 5011
4 5011 4831 2272 4587
4 4500 5011 4587 2178
4 2718 5012 5014 5013
4 5012 2766 4271 5014
4 5014 4271 2705 4987
4 5013 5014 4987 2645
4 2652 5015 5019 5018
4 5015 2761 5016 5019
4 5019 5016 2721 5017
4 5018 5019 5017 2697
4 2442 4962 5022 4944
4 4962 2478 5020 5022
4 5022 5020 2496 5021
4 4944 5022 5021 2389
4 2192 4865 5025 5009
4 4865 2270 5023 5025
4 5025 5023 2326 5024
4 5009 5025 5024 2387
4 2193 4734 5026 3914
4 4734 2274 5008 5026
4 5026 5008 2327 4210
4 3914 5026 4210 2248
4 2790 5027 5031 5030
4 5027 2814 5028 5031
4 5031 5028 2768 5029
4 5030 5031 5029 2722
4 2816 5032 5035 4941
4 5032 2850 5033 5035
4 5035 5033 2837 5034
4 4941 5035 5034 2789
4 1738 5036 5038 5037
4 5036 1649 3036 5038
4 5038 3036 1684 4848
4 5037 5038 4848 1851
4 2747 5039 5043 5042
4 5039 2792 5040 5043
4 5043 5040 2744 5041
4 5042 5043 5041 2684
4 2051 4401 5044 4776
4 4401 1907 4338 5044
4 5044 4338 2005 4073
4 4776 5044 4073 2161
4 2040 4633 5046 3370
4 4633 2153 4716 5046
4 5046 4716 2278 5045
4 3370 5046 5045 2184
4 2188 4898 5049 4512
4 4898 2294 5047 5049
4 5049 5047 2127 5048
4 4512 5049 5048 2037
4 2461 5050 5053 5052
4 5050 2554 5051 5053
4 5053 5051 2482 4685
4 5052 5053 4685 2361
4 2697 5054 5055 5018
4 5054 2566 4820 5055
4 5055 4820 2625 4613
4 5018 5055 4613 2652
4 2023 4400 5058 5057
4 4400 2164 4887 5058
4 5058 4887 2091 5056
4 5057 5058 5056 1931
4 2368 4664 5060 4931
4 4664 2250 4995 5060
4 5060 4995 2349 5059
4 4931 5060 5059 2455
4 1896 4718 5063 3314
4 4718 2000 5061 5063
4 5063 5061 2047 5062
4 3314 5063 5062 2154
4 2310 5064 5065 4246
4 5064 2326 5023 5065
4 5065 5023 2270 4871
4 4246 5065 4871 2185
4 2243 5066 5068 5067
4 5066 2351 3594 5068
4 5068 3594 2454 4454
4 5067 5068 4454 2380
4 2630 5069 5073 5072
4 5069 2584 5070 5073
4 5073 5070 2590 5071
4 5072 5073 5071 2667
4 2072 4934 5075 4714
4 4934 2073 5074 5075
4 5075 5074 2120 4794
4 4714 5075 4794 2217
4 1983 5076 5078 4808
4 5076 2029 5077 5078
4 5078 5077 1937 3792
4 4808 5078 3792 1816
4 2626 5079 5082 5081
4 5079 2646 5080 5082
4 5082 5080 2687 4754
4 5081 5082 4754 2668
4 2107 4370 5083 4646
4 4370 2230 4589 5083
4 5083 4589 2085 3741
4 4646 5083 3741 2022
4 1852 4537 5086 4474
4 4537 1853 5084 5086
4 5086 5084 1903 5085
4 4474 5086 5085 1998
4 2422 4802 5088 3456
4 4802 2494 5087 5088
4 5088 5087 2519 4013
4 3456 5088 4013 2588
4 2126 5089 5092 5091
4 5089 2231 5090 5092
4 5092 5090 2097 4019
4 5091 5092 4019 2056
4 1939 5093 5095 5094
4 5093 1940 4989 5095
4 5095 4989 1739 4293
4 5094 5095 4293 1848
4 2850 5096 5099 5033
4 5096 2871 5097 5099
4 5099 5097 2864 5098
4 5033 5099 5098 2837
4 2451 5100 5104 5103
4 5100 2449 5101 5104
4 5104 5101 2378 5102
4 5103 5104 5102 2406
4 2177 4983 5108 5107
4 4983 2247 5105 5108
4 5108 5105 2328 5106
4 5107 5108 5106 2271
4 2279 4943 5110 4800
4 4943 2389 5109 5110
4 5110 5109 2333 4984
4 4800 5110 4984 2207
4 2503 4550 5112 5111
4 4550 2551 4969 5112
4 5112 4969 2370 3698
4 5111 5112 3698 2458
4 502 3037 5114 503
4 3037 1649 5113 5114
4 5114 5113 1753 4546
4 503 5114 4546 504
4 2271 5115 5116 5107
4 5115 2139 4654 5116
4 5116 4654 2142 4780
4 5107 5116 4780 2177
4 2124 5005 5117 4623
4 5005 2229 4645 5117
4 5117 4645 2093 3685
4 4623 5117 3685 1970
4 1966 5118 5119 4670
4 5118 2095 4834 5119
4 5119 4834 1946 3890
4 4670 5119 3890 1811
4 1801 4843 5122 4825
4 4843 1866 5120 5122
4 5122 5120 1951 5121
4 4825 5122 5121 1800
4 2406 5102 5124 5123
4 5102 2378 3417 5124
4 5124 3417 2285 3870
4 5123 5124 3870 2342
4 1876 4092 5125 4998
4 4092 1800 5121 5125
4 5125 5121 1951 3550
4 4998 5125 3550 2025
4 2070 5126 5130 5129
4 5126 2205 5127 5130
4 5130 5127 2195 5128
4 5129 5130 5128 2166
4 2028 5131 5133 4836
4 5131 2026 5132 5133
4 5133 5132 1942 4223
4 4836 5133 4223 1837
4 2379 4543 5135 5134
4 4543 2460 4535 5135
4 5135 4535 2545 4605
4 5134 5135 4605 2476
4 2381 4703 5136 4435
4 4703 2462 4409 5136
4 5136 4409 2354 5004
4 4435 5136 5004 2260
4 2326 5064 5140 5139
4 5064 2310 5137 5140
4 5140 5137 2360 5138
4 5139 5140 5138 2435
4 2871 5141 5144 5097
4 5141 2881 5142 5144
4 5144 5142 2879 5143
4 5097 5144 5143 2864
4 2668 4816 5145 5081
4 4816 2587 4903 5145
4 5145 4903 2573 4919
4 5081 5145 4919 2626
4 1847 5146 5148 4909
4 5146 1818 5147 5148
4 5148 5147 1648 3323
4 4909 5148 3323 1796
4 2247 5149 5152 5105
4 5149 2376 5150 5152
4 5152 5150 2441 5151
4 5105 5152 5151 2328
4 2809 5153 5157 5156
4 5153 2823 5154 5157
4 5157 5154 2830 5155
4 5156 5157 5155 2784
4 2327 5007 5159 4211
4 5007 2387 5158 5159
4 5159 5158 2434 4207
4 4211 5159 4207 2445
4 2605 5160 5163 5162
4 5160 2562 5161 5163
4 5163 5161 2586 4856
4 5162 5163 4856 2670
4 2455 5059 5164 4890
4 5059 2349 4978 5164
4 5164 4978 2403 3664
4 4890 5164 3664 2456
4 2438 5165 5167 5166
4 5165 2333 5109 5167
4 5167 5109 2389 5021
4 5166 5167 5021 2496
4 1922 4570 5170 5169
4 4570 2070 5129 5170
4 5170 5129 2166 5168
4 5169 5170 5168 1988
4 2562 5160 5174 5173
4 5160 2605 5171 5174
4 5174 5171 2654 5172
4 5173 5174 5172 2624
4 2435 5175 5176 5139
4 5175 2434 5158 5176
4 5176 5158 2387 5024
4 5139 5176 5024 2326
4 2449 5177 5178 5101
4 5177 2458 3697 5178
4 5178 3697 2341 3418
4 5101 5178 3418 2378
4 2505 5179 5181 5180
4 5179 2503 5111 5181
4 5181 5111 2458 5177
4 5180 5181 5177 2449
4 2803 5182 5186 5185
4 5182 2775 5183 5186
4 5186 5183 2787 5184
4 5185 5186 5184 2835
4 2231 3627 5187 5090
4 3627 2118 3145 5187
4 5187 3145 1976 4387
4 5090 5187 4387 2097
4 2685 5188 5191 5190
4 5188 2605 5162 5191
4 5191 5162 2670 5189
4 5190 5191 5189 2738
4 1912 5192 5193 3327
4 5192 1877 4088 5193
4 5193 4088 1942 5132
4 3327 5193 5132 2026
4 2566 5054 5195 4918
4 5054 2697 5194 5195
4 5195 5194 2646 5079
4 4918 5195 5079 2626
4 1827 4249 5197 4651
4 4249 1918 5196 5197
4 5197 5196 2011 3927
4 4651 5197 3927 1899
4 2745 5198 5201 5200
4 5198 2683 5199 5201
4 5201 5199 2726 4938
4 5200 5201 4938 2789
4 2724 5202 5205 5204
4 5202 2704 4967 5205
4 5205 4967 2656 5203
4 5204 5205 5203 2691
4 2799 5206 5208 5207
4 5206 2745 5200 5208
4 5208 5200 2789 5034
4 5207 5208 5034 2837
4 2139 5115 5211 5210
4 5115 2271 5209 5211
4 5211 5209 2269 4320
4 5210 5211 4320 2202
4 2091 4886 5213 5212
4 4886 2227 4994 5213
4 5213 4994 2115 4915
4 5212 5213 4915 1963
4 2758 5214 5216 5215
4 5214 2715 4955 5216
4 5216 4955 2695 4554
4 5215 5216 4554 2644
4 2775 5182 5219 5218
4 5182 2803 5217 5219
4 5219 5217 2823 5153
4 5218 5219 5153 2809
4 2704 5202 5221 4612
4 5202 2724 5220 5221
4 5221 5220 2761 5015
4 4612 5221 5015 2652
4 2333 5165 5223 4985
4 5165 2438 5222 5223
4 5223 5222 2376 5149
4 4985 5223 5149 2247
4 2010 3783 5224 4674
4 3783 2011 5196 5224
4 5224 5196 1918 4196
4 4674 5224 4196 1822
4 2841 5225 5227 5226
4 5225 2799 5207 5227
4 5227 5207 2837 5098
4 5226 5227 5098 2864
4 2550 5000 5230 4929
4 5000 2634 5228 5230
4 5230 5228 2600 5229
4 4929 5230 5229 2511
4 2527 5231 5232 4949
4 5231 2496 5020 5232
4 5232 5020 2478 4476
4 4949 5232 4476 2541
4 1937 5077 5233 3503
4 5077 2029 3587 5233
4 5233 3587 1886 4700
4 3503 5233 4700 1875
4 2137 5234 5236 4489
4 5234 2066 5235 5236
4 5236 5235 1996 4628
4 4489 5236 4628 1927
4 2605 5188 5239 5171
4 5188 2685 5237 5239
4 5239 5237 2735 5238
4 5171 5239 5238 2654
4 2532 5240 5242 4064
4 5240 2480 5241 5242
4 5242 5241 2439 3831
4 4064 5242 3831 2365
4 2258 5243 5245 5244
4 5243 2195 5127 5245
4 5245 5127 2205 3929
4 5244 5245 3929 2315
4 1884 4626 5247 4739
4 4626 1996 5235 5247
4 5247 5235 2066 5246
4 4739 5247 5246 2141
4 2120 5248 5250 4795
4 5248 2144 5249 5250
4 5250 5249 2183 4964
4 4795 5250 4964 2286
4 2144 5248 5253 5252
4 5248 2120 5074 5253
4 5253 5074 2073 5251
4 5252 5253 5251 1999
4 2363 5254 5257 5256
4 5254 2324 5255 5257
4 5257 5255 2328 5151
4 5256 5257 5151 2441
4 2402 4131 5260 3898
4 4131 2452 5258 5260
4 5260 5258 2553 5259
4 3898 5260 5259 2481
4 2619 5261 5263 4234
4 5261 2675 5262 5263
4 5263 5262 2649 4317
4 4234 5263 4317 2608
4 2184 5045 5265 3998
4 5045 2278 4895 5265
4 5265 4895 2392 5264
4 3998 5265 5264 2306
4 1963 5266 5268 5212
4 5266 1893 5267 5268
4 5268 5267 1931 5056
4 5212 5268 5056 2091
4 2367 3771 5269 4106
4 3771 2439 5241 5269
4 5269 5241 2480 4049
4 4106 5269 4049 2421
4 2496 5231 5272 5166
4 5231 2527 5270 5272
4 5272 5270 2536 5271
4 5166 5272 5271 2438
4 2197 5273 5277 5276
4 5273 2355 5274 5277
4 5277 5274 2301 5275
4 5276 5277 5275 2134
4 2037 5048 5279 4971
4 5048 2127 5278 5279
4 5279 5278 1984 3956
4 4971 5279 3956 1885
4 1738 5037 5282 5281
4 5037 1851 4880 5282
4 5282 4880 1915 5280
4 5281 5282 5280 1997
4 2469 5283 5285 5284
4 5283 2376 5222 5285
4 5285 5222 2438 5271
4 5284 5285 5271 2536
4 2803 5286 5288 5217
4 5286 2846 4598 5288
4 5288 4598 2861 5287
4 5217 5288 5287 2823
4 1940 5093 5290 4936
4 5093 1939 5289 5290
4 5290 5289 1999 5251
4 4936 5290 5251 2073
4 1931 5291 5292 5057
4 5291 1797 3666 5292
4 5292 3666 1856 4174
4 5057 5292 4174 2023
4 2696 5293 5295 4858
4 5293 2757 5294 5295
4 5295 5294 2738 5189
4 4858 5295 5189 2670
4 2576 5296 5298 4118
4 5296 2643 5297 5298
4 5298 5297 2675 5261
4 4118 5298 5261 2619
4 2423 5299 5302 5301
4 5299 2440 4744 5302
4 5302 4744 2535 5300
4 5301 5302 5300 2472
4 2065 5303 5305 4440
4 5303 1978 5304 5305
4 5305 5304 1930 3548
4 4440 5305 3548 1821
4 1866 3337 5306 5120
4 3337 1930 5304 5306
4 5306 5304 1978 3551
4 5120 5306 3551 1951
4 2434 5175 5308 4208
4 5175 2435 5307 5308
4 5308 5307 2471 4620
4 4208 5308 4620 2538
4 2099 5309 5311 4914
4 5309 1992 5310 5311
4 5311 5310 1893 5266
4 4914 5311 5266 1963
4 1912 3326 5315 5314
4 3326 2102 5312 5315
4 5315 5312 2032 5313
4 5314 5315 5313 1913
4 2324 5316 5317 5255
4 5316 2269 5209 5317
4 5317 5209 2271 5106
4 5255 5317 5106 2328
4 2841 5226 5320 5319
4 5226 2864 5143 5320
4 5320 5143 2879 5318
4 5319 5320 5318 2873
4 2531 5321 5322 4840
4 5321 2471 5307 5322
4 5322 5307 2435 5138
4 4840 5322 5138 2360
4 2757 5293 5325 5324
4 5293 2696 4755 5325
4 5325 4755 2687 5323
4 5324 5325 5323 2717
4 1747 5326 5330 5329
4 5326 1910 5327 5330
4 5330 5327 1990 5328
4 5329 5330 5328 1820
4 2028 5331 5333 5131
4 5331 2049 5332 5333
4 5333 5332 2160 3328
4 5131 5333 3328 2026
4 2682 5334 5337 4541
4 5334 2741 5335 5337
4 5337 5335 2676 5336
4 4541 5337 5336 2611
4 2624 5172 5340 5339
4 5172 2654 5338 5340
4 5340 5338 2667 5071
4 5339 5340 5071 2590
4 2317 5341 5343 5342
4 5341 2406 5123 5343
4 5343 5123 2342 3134
4 5342 5343 3134 2253
4 2684 5041 5346 5345
4 5041 2744 5344 5346
4 5346 5344 2660 4763
4 5345 5346 4763 2603
4 2759 5347 5349 5348
4 5347 2646 5194 5349
4 5349 5194 2697 5017
4 5348 5349 5017 2721
4 634 5350 5353 633
4 5350 1751 5351 5353
4 5353 5351 1658 5352
4 633 5353 5352 632
4 2804 5354 5358 5357
4 5354 2839 5355 5358
4 5358 5355 2863 5356
4 5357 5358 5356 2851
4 2467 5359 5361 4455
4 5359 2554 5050 5361
4 5361 5050 2461 5360
4 4455 5361 5360 2380
4 1723 5362 5365 5364
4 5362 1803 5363 5365
4 5365 5363 721 722
4 5364 5365 722 723
4 1655 5366 5369 5368
4 5366 1802 5367 5369
4 5369 5367 717 718
4 5368 5369 718 719
4 2646 5347 5371 5080
4 5347 2759 5370 5371
4 5371 5370 2717 5323
4 5080 5371 5323 2687
4 2702 5372 5376 5375
4 5372 2739 5373 5376
4 5376 5373 2674 5374
4 5375 5376 5374 2642
4 2599 5377 5380 5379
4 5377 2674 5378 5380
4 5380 5378 2603 4766
4 5379 5380 4766 2517
4 2784 5381 5383 5156
4 5381 2738 5294 5383
4 5383 5294 2757 5382
4 5156 5383 5382 2809
4 702 5384 5386 701
4 5384 1755 5385 5386
4 5386 5385 1641 3072
4 701 5386 3072 700
4 2560 5387 5389 4421
4 5387 2637 5388 5389
4 5389 5388 2554 5359
4 4421 5389 5359 2467
4 2715 5214 5392 4279
4 5214 2758 5390 5392
4 5392 5390 2781 5391
4 4279 5392 5391 2746
4 1901 5393 5397 5396
4 5393 1744 5394 5397
4 5397 5394 1844 5395
4 5396 5397 5395 1956
4 2549 4405 5400 4419
4 4405 2593 5398 5400
4 5400 5398 2676 5399
4 4419 5400 5399 2615
4 2324 5254 5404 5403
4 5254 2363 5401 5404
4 5404 5401 2437 5402
4 5403 5404 5402 2388
4 2765 5405 5408 5407
4 5405 2788 5406 5408
4 5408 5406 2739 5372
4 5407 5408 5372 2702
4 2717 5409 5410 5324
4 5409 2775 5218 5410
4 5410 5218 2809 5382
4 5324 5410 5382 2757
4 2432 5411 5414 5413
4 5411 2383 5412 5414
4 5414 5412 2388 5402
4 5413 5414 5402 2437
4 2481 5259 5416 5415
4 5259 2553 4922 5416
4 5416 4922 2633 4083
4 5415 5416 4083 2595
4 632 5352 5418 631
4 5352 1658 5417 5418
4 5418 5417 1756 4882
4 631 5418 4882 630
4 2623 5419 5421 4721
4 5419 2582 5420 5421
4 5421 5420 2532 4063
4 4721 5421 4063 2479
4 2745 5422 5425 5198
4 5422 2791 5423 5425
4 5425 5423 2742 5424
4 5198 5425 5424 2683
4 2536 5426 5428 5284
4 5426 2562 5173 5428
4 5428 5173 2624 5427
4 5284 5428 5427 2469
4 2269 5316 5430 4321
4 5316 2324 5403 5430
4 5430 5403 2388 5429
4 4321 5430 5429 2323
4 2674 5373 5432 5378
4 5373 2739 5431 5432
4 5432 5431 2684 5345
4 5378 5432 5345 2603
4 2441 5433 5436 5256
4 5433 2534 5434 5436
4 5436 5434 2492 5435
4 5256 5436 5435 2363
4 2562 5426 5437 5161
4 5426 2536 5270 5437
4 5437 5270 2527 4948
4 5161 5437 4948 2586
4 2800 5438 5441 5440
4 5438 2833 5439 5441
4 5441 5439 2788 5405
4 5440 5441 5405 2765
4 2440 5299 5443 4958
4 5299 2423 5442 5443
4 5443 5442 2392 4894
4 4958 5443 4894 2339
4 2474 5444 5447 5446
4 5444 2432 5413 5447
4 5447 5413 2437 5445
4 5446 5447 5445 2537
4 2363 5435 5449 5401
4 5435 2492 5448 5449
4 5449 5448 2537 5445
4 5401 5449 5445 2437
4 2472 5450 5452 5301
4 5450 2504 3638 5452
4 5452 3638 2364 5451
4 5301 5452 5451 2423
4 2799 5453 5455 5206
4 5453 2836 5454 5455
4 5455 5454 2791 5422
4 5206 5455 5422 2745
4 2504 5450 5459 5458
4 5450 2472 5456 5459
4 5459 5456 2518 5457
4 5458 5459 5457 2596
4 2480 5240 5460 4050
4 5240 2532 5420 5460
4 5460 5420 2582 4190
4 4050 5460 4190 2525
4 1692 4883 5463 4292
4 4883 1756 5461 5463
4 5463 5461 1819 5462
4 4292 5463 5462 1848
4 2739 5406 5465 5431
4 5406 2788 5464 5465
4 5465 5464 2747 5042
4 5431 5465 5042 2684
4 2775 5409 5467 5183
4 5409 2717 5370 5467
4 5467 5370 2759 5466
4 5183 5467 5466 2787
4 1914 5468 5470 4483
4 5468 1825 5469 5470
4 5470 5469 1759 3842
4 4483 5470 3842 1643
4 2841 5471 5473 5225
4 5471 2862 5472 5473
4 5473 5472 2836 5453
4 5225 5473 5453 2799
4 2376 5283 5475 5150
4 5283 2469 5474 5475
4 5475 5474 2534 5433
4 5150 5475 5433 2441
4 591 592 5477 4991
4 592 30 593 5477
4 5477 593 594 5476
4 4991 5477 5476 1682
4 2158 3584 5479 4308
4 3584 2029 5076 5479
4 5479 5076 1983 5478
4 4308 5479 5478 2052
4 2788 5439 5482 5464
4 5439 2833 5480 5482
4 5482 5480 2813 5481
4 5464 5482 5481 2747
4 2372 4140 5485 4359
4 4140 2433 5483 5485
4 5485 5483 2490 5484
4 4359 5485 5484 2415
4 2186 5486 5490 5489
4 5486 2159 5487 5490
4 5490 5487 2063 5488
4 5489 5490 5488 2171
4 2482 5051 5493 5492
4 5051 2554 5388 5493
4 5493 5388 2637 5491
4 5492 5493 5491 2597
4 2251 5494 5498 5497
4 5494 2114 5495 5498
4 5498 5495 2232 5496
4 5497 5498 5496 2350
4 2641 5499 5502 5501
4 5499 2474 5446 5502
4 5502 5446 2537 5500
4 5501 5502 5500 2565
4 2738 5381 5505 5190
4 5381 2784 5503 5505
4 5505 5503 2751 5504
4 5190 5505 5504 2685
4 2469 5427 5507 5474
4 5427 2624 5339 5507
4 5507 5339 2590 5506
4 5474 5507 5506 2534
4 2135 4128 5509 4514
4 4128 2064 5508 5509
4 5509 5508 1995 4706
4 4514 5509 4706 1929
4 2204 5510 5512 3320
4 5510 2126 5511 5512
4 5512 5511 2065 4441
4 3320 5512 4441 1971
4 1720 5513 5514 3823
4 5513 1682 5476 5514
4 5514 5476 594 595
4 3823 5514 595 596
4 1978 5303 5515 3552
4 5303 2065 5511 5515
4 5515 5511 2126 5091
4 3552 5515 5091 2056
4 2677 5516 5519 5518
4 5516 2742 5517 5519
4 5519 5517 2702 5375
4 5518 5519 5375 2642
4 2417 3899 5521 4678
4 3899 2481 5415 5521
4 5521 5415 2595 5520
4 4678 5521 5520 2521
4 1901 5396 5525 5524
4 5396 1956 5522 5525
4 5525 5522 2033 5523
4 5524 5525 5523 2103
4 2584 5526 5527 5070
4 5526 2492 5434 5527
4 5527 5434 2534 5506
4 5070 5527 5506 2590
4 2067 3781 5529 4002
4 3781 2080 5528 5529
4 5529 5528 2111 4832
4 4002 5529 4832 2211
4 2810 5530 5532 5531
4 5530 2751 5503 5532
4 5532 5503 2784 5155
4 5531 5532 5155 2830
4 2615 5399 5535 5534
4 5399 2676 5335 5535
4 5535 5335 2741 5533
4 5534 5535 5533 2706
4 2380 5360 5538 5067
4 5360 2461 5536 5538
4 5538 5536 2357 5537
4 5067 5538 5537 2243
4 1888 5539 5543 5542
4 5539 1985 5540 5543
4 5543 5540 2101 5541
4 5542 5543 5541 1965
4 2666 5544 5546 4752
4 5544 2653 5545 5546
4 5546 5545 2623 4720
4 4752 5546 4720 2585
4 1775 5547 5549 4431
4 5547 1749 5548 5549
4 5549 5548 1745 4354
4 4431 5549 4354 1662
4 2521 5520 5551 5550
4 5520 2595 4082 5551
4 5551 4082 2673 4540
4 5550 5551 4540 2611
4 1738 5281 5555 5554
4 5281 1997 5552 5555
4 5555 5552 1898 5553
4 5554 5555 5553 1817
4 2742 5423 5557 5517
4 5423 2791 5556 5557
4 5557 5556 2765 5407
4 5517 5557 5407 2702
4 2836 5472 5561 5560
4 5472 2862 5558 5561
4 5561 5558 2842 5559
4 5560 5561 5559 2800
4 1904 4708 5562 4029
4 4708 1995 5508 5562
4 5562 5508 2064 3260
4 4029 5562 3260 1961
4 2825 5563 5567 5566
4 5563 2793 5564 5567
4 5567 5564 2798 5565
4 5566 5567 5565 2819
4 2556 5568 5572 5571
4 5568 2568 5569 5572
4 5572 5569 2616 5570
4 5571 5572 5570 2520
4 2821 5573 5576 5575
4 5573 2795 5574 5576
4 5576 5574 2804 5357
4 5575 5576 5357 2851
4 1977 5577 5579 4814
4 5577 2062 5578 5579
4 5579 5578 2050 3909
4 4814 5579 3909 1887
4 2383 5411 5583 5582
4 5411 2432 5580 5583
4 5583 5580 2485 5581
4 5582 5583 5581 2430
4 2516 4363 5585 4257
4 4363 2583 5584 5585
4 5585 5584 2622 4556
4 4257 5585 4556 2561
4 1813 5586 5589 5588
4 5586 1957 5587 5589
4 5589 5587 1802 5366
4 5588 5589 5366 1655
4 2582 5419 5590 4191
4 5419 2623 5545 5590
4 5590 5545 2653 4288
4 4191 5590 4288 2613
4 2306 5264 5591 4069
4 5264 2392 5442 5591
4 5591 5442 2423 5451
4 4069 5591 5451 2364
4 2840 5592 5594 5593
4 5592 2830 5154 5594
4 5594 5154 2823 5287
4 5593 5594 5287 2861
4 2791 5454 5595 5556
4 5454 2836 5560 5595
4 5595 5560 2800 5440
4 5556 5595 5440 2765
4 2062 5577 5596 4656
4 5577 1977 4976 5596
4 5596 4976 1994 4178
4 4656 5596 4178 2075
4 1893 5597 5598 5267
4 5597 1847 4908 5598
4 5598 4908 1797 5291
4 5267 5598 5291 1931
4 1988 5599 5600 5169
4 5599 1824 4580 5600
4 5600 4580 1850 4213
4 5169 5600 4213 1922
4 2476 4923 5601 5134
4 4923 2553 5258 5601
4 5601 5258 2452 4397
4 5134 5601 4397 2379
4 2492 5526 5603 5448
4 5526 2584 5602 5603
4 5603 5602 2565 5500
4 5448 5603 5500 2537
4 1685 3425 5604 4849
4 3425 1759 5469 5604
4 5604 5469 1825 4746
4 4849 5604 4746 1757
4 2066 5605 5606 5246
4 5605 2265 4247 5606
4 5606 4247 2185 4870
4 5246 5606 4870 2141
4 2267 5607 5610 5609
4 5607 2200 5608 5610
4 5610 5608 2154 5062
4 5609 5610 5062 2047
4 713 714 5614 5613
4 714 715 5611 5614
4 5614 5611 1721 5612
4 5613 5614 5612 1677
4 1849 5615 5618 5617
4 5615 1916 5616 5618
4 5618 5616 1985 5539
4 5617 5618 5539 1888
4 2126 5510 5620 5089
4 5510 2204 5619 5620
4 5620 5619 2295 3628
4 5089 5620 3628 2231
4 2450 3640 5622 4648
4 3640 2556 5571 5622
4 5622 5571 2520 5621
4 4648 5622 5621 2512
4 2821 5623 5625 5573
4 5623 2850 5032 5625
4 5625 5032 2816 5624
4 5573 5625 5624 2795
4 2265 5605 5626 3604
4 5605 2066 5234 5626
4 5626 5234 2137 3421
4 3604 5626 3421 2203
4 2266 5627 5628 3982
4 5627 2295 5619 5628
4 5628 5619 2204 3319
4 3982 5628 3319 2136
4 2463 5629 5631 4791
4 5629 2497 5630 5631
4 5631 5630 2506 3487
4 4791 5631 3487 2398
4 2560 4420 5634 5633
4 4420 2615 5534 5634
4 5634 5534 2706 5632
4 5633 5634 5632 2659
4 2653 5544 5636 4289
4 5544 2666 5635 5636
4 5636 5635 2686 4450
4 4289 5636 4450 2701
4 2432 5444 5639 5580
4 5444 2474 5637 5639
4 5639 5637 2530 5638
4 5580 5639 5638 2485
4 2857 5640 5642 5641
4 5640 2871 5096 5642
4 5642 5096 2850 5623
4 5641 5642 5623 2821
4 2080 3315 5643 5528
4 3315 2154 5608 5643
4 5643 5608 2200 3725
4 5528 5643 3725 2111
4 2596 5644 5648 5647
4 5644 2606 5645 5648
4 5648 5645 2678 5646
4 5647 5648 5646 2568
4 2751 5530 5652 5651
4 5530 2810 5649 5652
4 5652 5649 2794 5650
4 5651 5652 5650 2769
4 1984 5278 5655 3581
4 5278 2127 5653 5655
4 5655 5653 2172 5654
4 3581 5655 5654 2089
4 2609 5656 5658 5657
4 5656 2565 5602 5658
4 5658 5602 2584 5069
4 5657 5658 5069 2630
4 2386 5659 5661 4854
4 5659 2318 5660 5661
4 5661 5660 2225 3618
4 4854 5661 3618 2288
4 2876 2928 5663 5662
4 2928 2881 5141 5663
4 5663 5141 2871 5640
4 5662 5663 5640 2857
4 1723 5364 5666 5665
4 5364 723 724 5666
4 5666 724 725 5664
4 5665 5666 5664 1661
4 2512 5621 5670 5669
4 5621 2520 5667 5670
4 5670 5667 2598 5668
4 5669 5670 5668 2497
4 2099 4913 5673 5672
4 4913 2233 5671 5673
4 5673 5671 2171 5488
4 5672 5673 5488 2063
4 2089 5654 5675 4807
4 5654 2172 5674 5675
4 5675 5674 2052 5478
4 4807 5675 5478 1983
4 1952 5676 5678 5677
4 5676 1750 3752 5678
4 5678 3752 1648 5147
4 5677 5678 5147 1818
4 2851 5679 5681 5575
4 5679 2870 5680 5681
4 5681 5680 2857 5641
4 5575 5681 5641 2821
4 2718 5682 5685 5684
4 5682 2768 5028 5685
4 5685 5028 2814 5683
4 5684 5685 5683 2776
4 2472 5300 5688 5456
4 5300 2535 5686 5688
4 5688 5686 2578 5687
4 5456 5688 5687 2518
4 1966 3923 5691 5118
4 3923 2165 5689 5691
4 5691 5689 2170 5690
4 5118 5691 5690 2095
4 2165 5692 5693 5689
4 5692 2182 4852 5693
4 5693 4852 2288 3617
4 5689 5693 3617 2170
4 2504 5458 5694 3639
4 5458 2596 5647 5694
4 5694 5647 2568 5568
4 3639 5694 5568 2556
4 2672 4805 5698 5697
4 4805 2708 5695 5698
4 5698 5695 2767 5696
4 5697 5698 5696 2722
4 2112 5699 5702 5701
4 5699 2167 5700 5702
4 5702 5700 1965 5541
4 5701 5702 5541 2101
4 1746 2907 5704 2919
4 2907 1665 3061 5704
4 5704 3061 1681 5703
4 2919 5704 5703 1846
4 2645 4724 5706 5013
4 4724 2703 5705 5706
4 5706 5705 2768 5682
4 5013 5706 5682 2718
4 728 5707 5709 727
4 5707 1805 2916 5709
4 5709 2916 1722 5708
4 727 5709 5708 34
4 1888 5710 5712 5617
4 5710 1943 3427 5712
4 5712 3427 1733 5711
4 5617 5712 5711 1849
4 2611 5336 5713 5550
4 5336 2676 5398 5713
4 5713 5398 2593 4676
4 5550 5713 4676 2521
4 2320 5714 5718 5717
4 5714 2254 5715 5718
4 5718 5715 2299 5716
4 5717 5718 5716 2408
4 2740 4272 5721 4313
4 4272 2766 5719 5721
4 5721 5719 2817 5720
4 4313 5721 5720 2779
4 1973 5722 5725 5724
4 5722 2104 5723 5725
4 5725 5723 1957 5586
4 5724 5725 5586 1813
4 2464 5726 5729 5728
4 5726 2465 4683 5729
4 5729 4683 2548 5727
4 5728 5729 5727 2515
4 2369 5730 5734 5733
4 5730 2487 5731 5734
4 5734 5731 2418 5732
4 5733 5734 5732 2409
4 2397 4649 5735 3993
4 4649 2512 5669 5735
4 5735 5669 2497 5629
4 3993 5735 5629 2463
4 2693 5736 5738 5737
4 5736 2667 5338 5738
4 5738 5338 2654 5238
4 5737 5738 5238 2735
4 1659 5739 5742 5741
4 5739 1752 5740 5742
4 5742 5740 647 648
4 5741 5742 648 649
4 2295 5627 5744 3629
4 5627 2266 5743 5744
4 5744 5743 2317 5342
4 3629 5744 5342 2253
4 2773 5745 5747 5746
4 5745 2783 2930 5747
4 5747 2930 2819 5565
4 5746 5747 5565 2798
4 1749 5547 5749 5748
4 5547 1775 4992 5749
4 5749 4992 1682 5513
4 5748 5749 5513 1720
4 1916 5615 5753 5752
4 5615 1849 5750 5753
4 5753 5750 1755 5751
4 5752 5753 5751 1716
4 2385 5754 5755 3436
4 5754 2317 5743 5755
4 5755 5743 2266 3983
4 3436 5755 3983 2181
4 715 716 5757 5611
4 716 717 5367 5757
4 5757 5367 1802 5756
4 5611 5757 5756 1721
4 636 2967 5759 635
4 2967 1667 5758 5759
4 5759 5758 1751 5350
4 635 5759 5350 634
4 2095 5690 5760 4835
4 5690 2170 3616 5760
4 5760 3616 2049 5331
4 4835 5760 5331 2028
4 1817 5553 5764 5763
4 5553 1898 5761 5764
4 5764 5761 1959 5762
4 5763 5764 5762 1846
4 2311 4876 5766 3662
4 4876 2400 5765 5766
4 5766 5765 2465 5726
4 3662 5766 5726 2464
4 721 5363 5768 720
4 5363 1803 5767 5768
4 5768 5767 1655 5368
4 720 5768 5368 719
4 2233 4973 5771 5671
4 4973 2353 5769 5771
4 5771 5769 2299 5770
4 5671 5771 5770 2171
4 1915 5772 5775 5280
4 5772 2061 5773 5775
4 5775 5773 2044 5774
4 5280 5775 5774 1997
4 2353 4662 5777 5769
4 4662 2459 5776 5777
4 5777 5776 2408 5716
4 5769 5777 5716 2299
4 2116 3614 5779 3826
4 3614 2356 4792 5779
4 5779 4792 2300 5778
4 3826 5779 5778 2220
4 2508 5780 5783 5782
4 5780 2416 5781 5783
4 5783 5781 2523 2903
4 5782 5783 2903 2591
4 2547 5784 5786 4263
4 5784 2508 5782 5786
4 5786 5782 2591 5785
4 4263 5786 5785 2639
4 2087 5787 5789 4123
4 5787 1965 5700 5789
4 5789 5700 2167 5788
4 4123 5789 5788 2223
4 704 5790 5791 703
4 5790 1716 5751 5791
4 5791 5751 1755 5384
4 703 5791 5384 702
4 2195 5243 5794 5793
4 5243 2258 5792 5794
4 5794 5792 2350 5496
4 5793 5794 5496 2232
4 2180 5795 5798 5797
4 5795 2291 5796 5798
4 5798 5796 2167 5699
4 5797 5798 5699 2112
4 2221 4284 5801 4149
4 4284 2289 5799 5801
4 5801 5799 2357 5800
4 4149 5801 5800 2344
4 2448 5802 5804 3950
4 5802 2451 5803 5804
4 5804 5803 2385 3435
4 3950 5804 3435 2316
4 2317 5754 5805 5341
4 5754 2385 5803 5805
4 5805 5803 2451 5103
4 5341 5805 5103 2406
4 2307 5806 5809 5808
4 5806 2401 5807 5809
4 5809 5807 2291 5795
4 5808 5809 5795 2180
4 1965 5787 5810 5542
4 5787 2087 4032 5810
4 5810 4032 1943 5710
4 5542 5810 5710 1888
4 2430 5581 5813 5812
4 5581 2485 5811 5813
4 5813 5811 2487 5730
4 5812 5813 5730 2369
4 2145 5814 5816 3258
4 5814 2244 5815 5816
4 5816 5815 2263 4710
4 3258 5816 4710 2206
4 2636 3863 5820 5819
4 3863 2698 5817 5820
4 5820 5817 2651 5818
4 5819 5820 5818 2604
4 1753 5821 5822 4547
4 5821 1817 5763 5822
4 5822 5763 1846 5703
4 4547 5822 5703 1681
4 1721 5756 5825 5824
4 5756 1802 5587 5825
4 5825 5587 1957 5823
4 5824 5825 5823 1880
4 2344 5800 5827 5826
4 5800 2357 5536 5827
4 5827 5536 2461 5052
4 5826 5827 5052 2361
4 2416 5780 5830 5829
4 5780 2508 5828 5830
4 5830 5828 2401 5806
4 5829 5830 5806 2307
4 1879 5831 5833 5832
4 5831 1799 4335 5833
4 5833 4335 1664 4425
4 5832 5833 4425 1743
4 2716 5834 5836 5835
4 5834 2651 5817 5836
4 5836 5817 2698 4380
4 5835 5836 4380 2762
4 2172 5653 5838 5837
4 5653 2127 5047 5838
4 5838 5047 2294 4636
4 5837 5838 4636 2235
4 2176 5839 5841 5840
4 5839 2235 4638 5841
4 5841 4638 2351 5066
4 5840 5841 5066 2243
4 2129 5842 5844 2939
4 5842 2237 5843 5844
4 5844 5843 2104 5722
4 2939 5844 5722 1973
4 1677 5845 5847 5613
4 5845 1804 5846 5847
4 5847 5846 711 712
4 5613 5847 712 713
4 2202 5848 5849 5210
4 5848 2050 5578 5849
4 5849 5578 2062 4655
4 5210 5849 4655 2139
4 1825 5468 5852 4747
4 5468 1914 5850 5852
4 5852 5850 1974 5851
4 4747 5852 5851 1890
4 2052 5674 5853 4309
4 5674 2172 5837 5853
4 5853 5837 2235 5839
4 4309 5853 5839 2176
4 2220 5778 5854 3922
4 5778 2300 3474 5854
4 5854 3474 2182 5692
4 3922 5854 5692 2165
4 2244 5814 5856 5855
4 5814 2145 4127 5856
4 5856 4127 2201 4372
4 5855 5856 4372 2334
4 2453 5857 5858 4760
4 5857 2401 5828 5858
4 5858 5828 2508 5784
4 4760 5858 5784 2547
4 1953 5859 5862 5861
4 5859 1879 5832 5862
4 5862 5832 1743 5860
4 5861 5862 5860 1913
4 2150 5863 5864 4571
4 5863 2264 3930 5864
4 5864 3930 2205 5126
4 4571 5864 5126 2070
4 2223 5788 5866 4783
4 5788 2167 5796 5866
4 5866 5796 2291 5865
4 4783 5866 5865 2346
4 2254 5867 5868 5715
4 5867 2186 5489 5868
4 5868 5489 2171 5770
4 5715 5868 5770 2299
4 2346 5865 5869 4810
4 5865 2291 5807 5869
4 5869 5807 2401 5857
4 4810 5869 5857 2453
4 2264 5863 5870 4322
4 5863 2150 3910 5870
4 5870 3910 2050 5848
4 4322 5870 5848 2202
4 2061 5772 5872 5871
4 5772 1915 4879 5872
4 5872 4879 1993 4517
4 5871 5872 4517 2143
4 2134 5873 5875 5276
4 5873 2044 5773 5875
4 5875 5773 2061 5874
4 5276 5875 5874 2197
4 1969 5876 5879 5878
4 5876 1999 5289 5879
4 5879 5289 1939 5877
4 5878 5879 5877 1895
4 1988 5880 5881 5599
4 5880 1974 5850 5881
4 5881 5850 1914 4485
4 5599 5881 4485 1824
4 1999 5876 5884 5252
4 5876 1969 5882 5884
4 5884 5882 2043 5883
4 5252 5884 5883 2144
4 1817 5821 5885 5554
4 5821 1753 5113 5885
4 5885 5113 1649 5036
4 5554 5885 5036 1738
4 2599 5886 5888 5887
4 5886 2548 4682 5888
4 5888 4682 2482 5492
4 5887 5888 5492 2597
4 1799 5831 5890 3822
4 5831 1879 5889 5890
4 5890 5889 1749 5748
4 3822 5890 5748 1720
4 1752 5891 5893 5740
4 5891 1680 5892 5893
4 5893 5892 645 646
4 5740 5893 646 647
4 1754 5894 5896 5895
4 5894 1659 5741 5896
4 5896 5741 649 650
4 5895 5896 650 651
4 2594 5001 5899 4765
4 5001 2468 5897 5899
4 5899 5897 2515 5898
4 4765 5899 5898 2517
4 2713 2950 5903 5902
4 2950 2610 5900 5903
4 5903 5900 2648 5901
4 5902 5903 5901 2733
4 1953 5904 5905 5859
4 5904 1745 5548 5905
4 5905 5548 1749 5889
4 5859 5905 5889 1879
4 2497 5668 5908 5630
4 5668 2598 5906 5908
4 5908 5906 2557 5907
4 5630 5908 5907 2506
4 2502 5909 5911 4108
4 5909 2505 5910 5911
4 5911 5910 2448 3949
4 4108 5911 3949 2394
4 2277 5912 5914 5913
4 5912 2183 5249 5914
4 5914 5249 2144 5883
4 5913 5914 5883 2043
4 2166 5128 5917 5916
4 5128 2195 5793 5917
4 5917 5793 2232 5915
4 5916 5917 5915 2041
4 2451 5802 5918 5100
4 5802 2448 5910 5918
4 5918 5910 2505 5180
4 5100 5918 5180 2449
4 2514 5919 5923 5922
4 5919 2413 5920 5923
4 5923 5920 2412 5921
4 5922 5923 5921 2431
4 2515 5897 5924 5728
4 5897 2468 4891 5924
4 5924 4891 2456 3663
4 5728 5924 3663 2464
4 2522 5925 5928 4117
4 5925 2491 5926 5928
4 5928 5926 2557 5927
4 4117 5928 5927 2576
4 2243 5537 5929 5840
4 5537 2357 5799 5929
4 5929 5799 2289 4307
4 5840 5929 4307 2176
4 2049 3619 5932 5332
4 3619 2225 5930 5932
4 5932 5930 2236 5931
4 5332 5932 5931 2160
4 2730 5933 5935 5934
4 5933 2767 5695 5935
4 5935 5695 2708 4860
4 5934 5935 4860 2647
4 1877 5192 5936 4424
4 5192 1912 5314 5936
4 5936 5314 1913 5860
4 4424 5936 5860 1743
4 2431 5921 5939 2897
4 5921 2412 5937 5939
4 5939 5937 2407 5938
4 2897 5939 5938 2427
4 1641 5385 5940 3803
4 5385 1755 5750 5940
4 5940 5750 1849 5711
4 3803 5940 5711 1733
4 2313 3489 5943 4853
4 3489 2426 5941 5943
4 5943 5941 2466 5942
4 4853 5943 5942 2386
4 2581 5944 5946 4052
4 5944 2526 5945 5946
4 5946 5945 2502 4107
4 4052 5946 4107 2421
4 2722 5029 5947 5697
4 5029 2768 5705 5947
4 5947 5705 2703 4768
4 5697 5947 4768 2672
4 1653 5948 5950 5949
4 5948 1754 5895 5950
4 5950 5895 651 652
4 5949 5950 652 32
4 2776 5951 5952 5684
4 5951 2817 5719 5952
4 5952 5719 2766 5012
4 5684 5952 5012 2718
4 2361 4684 5953 5826
4 4684 2465 5765 5953
4 5953 5765 2400 4147
4 5826 5953 4147 2344
4 1745 5904 5955 4355
4 5904 1953 5954 5955
4 5955 5954 1903 5084
4 4355 5955 5084 1853
4 1952 5956 5960 5959
4 5956 1991 5957 5960
4 5960 5957 2030 5958
4 5959 5960 5958 1834
4 2383 5961 5962 5412
4 5961 2315 3932 5962
4 5962 3932 2323 5429
4 5412 5962 5429 2388
4 1666 5963 5965 5964
4 5963 1805 5707 5965
4 5965 5707 728 729
4 5964 5965 729 730
4 2263 5815 5967 4911
4 5815 2244 5966 5967
4 5967 5966 2304 4465
4 4911 5967 4465 2391
4 2505 5909 5968 5179
4 5909 2502 5945 5968
4 5968 5945 2526 4551
4 5179 5968 4551 2503
4 1747 5969 5971 5970
4 5969 1667 2966 5971
4 5971 2966 1679 2909
4 5970 5971 2909 1883
4 2160 5931 5974 3329
4 5931 2236 5972 5974
4 5974 5972 2128 5973
4 3329 5974 5973 2102
4 1661 5664 5976 5975
4 5664 725 726 5976
4 5976 726 34 5708
4 5975 5976 5708 1722
4 2429 4690 5978 3778
4 4690 2420 5977 5978
4 5978 5977 2384 3602
4 3778 5978 3602 2338
4 2428 5979 5981 4243
4 5979 2375 5980 5981
4 5981 5980 2334 4373
4 4243 5981 4373 2256
4 709 710 5984 5983
4 710 711 5846 5984
4 5984 5846 1804 5982
4 5983 5984 5982 1647
4 1958 5985 5988 5987
4 5985 1841 5986 5988
4 5988 5986 1986 2922
4 5987 5988 2922 2105
4 2244 5855 5990 5966
4 5855 2334 5980 5990
4 5990 5980 2375 5989
4 5966 5990 5989 2304
4 1758 5991 5993 5992
4 5991 1716 5790 5993
4 5993 5790 704 705
4 5992 5993 705 706
4 2506 5907 5995 3488
4 5907 2557 5926 5995
4 5995 5926 2491 5994
4 3488 5995 5994 2426
4 2665 5996 5998 4189
4 5996 2614 5997 5998
4 5998 5997 2581 4051
4 4189 5998 4051 2525
4 2526 5944 5999 4552
4 5944 2581 5997 5999
4 5999 5997 2614 4731
4 4552 5999 4731 2574
4 1843 6000 6003 6002
4 6000 1680 5891 6003
4 6003 5891 1752 6001
4 6002 6003 6001 1954
4 2685 5504 6005 5237
4 5504 2751 5651 6005
4 6005 5651 2769 6004
4 5237 6005 6004 2735
4 1848 5462 6007 5094
4 5462 1819 6006 6007
4 6007 6006 1895 5877
4 5094 6007 5877 1939
4 2430 6008 6009 5582
4 6008 2258 5244 6009
4 6009 5244 2315 5961
4 5582 6009 5961 2383
4 1833 6010 6014 6013
4 6010 1854 6011 6014
4 6014 6011 1955 6012
4 6013 6014 6012 2027
4 1894 6015 6019 6018
4 6015 1737 6016 6019
4 6019 6016 1881 6017
4 6018 6019 6017 2036
4 1842 6020 6022 6021
4 6020 1954 6001 6022
4 6022 6001 1752 5739
4 6021 6022 5739 1659
4 1992 6023 6024 5310
4 6023 1818 5146 6024
4 6024 5146 1847 5597
4 5310 6024 5597 1893
4 2310 4245 6025 5137
4 4245 2384 5977 6025
4 6025 5977 2420 4841
4 5137 6025 4841 2360
4 2580 6026 6029 4125
4 6026 2571 6027 6029
4 6029 6027 2488 6028
4 4125 6029 6028 2546
4 1803 5362 6032 6031
4 5362 1723 6030 6032
4 6032 6030 1841 5985
4 6031 6032 5985 1958
4 2723 6033 6035 6034
4 6033 2693 5737 6035
4 6035 5737 2735 6004
4 6034 6035 6004 2769
4 2426 5994 6038 5941
4 5994 2491 6036 6038
4 6038 6036 2513 6037
4 5941 6038 6037 2466
4 2350 6039 6041 5497
4 6039 2369 5733 6041
4 6041 5733 2409 6040
4 5497 6041 6040 2251
4 2548 5886 6042 5727
4 5886 2599 5379 6042
4 6042 5379 2517 5898
4 5727 6042 5898 2515
4 2375 6043 6045 5989
4 6043 2488 6044 6045
4 6045 6044 2436 4466
4 5989 6045 4466 2304
4 2674 5377 6047 5374
4 5377 2599 5887 6047
4 6047 5887 2597 6046
4 5374 6047 6046 2642
4 1957 5723 6050 5823
4 5723 2104 6048 6050
4 6050 6048 1987 6049
4 5823 6050 6049 1880
4 1716 5991 6053 5752
4 5991 1758 6051 6053
4 6053 6051 1833 6052
4 5752 6053 6052 1916
4 1744 6054 6056 6055
4 6054 1841 6030 6056
4 6056 6030 1723 5665
4 6055 6056 5665 1661
4 2729 6057 6059 4287
4 6057 2691 6058 6059
4 6059 6058 2665 4188
4 4287 6059 4188 2613
4 2621 6060 6063 6062
4 6060 2531 4839 6063
4 6063 4839 2493 6061
4 6062 6063 6061 2569
4 1901 6064 6065 5393
4 6064 1986 5986 6065
4 6065 5986 1841 6054
4 5393 6065 6054 1744
4 1894 6066 6068 6015
4 6066 1955 6011 6068
4 6068 6011 1854 6067
4 6015 6068 6067 1737
4 1818 6023 6070 5677
4 6023 1992 6069 6070
4 6070 6069 1991 5956
4 5677 6070 5956 1952
4 2614 5996 6071 4732
4 5996 2665 6058 6071
4 6071 6058 2691 5203
4 4732 6071 5203 2656
4 1758 6072 6074 6051
4 6072 1678 6073 6074
4 6074 6073 1854 6010
4 6051 6074 6010 1833
4 1655 5767 6076 5588
4 5767 1803 6031 6076
4 6076 6031 1958 6075
4 5588 6076 6075 1813
4 2711 6077 6081 6080
4 6077 2688 6078 6081
4 6081 6078 2770 6079
4 6080 6081 6079 2720
4 2531 6060 6083 5321
4 6060 2621 6082 6083
4 6083 6082 2567 4621
4 5321 6083 4621 2471
4 2742 5516 6086 5424
4 5516 2677 6084 6086
4 6086 6084 2659 6085
4 5424 6086 6085 2683
4 1744 6055 6087 5394
4 6055 1661 5975 6087
4 6087 5975 1722 2915
4 5394 6087 2915 1844
4 732 6088 6090 731
4 6088 1725 6089 6090
4 6090 6089 1666 5964
4 731 6090 5964 730
4 2043 6091 6094 5913
4 6091 2131 6092 6094
4 6094 6092 2234 6093
4 5913 6094 6093 2277
4 2569 6061 6095 4953
4 6061 2493 4691 6095
4 6095 4691 2486 3223
4 4953 6095 3223 2543
4 2102 5973 6098 5312
4 5973 2128 6096 6098
4 6098 6096 2053 6097
4 5312 6098 6097 2032
4 2096 6099 6101 6100
4 6099 1898 5552 6101
4 6101 5552 1997 5774
4 6100 6101 5774 2044
4 2044 5873 6104 6100
4 5873 2134 6102 6104
4 6104 6102 2119 6103
4 6100 6104 6103 2096
4 2063 6105 6106 5672
4 6105 1991 6069 6106
4 6106 6069 1992 5309
4 5672 6106 5309 2099
4 2103 6107 6108 5524
4 6107 2174 2920 6108
4 6108 2920 1986 6064
4 5524 6108 6064 1901
4 1895 6109 6112 5878
4 6109 1989 6110 6112
4 6112 6110 2098 6111
4 5878 6112 6111 1969
4 2694 6113 6115 6114
4 6113 2630 5072 6115
4 6115 5072 2667 5736
4 6114 6115 5736 2693
4 706 707 6117 5992
4 707 33 6116 6117
4 6117 6116 1678 6072
4 5992 6117 6072 1758
4 2857 5680 6120 5662
4 5680 2870 6118 6120
4 6120 6118 2882 6119
4 5662 6120 6119 2876
4 2688 6121 6124 6078
4 6121 2709 6122 6124
4 6124 6122 2725 6123
4 6078 6124 6123 2770
4 2258 6008 6125 5792
4 6008 2430 5812 6125
4 6125 5812 2369 6039
4 5792 6125 6039 2350
4 2488 6043 6126 6028
4 6043 2375 5979 6126
4 6126 5979 2428 3985
4 6028 6126 3985 2546
4 2807 6127 6131 6130
4 6127 2774 6128 6131
4 6131 6128 2820 6129
4 6130 6131 6129 2845
4 2689 6132 6135 6134
4 6132 2744 5040 6135
4 6135 5040 2792 6133
4 6134 6135 6133 2756
4 2677 6136 6137 6084
4 6136 2637 5387 6137
4 6137 5387 2560 5633
4 6084 6137 5633 2659
4 2678 6138 6142 6141
4 6138 2711 6139 6142
4 6142 6139 2712 6140
4 6141 6142 6140 2661
4 2032 6143 6144 5313
4 6143 1903 5954 6144
4 6144 5954 1953 5861
4 5313 6144 5861 1913
4 2648 6145 6147 5901
4 6145 2689 6134 6147
4 6147 6134 2756 6146
4 5901 6147 6146 2733
4 2616 6148 6151 6150
4 6148 2661 6149 6151
4 6151 6149 2675 5297
4 6150 6151 5297 2643
4 2027 6152 6153 6013
4 6152 1985 5616 6153
4 6153 5616 1916 6052
4 6013 6153 6052 1833
4 1680 6154 6156 5892
4 6154 1724 6155 6156
4 6156 6155 643 644
4 5892 6156 644 645
4 2382 6157 6159 6158
4 6157 2318 5659 6159
4 6159 5659 2386 5942
4 6158 6159 5942 2466
4 2173 6160 6164 6163
4 6160 2100 6161 6164
4 6164 6161 2238 6162
4 6163 6164 6162 2196
4 2869 6165 6169 6168
4 6165 2883 6166 6169
4 6169 6166 2875 6167
4 6168 6169 6167 2856
4 2598 6170 6171 5906
4 6170 2643 5296 6171
4 6171 5296 2576 5927
4 5906 6171 5927 2557
4 2570 6172 6174 6173
4 6172 2530 5637 6174
4 6174 5637 2474 5499
4 6173 6174 5499 2641
4 2159 6175 6176 5487
4 6175 2030 5957 6176
4 6176 5957 1991 6105
4 5487 6176 6105 2063
4 2728 6177 6180 6179
4 6177 2758 5215 6180
4 6180 5215 2644 6178
4 6179 6180 6178 2690
4 1958 5987 6181 6075
4 5987 2105 2940 6181
4 6181 2940 1973 5724
4 6075 6181 5724 1813
4 2755 6182 6184 4452
4 6182 2750 6183 6184
4 6184 6183 2729 4286
4 4452 6184 4286 2701
4 2571 6185 6189 6188
4 6185 2604 6186 6189
4 6189 6186 2663 6187
4 6188 6189 6187 2533
4 2723 6190 6192 6033
4 6190 2772 6191 6192
4 6192 6191 2694 6114
4 6033 6192 6114 2693
4 2606 6193 6194 5645
4 6193 2688 6077 6194
4 6194 6077 2711 6138
4 5645 6194 6138 2678
4 2273 6195 6198 3833
4 6195 2322 6196 6198
4 6198 6196 2382 6197
4 3833 6198 6197 2371
4 1974 6199 6201 5851
4 6199 2041 6200 6201
4 6201 6200 2060 4519
4 5851 6201 4519 1890
4 2764 4900 6205 6204
4 4900 2811 6202 6205
4 6205 6202 2774 6203
4 6204 6205 6203 2714
4 2568 5646 6206 5569
4 5646 2678 6141 6206
4 6206 6141 2661 6148
4 5569 6206 6148 2616
4 2811 4873 6208 6202
4 4873 2848 6207 6208
4 6208 6207 2820 6128
4 6202 6208 6128 2774
4 2835 6209 6211 5185
4 6209 2847 6210 6211
4 6211 6210 2846 5286
4 5185 6211 5286 2803
4 2131 6091 6213 6212
4 6091 2043 5882 6213
4 6213 5882 1969 6111
4 6212 6213 6111 2098
4 1987 6048 6216 6215
4 6048 2104 5843 6216
4 6216 5843 2237 6214
4 6215 6216 6214 2175
4 2856 6217 6218 6168
4 6217 2820 6207 6218
4 6218 6207 2848 4161
4 6168 6218 4161 2869
4 2793 5563 6221 6220
4 5563 2825 2925 6221
4 6221 2925 2802 6219
4 6220 6221 6219 2748
4 2710 4905 6224 6223
4 4905 2764 6204 6224
4 6224 6204 2714 6222
4 6223 6224 6222 2681
4 2691 6057 6226 5204
4 6057 2729 6183 6226
4 6226 6183 2750 6225
4 5204 6226 6225 2724
4 2728 6179 6229 6228
4 6179 2690 6227 6229
4 6229 6227 2651 5834
4 6228 6229 5834 2716
4 2721 6230 6232 5348
4 6230 2808 6231 6232
4 6232 6231 2787 5466
4 5348 6232 5466 2759
4 1678 6233 6235 6073
4 6233 1647 6234 6235
4 6235 6234 1737 6067
4 6073 6235 6067 1854
4 2722 5696 6237 5030
4 5696 2767 6236 6237
4 6237 6236 2796 2889
4 5030 6237 2889 2790
4 2520 5570 6238 5667
4 5570 2616 6150 6238
4 6238 6150 2643 6170
4 5667 6238 6170 2598
4 1955 6066 6242 6241
4 6066 1894 6239 6242
4 6242 6239 1967 6240
4 6241 6242 6240 2100
4 2750 6243 6245 6225
4 6243 2782 6244 6245
4 6245 6244 2761 5220
4 6225 6245 5220 2724
4 1820 6246 6247 5329
4 6246 1751 5758 6247
4 6247 5758 1667 5969
4 5329 6247 5969 1747
4 2236 5930 6250 6249
4 5930 2225 5660 6250
4 6250 5660 2318 6248
4 6249 6250 6248 2298
4 2436 6044 6251 4325
4 6044 2488 6027 6251
4 6251 6027 2571 6188
4 4325 6251 6188 2533
4 1647 6233 6252 5983
4 6233 1678 6116 6252
4 6252 6116 33 708
4 5983 6252 708 709
4 2100 6160 6254 6241
4 6160 2173 6253 6254
4 6254 6253 2027 6012
4 6241 6254 6012 1955
4 2100 6240 6257 6161
4 6240 1967 6255 6257
4 6257 6255 2138 6256
4 6161 6257 6256 2238
4 2191 6258 6260 6259
4 6258 2119 6102 6260
4 6260 6102 2134 5275
4 6259 6260 5275 2301
4 2533 6187 6262 4326
4 6187 2663 6261 6262
4 6262 6261 2622 5584
4 4326 6262 5584 2583
4 2041 6199 6263 5916
4 6199 1974 5880 6263
4 6263 5880 1988 5168
4 5916 6263 5168 2166
4 2138 6264 6268 6267
4 6264 2117 6265 6268
4 6268 6265 2189 6266
4 6267 6268 6266 2296
4 2296 6266 6272 6271
4 6266 2189 6269 6272
4 6272 6269 2319 6270
4 6271 6272 6270 2407
4 1737 6234 6274 6016
4 6234 1647 5982 6274
4 6274 5982 1804 6273
4 6016 6274 6273 1881
4 1834 6275 6276 5959
4 6275 1717 3379 6276
4 6276 3379 1750 5676
4 5959 6276 5676 1952
4 2859 6277 6280 6279
4 6277 2856 6167 6280
4 6280 6167 2875 6278
4 6279 6280 6278 2872
4 2650 6281 6283 6282
4 6281 2609 5657 6283
4 6283 5657 2630 6113
4 6282 6283 6113 2694
4 2748 6284 6286 6285
4 6284 2781 5390 6286
4 6286 5390 2758 6177
4 6285 6286 6177 2728
4 2637 6136 6287 5491
4 6136 2677 5518 6287
4 6287 5518 2642 6046
4 5491 6287 6046 2597
4 2189 6265 6291 6290
4 6265 2117 6288 6291
4 6291 6288 2198 6289
4 6290 6291 6289 2262
4 2359 2964 6293 6292
4 2964 2319 6269 6293
4 6293 6269 2189 6290
4 6292 6293 6290 2262
4 2413 6294 6297 5920
4 6294 2297 6295 6297
4 6297 6295 2358 6296
4 5920 6297 6296 2412
4 2816 4940 6300 5624
4 4940 2771 6298 6300
4 6300 6298 2752 6299
4 5624 6300 6299 2795
4 2053 6301 6302 6097
4 6301 1998 5085 6302
4 6302 5085 1903 6143
4 6097 6302 6143 2032
4 1845 6303 6307 6306
4 6303 1740 6304 6307
4 6307 6304 1909 6305
4 6306 6307 6305 2031
4 2196 6162 6310 6309
4 6162 2238 6308 6310
4 6310 6308 2358 6295
4 6309 6310 6295 2297
4 2196 6311 6313 6163
4 6311 2112 5701 6313
4 6313 5701 2101 6312
4 6163 6313 6312 2173
4 2814 6314 6317 5683
4 6314 2829 6315 6317
4 6317 6315 2828 6316
4 5683 6317 6316 2776
4 2771 6318 6319 6298
4 6318 2741 5334 6319
4 6319 5334 2682 4315
4 6298 6319 4315 2752
4 2753 6320 6322 6321
4 6320 2796 6236 6322
4 6322 6236 2767 5933
4 6321 6322 5933 2730
4 1725 6323 6326 6089
4 6323 1806 6324 6326
4 6326 6324 1748 6325
4 6089 6326 6325 1666
4 2782 6243 6328 6327
4 6243 2750 6182 6328
4 6328 6182 2755 4352
4 6327 6328 4352 2815
4 1724 6329 6330 6155
4 6329 640 641 6330
4 6330 641 31 642
4 6155 6330 642 643
4 640 6329 6332 639
4 6329 1724 6331 6332
4 6332 6331 1679 2965
4 639 6332 2965 638
4 2114 6333 6334 5495
4 6333 2060 6200 6334
4 6334 6200 2041 5915
4 5495 6334 5915 2232
4 2199 6335 6339 6338
4 6335 2298 6336 6339
4 6339 6336 2322 6337
4 6338 6339 6337 2267
4 2604 6185 6340 5819
4 6185 2571 6026 6340
4 6340 6026 2580 3680
4 5819 6340 3680 2636
4 2706 6341 6342 5632
4 6341 2726 5199 6342
4 6342 5199 2683 6085
4 5632 6342 6085 2659
4 1880 6343 6345 5824
4 6343 1960 6344 6345
4 6345 6344 1677 5612
4 5824 6345 5612 1721
4 1653 5949 6347 6346
4 5949 32 653 6347
4 6347 653 654 3380
4 6346 6347 3380 1717
4 2358 6348 6349 6296
4 6348 2296 6271 6349
4 6349 6271 2407 5937
4 6296 6349 5937 2412
4 2238 6256 6350 6308
4 6256 2138 6267 6350
4 6350 6267 2296 6348
4 6308 6350 6348 2358
4 2878 6351 6352 4160
4 6351 2881 2927 6352
4 6352 2927 2883 6165
4 4160 6352 6165 2869
4 2846 6210 6354 4596
4 6210 2847 6353 6354
4 6354 6353 2859 6279
4 4596 6354 6279 2872
4 2781 6284 6357 6356
4 6284 2748 6219 6357
4 6357 6219 2802 6355
4 6356 6357 6355 2827
4 2173 6312 6358 6253
4 6312 2101 5540 6358
4 6358 5540 1985 6152
4 6253 6358 6152 2027
4 2787 6231 6361 5184
4 6231 2808 6359 6361
4 6361 6359 2826 6360
4 5184 6361 6360 2835
4 2058 6362 6365 6364
4 6362 2130 6363 6365
4 6365 6363 2131 6212
4 6364 6365 6212 2098
4 2321 6366 6369 6368
4 6366 2277 6093 6369
4 6369 6093 2234 6367
4 6368 6369 6367 2268
4 2726 6341 6370 4939
4 6341 2706 5533 6370
4 6370 5533 2741 6318
4 4939 6370 6318 2771
4 2778 6371 6374 6373
4 6371 2807 6130 6374
4 6374 6130 2845 6372
4 6373 6374 6372 2822
4 2035 6375 6377 2956
4 6375 1987 6215 6377
4 6377 6215 2175 6376
4 2956 6377 6376 2057
4 2826 6359 6380 6379
4 6359 2808 6378 6380
4 6380 6378 2782 6327
4 6379 6380 6327 2815
4 2664 6381 6385 6384
4 6381 2681 6382 6385
4 6385 6382 2727 6383
4 6384 6385 6383 2607
4 2863 5355 6389 6388
4 5355 2839 6386 6389
4 6389 6386 2828 6387
4 6388 6389 6387 2843
4 2612 6390 6392 4952
4 6390 2664 6391 6392
4 6392 6391 2621 6062
4 4952 6392 6062 2569
4 2779 6393 6394 4314
4 6393 2804 5574 6394
4 6394 5574 2795 6299
4 4314 6394 6299 2752
4 2322 6336 6395 6196
4 6336 2298 6248 6395
4 6395 6248 2318 6157
4 6196 6395 6157 2382
4 2579 6396 6399 6398
4 6396 2617 6397 6399
4 6399 6397 2648 5900
4 6398 6399 5900 2610
4 2780 6400 6404 6403
4 6400 2818 6401 6404
4 6404 6401 2834 6402
4 6403 6404 6402 2805
4 2867 6405 6406 2949
4 6405 2863 6388 6406
4 6406 6388 2843 2954
4 2949 6406 2954 2865
4 2411 6407 6410 2913
4 6407 2355 6408 6410
4 6410 6408 2261 6409
4 2913 6410 6409 2314
4 2855 6411 6414 2953
4 6411 2838 6412 6414
4 6414 6412 2854 6413
4 2953 6414 6413 2865
4 2410 6415 6419 6418
4 6415 2419 6416 6419
4 6419 6416 2475 6417
4 6418 6419 6417 2443
4 2620 6420 6423 6422
4 6420 2578 6421 6423
4 6423 6421 2524 2933
4 6422 6423 2933 2602
4 1804 5845 6425 6273
4 5845 1677 6344 6425
4 6425 6344 1960 6424
4 6273 6425 6424 1881
4 2251 6426 6429 5494
4 6426 2261 6427 6429
4 6429 6427 2190 6428
4 5494 6429 6428 2114
4 2725 6430 6433 6123
4 6430 2749 6431 6433
4 6433 6431 2783 6432
4 6123 6433 6432 2770
4 2839 6434 6435 6386
4 6434 2817 5951 6435
4 6435 5951 2776 6316
4 6386 6435 6316 2828
4 2277 6366 6437 5912
4 6366 2321 6436 6437
4 6437 6436 2308 4965
4 5912 6437 4965 2183
4 2128 6438 6441 6096
4 6438 2199 6439 6441
4 6441 6439 2132 6440
4 6096 6441 6440 2053
4 2617 6442 6444 6397
4 6442 2679 6443 6444
4 6444 6443 2689 6145
4 6397 6444 6145 2648
4 2754 6445 6447 6446
4 6445 2807 6371 6447
4 6447 6371 2778 4350
4 6446 6447 4350 2719
4 2852 6448 6449 2961
4 6448 2833 5438 6449
4 6449 5438 2800 5559
4 2961 6449 5559 2842
4 2234 6450 6453 6367
4 6450 2194 6451 6453
4 6453 6451 2302 6452
4 6367 6453 6452 2268
4 2807 6445 6455 6127
4 6445 2754 6454 6455
4 6455 6454 2714 6203
4 6127 6455 6203 2774
4 2522 6456 6458 5925
4 6456 2490 6457 6458
4 6458 6457 2513 6036
4 5925 6458 6036 2491
4 2408 5776 6462 6461
4 5776 2459 6459 6462
4 6462 6459 2483 6460
4 6461 6462 6460 2419
4 2518 6463 6465 5457
4 6463 2662 6464 6465
4 6465 6464 2606 5644
4 5457 6465 5644 2596
4 2679 6466 6467 6443
4 6466 2660 5344 6467
4 6467 5344 2744 6132
4 6443 6467 6132 2689
4 2822 6468 6469 6373
4 6468 2826 6379 6469
4 6469 6379 2815 4351
4 6373 6469 4351 2778
4 2578 6420 6471 5687
4 6420 2620 6470 6471
4 6471 6470 2662 6463
4 5687 6471 6463 2518
4 2143 6472 6474 5871
4 6472 2190 6473 6474
4 6474 6473 2197 5874
4 5871 6474 5874 2061
4 2511 6475 6476 4930
4 6475 2483 6459 6476
4 6476 6459 2459 4665
4 4930 6476 4665 2368
4 2418 2898 6478 5732
4 2898 2427 2911 6478
4 6478 2911 2314 6477
4 5732 6478 6477 2409
4 2829 6479 6482 6481
4 6479 2806 6480 6482
4 6482 6480 2838 6411
4 6481 6482 6411 2855
4 2117 6483 6485 6288
4 6483 2057 6376 6485
4 6485 6376 2175 6484
4 6288 6485 6484 2198
4 1845 6486 6488 6303
4 6486 1754 5948 6488
4 6488 5948 1653 6487
4 6303 6488 6487 1740
4 2498 6489 6490 4743
4 6489 2524 6421 6490
4 6490 6421 2578 5686
4 4743 6490 5686 2535
4 2725 6491 6493 6430
4 6491 2713 5902 6493
4 6493 5902 2733 6492
4 6430 6493 6492 2749
4 2817 6434 6494 5720
4 6434 2839 5354 6494
4 6494 5354 2804 6393
4 5720 6494 6393 2779
4 2781 6356 6496 5391
4 6356 2827 6495 6496
4 6496 6495 2801 3816
4 5391 6496 3816 2746
4 2320 5717 6498 6497
4 5717 2408 6461 6498
4 6498 6461 2419 6415
4 6497 6498 6415 2410
4 2513 6499 6500 6037
4 6499 2371 6197 6500
4 6500 6197 2382 6158
4 6037 6500 6158 2466
4 2720 6501 6503 6080
4 6501 2743 6502 6503
4 6503 6502 2712 6139
4 6080 6503 6139 2711
4 2712 6504 6505 6140
4 6504 2649 5262 6505
4 6505 5262 2675 6149
4 6140 6505 6149 2661
4 2530 6172 6507 6506
4 6172 2570 2904 6507
4 6507 2904 2523 2894
4 6506 6507 2894 2558
4 2567 6082 6508 4750
4 6082 2621 6391 6508
4 6508 6391 2664 6384
4 4750 6508 6384 2607
4 2490 6456 6510 5484
4 6456 2522 4116 6510
4 6510 4116 2577 6509
4 5484 6510 6509 2415
4 2415 6509 6511 4360
4 6509 2577 4235 6511
4 6511 4235 2519 5087
4 4360 6511 5087 2494
4 2607 6383 6513 4751
4 6383 2727 6512 6513
4 6513 6512 2686 5635
4 4751 6513 5635 2666
4 2413 6514 6516 6294
4 6514 2307 5808 6516
4 6516 5808 2180 6515
4 6294 6516 6515 2297
4 2371 6499 6517 3834
4 6499 2513 6457 6517
4 6517 6457 2490 5483
4 3834 6517 5483 2433
4 2267 6337 6518 5607
4 6337 2322 6195 6518
4 6518 6195 2273 3726
4 5607 6518 3726 2200
4 1917 6519 6521 3880
4 6519 2132 6520 6521
4 6521 6520 2047 5061
4 3880 6521 5061 2000
4 2190 6472 6522 6428
4 6472 2143 4516 6522
4 6522 4516 2060 6333
4 6428 6522 6333 2114
4 29 513 6524 733
4 513 512 6523 6524
4 6524 6523 1725 6088
4 733 6524 6088 732
4 1665 6525 6527 3062
4 6525 1806 6526 6527
4 6527 6526 510 509
4 3062 6527 509 508
4 1806 6323 6528 6526
4 6323 1725 6523 6528
4 6528 6523 512 511
4 6526 6528 511 510
4 2240 6529 6532 6531
4 6529 2048 6530 6532
4 6532 6530 2159 5486
4 6531 6532 5486 2186
4 2416 6533 6535 5781
4 6533 2514 6534 6535
4 6535 6534 2484 2895
4 5781 6535 2895 2523
4 2059 6536 6539 6538
4 6536 2058 6537 6539
4 6539 6537 1990 5327
4 6538 6539 5327 1910
4 2699 6540 6542 3947
4 6540 2743 6541 6542
4 6542 6541 2760 4378
4 3947 6542 4378 2734
4 1842 6543 6546 6020
4 6543 1902 6544 6546
4 6546 6544 2034 6545
4 6020 6546 6545 1954
4 1990 6547 6550 5328
4 6547 1989 6548 6550
4 6550 6548 1911 6549
4 5328 6550 6549 1820
4 1658 6551 6553 5417
4 6551 1911 6552 6553
4 6553 6552 1819 5461
4 5417 6553 5461 1756
4 2863 6405 6555 5356
4 6405 2867 6554 6555
4 6555 6554 2870 5679
4 5356 6555 5679 2851
4 1902 6543 6558 6557
4 6543 1842 6556 6558
4 6558 6556 1845 6306
4 6557 6558 6306 2031
4 2651 6227 6560 5818
4 6227 2690 6559 6560
4 6560 6559 2663 6186
4 5818 6560 6186 2604
4 2559 6561 6562 2936
4 6561 2475 6416 6562
4 6562 6416 2419 6460
4 2936 6562 6460 2483
4 2770 6432 6564 6079
4 6432 2783 5745 6564
4 6564 5745 2773 6563
4 6079 6564 6563 2720
4 2707 6565 6567 4693
4 6565 2731 6566 6567
4 6567 6566 2730 5934
4 4693 6567 5934 2647
4 2818 6568 6570 6569
4 6568 2792 5039 6570
4 6570 5039 2747 5481
4 6569 6570 5481 2813
4 2319 2963 6571 6270
4 2963 2411 2912 6571
4 6571 2912 2427 5938
4 6270 6571 5938 2407
4 2514 6533 6572 5919
4 6533 2416 5829 6572
4 6572 5829 2307 6514
4 5919 6572 6514 2413
4 2198 6484 6575 6574
4 6484 2175 6214 6575
4 6575 6214 2237 6573
4 6574 6575 6573 2303
4 1747 5970 6578 5326
4 5970 1883 6576 6578
4 6578 6576 2034 6577
4 5326 6578 6577 1910
4 2297 6515 6579 6309
4 6515 2180 5797 6579
4 6579 5797 2112 6311
4 6309 6579 6311 2196
4 2842 5558 6582 2959
4 5558 2862 6580 6582
4 6582 6580 2844 6581
4 2959 6582 6581 2866
4 1911 6551 6583 6549
4 6551 1658 5351 6583
4 6583 5351 1751 6246
4 6549 6583 6246 1820
4 2825 6584 6587 2923
4 6584 2834 6585 6587
4 6587 6585 2824 6586
4 2923 6587 6586 2853
4 2828 6315 6588 6387
4 6315 2829 6481 6588
4 6588 6481 2855 2955
4 6387 6588 2955 2843
4 2686 6512 6590 4451
4 6512 2727 6589 6590
4 6590 6589 2754 6446
4 4451 6590 6446 2719
4 2308 6436 6592 4772
4 6436 2321 6591 6592
4 6592 6591 2410 6418
4 4772 6592 6418 2443
4 2749 6492 6595 6594
4 6492 2733 6146 6595
4 6595 6146 2756 6593
4 6594 6595 6593 2780
4 2034 6544 6597 6577
4 6544 1902 6596 6597
4 6597 6596 2059 6538
4 6577 6597 6538 1910
4 2824 6585 6599 6598
4 6585 2834 6401 6599
4 6599 6401 2818 6569
4 6598 6599 6569 2813
4 1834 5958 6602 6601
4 5958 2030 6600 6602
4 6602 6600 1909 6304
4 6601 6602 6304 1740
4 2197 6473 6603 5273
4 6473 2190 6427 6603
4 6603 6427 2261 6408
4 5273 6603 6408 2355
4 2132 6519 6604 6440
4 6519 1917 4472 6604
4 6604 4472 1998 6301
4 6440 6604 6301 2053
4 1975 6605 6607 6606
4 6605 1959 5761 6607
4 6607 5761 1898 6099
4 6606 6607 6099 2096
4 1844 6608 6611 5395
4 6608 1748 6609 6611
4 6611 6609 1882 6610
4 5395 6611 6610 1956
4 2036 6017 6613 2958
4 6017 1881 6424 6613
4 6613 6424 1960 6612
4 2958 6613 6612 2035
4 2649 6504 6614 4318
4 6504 2712 6502 6614
4 6614 6502 2743 6540
4 4318 6614 6540 2699
4 2529 2937 6616 6615
4 2937 2483 6475 6616
4 6616 6475 2511 5229
4 6615 6616 5229 2600
4 2129 6617 6619 5842
4 6617 2239 6618 6619
4 6619 6618 2303 6573
4 5842 6619 6573 2237
4 2030 6175 6621 6600
4 6175 2159 6530 6621
4 6621 6530 2048 6620
4 6600 6621 6620 1909
4 1819 6552 6622 6006
4 6552 1911 6548 6622
4 6622 6548 1989 6109
4 6006 6622 6109 1895
4 2620 6422 6625 6624
4 6422 2602 6623 6625
4 6625 6623 2610 2952
4 6624 6625 2952 2658
4 1989 6547 6626 6110
4 6547 1990 6537 6626
4 6626 6537 2058 6364
4 6110 6626 6364 2098
4 2558 6627 6628 6506
4 6627 2487 5811 6628
4 6628 5811 2485 5638
4 6506 6628 5638 2530
4 2657 6629 6631 4416
4 6629 2692 6630 6631
4 6631 6630 2731 6565
4 4416 6631 6565 2707
4 2133 6632 6634 6633
4 6632 2059 6596 6634
4 6634 6596 1902 6557
4 6633 6634 6557 2031
4 2761 6244 6635 5016
4 6244 2782 6378 6635
4 6635 6378 2808 6230
4 5016 6635 6230 2721
4 2748 6285 6637 6220
4 6285 2728 6228 6637
4 6637 6228 2716 6636
4 6220 6637 6636 2793
4 2606 6464 6639 6193
4 6464 2662 6638 6639
4 6639 6638 2709 6121
4 6193 6639 6121 2688
4 2824 6598 6641 6640
4 6598 2813 5480 6641
4 6641 5480 2833 6448
4 6640 6641 6448 2852
4 1754 6486 6642 5894
4 6486 1845 6556 6642
4 6642 6556 1842 6021
4 5894 6642 6021 1659
4 2047 6520 6643 5609
4 6520 2132 6439 6643
4 6643 6439 2199 6338
4 5609 6643 6338 2267
4 2826 6468 6645 6360
4 6468 2822 6644 6645
4 6645 6644 2847 6209
4 6360 6645 6209 2835
4 2298 6335 6646 6249
4 6335 2199 6438 6646
4 6646 6438 2128 5972
4 6249 6646 5972 2236
4 2431 2896 6648 5922
4 2896 2418 6647 6648
4 6648 6647 2484 6534
4 5922 6648 6534 2514
4 2730 6566 6650 6321
4 6566 2731 6649 6650
4 6650 6649 2732 2943
4 6321 6650 2943 2753
4 2443 6417 6651 4773
4 6417 2475 2934 6651
4 6651 2934 2524 6489
4 4773 6651 6489 2498
4 2601 6652 6655 6654
4 6652 2559 2935 6655
4 6655 2935 2529 6653
4 6654 6655 6653 2579
4 2853 6656 6658 2924
4 6656 2866 6657 6658
4 6658 6657 2827 6355
4 2924 6658 6355 2802
4 2714 6454 6659 6222
4 6454 2754 6589 6659
4 6659 6589 2727 6382
4 6222 6659 6382 2681
4 2801 6495 6660 3787
4 6495 2827 6657 6660
4 6660 6657 2866 6581
4 3787 6660 6581 2844
4 2792 6568 6661 6133
4 6568 2818 6400 6661
4 6661 6400 2780 6593
4 6133 6661 6593 2756
4 2484 6647 6662 2893
4 6647 2418 5731 6662
4 6662 5731 2487 6627
4 2893 6662 6627 2558
4 2873 2890 6663 5319
4 2890 2844 6580 6663
4 6663 6580 2862 5471
4 5319 6663 5471 2841
4 2650 6664 6666 6281
4 6664 2692 2899 6666
4 6666 2899 2680 6665
4 6281 6666 6665 2609
4 2883 2926 6668 6166
4 2926 2876 6119 6668
4 6668 6119 2882 6667
4 6166 6668 6667 2875
4 2622 6261 6669 4557
4 6261 2663 6559 6669
4 6669 6559 2690 6178
4 4557 6669 6178 2644
4 2874 6670 6672 6671
4 6670 2840 5593 6672
4 6672 5593 2861 4597
4 6671 6672 4597 2880
4 2048 6673 6674 6620
4 6673 2133 6633 6674
4 6674 6633 2031 6305
4 6620 6674 6305 1909
4 2242 6675 6677 6676
4 6675 2133 6673 6677
4 6677 6673 2048 6529
4 6676 6677 6529 2240
4 2681 6381 6678 6223
4 6381 2664 6390 6678
4 6678 6390 2612 4960
4 6223 6678 4960 2710
4 2810 6679 6681 5649
4 6679 2854 6412 6681
4 6681 6412 2838 6680
4 5649 6681 6680 2794
4 2692 6629 6683 2900
4 6629 2657 4260 6683
4 6683 4260 2639 6682
4 2900 6683 6682 2618
4 1967 6684 6685 6255
4 6684 2057 6483 6685
4 6685 6483 2117 6264
4 6255 6685 6264 2138
4 2618 6682 6687 6686
4 6682 2639 5785 6687
4 6687 5785 2591 2902
4 6686 6687 2902 2570
4 2658 6688 6689 6624
4 6688 2709 6638 6689
4 6689 6638 2662 6470
4 6624 6689 6470 2620
4 2777 6690 6692 6691
4 6690 2723 6034 6692
4 6692 6034 2769 5650
4 6691 6692 5650 2794
4 2790 2888 6693 5027
4 2888 2806 6479 6693
4 6693 6479 2829 6314
4 5027 6693 6314 2814
4 2794 6680 6695 6691
4 6680 2838 6480 6695
4 6695 6480 2806 6694
4 6691 6695 6694 2777
4 2314 6409 6696 6477
4 6409 2261 6426 6696
4 6696 6426 2251 6040
4 6477 6696 6040 2409
4 2798 6697 6699 5746
4 6697 2762 4379 6699
4 6699 4379 2760 6698
4 5746 6699 6698 2773
4 2130 6362 6701 6700
4 6362 2058 6536 6701
4 6701 6536 2059 6632
4 6700 6701 6632 2133
4 2594 4764 6703 5002
4 4764 2660 6466 6703
4 6703 6466 2679 6702
4 5002 6703 6702 2634
4 2129 2938 6705 6704
4 2938 2105 2921 6705
4 6705 2921 2174 2945
4 6704 6705 2945 2241
4 2877 2886 6707 6706
4 2886 2872 6278 6707
4 6707 6278 2875 6667
4 6706 6707 6667 2882
4 2618 6686 6709 2901
4 6686 2570 6173 6709
4 6709 6173 2641 6708
4 2901 6709 6708 2680
4 2773 6698 6710 6563
4 6698 2760 6541 6710
4 6710 6541 2743 6501
4 6563 6710 6501 2720
4 2870 6554 6712 6118
4 6554 2867 6711 6712
4 6712 6711 2877 6706
4 6118 6712 6706 2882
4 2840 6670 6714 6713
4 6670 2874 2947 6714
4 6714 2947 2865 6413
4 6713 6714 6413 2854
4 2634 6702 6716 5228
4 6702 2679 6442 6716
4 6716 6442 2617 6715
4 5228 6716 6715 2600
4 2650 6717 6718 6664
4 6717 2732 6649 6718
4 6718 6649 2731 6630
4 6664 6718 6630 2692
4 2321 6368 6720 6591
4 6368 2268 6719 6720
4 6720 6719 2320 6497
4 6591 6720 6497 2410
4 2879 5142 6722 6721
4 5142 2881 6351 6722
4 6722 6351 2878 4133
4 6721 6722 4133 2868
4 1843 2910 6723 6000
4 2910 1679 6331 6723
4 6723 6331 1724 6154
4 6000 6723 6154 1680
4 2709 6688 6724 6122
4 6688 2658 2951 6724
4 6724 2951 2713 6491
4 6122 6724 6491 2725
4 2793 6636 6725 5564
4 6636 2716 5835 6725
4 6725 5835 2762 6697
4 5564 6725 6697 2798
4 2303 6726 6728 6574
4 6726 2191 6727 6728
4 6728 6727 2262 6289
4 6574 6728 6289 2198
4 2822 6372 6730 6644
4 6372 2845 6729 6730
4 6730 6729 2859 6353
4 6644 6730 6353 2847
4 2749 6594 6731 6431
4 6594 2780 6403 6731
4 6731 6403 2805 2931
4 6431 6731 2931 2783
4 2131 6363 6733 6092
4 6363 2130 6732 6733
4 6733 6732 2194 6450
4 6092 6733 6450 2234
4 2854 6679 6734 6713
4 6679 2810 5531 6734
4 6734 5531 2830 5592
4 6713 6734 5592 2840
4 1880 6049 6735 6343
4 6049 1987 6375 6735
4 6735 6375 2035 6612
4 6343 6735 6612 1960
4 2601 6736 6737 6652
4 6736 2602 2932 6737
4 6737 2932 2475 6561
4 6652 6737 6561 2559
4 2036 2957 6738 6018
4 2957 2057 6684 6738
4 6738 6684 1967 6239
4 6018 6738 6239 1894
4 2096 6103 6740 6606
4 6103 2119 6739 6740
4 6740 6739 2241 2944
4 6606 6740 2944 1975
4 2845 6129 6741 6729
4 6129 2820 6217 6741
4 6741 6217 2856 6277
4 6729 6741 6277 2859
4 2877 6711 6742 2884
4 6711 2867 2948 6742
4 6742 2948 2874 6671
4 2884 6742 6671 2880
4 2268 6452 6744 6719
4 6452 2302 6743 6744
4 6744 6743 2254 5714
4 6719 6744 5714 2320
4 2600 6715 6745 6615
4 6715 2617 6396 6745
4 6745 6396 2579 6653
4 6615 6745 6653 2529
4 1740 6487 6746 6601
4 6487 1653 6346 6746
4 6746 6346 1717 6275
4 6601 6746 6275 1834
4 2262 6727 6748 6292
4 6727 2191 6259 6748
4 6748 6259 2301 6747
4 6292 6748 6747 2359
4 2806 2887 6751 6694
4 2887 2796 6749 6751
4 6751 6749 2797 6750
4 6694 6751 6750 2777
4 1954 6545 6752 6002
4 6545 2034 6576 6752
4 6752 6576 1883 2908
4 6002 6752 2908 1843
4 2240 6753 6755 6676
4 6753 2302 6451 6755
4 6755 6451 2194 6754
4 6676 6755 6754 2242
4 2302 6753 6756 6743
4 6753 2240 6531 6756
4 6756 6531 2186 5867
4 6743 6756 5867 2254
4 1975 2946 6758 6605
4 2946 2174 6107 6758
4 6758 6107 2103 6757
4 6605 6758 6757 1959
4 2239 6759 6760 6618
4 6759 2119 6258 6760
4 6760 6258 2191 6726
4 6618 6760 6726 2303
4 2834 6584 6761 6402
4 6584 2825 5566 6761
4 6761 5566 2819 2929
4 6402 6761 2929 2805
4 2873 5318 6762 2891
4 5318 2879 6721 6762
4 6762 6721 2868 3937
4 2891 6762 3937 2858
4 1748 6608 6763 6325
4 6608 1844 2914 6763
4 6763 2914 1805 5963
4 6325 6763 5963 1666
4 1746 2918 6764 2905
4 2918 2033 5522 6764
4 6764 5522 1956 6610
4 2905 6764 6610 1882
4 2732 6717 6765 2941
4 6717 2650 6282 6765
4 6765 6282 2694 6191
4 2941 6765 6191 2772
4 2797 6749 6767 6766
4 6749 2796 6320 6767
4 6767 6320 2753 2942
4 6766 6767 2942 2772
4 2355 6407 6768 5274
4 6407 2411 2962 6768
4 6768 2962 2359 6747
4 5274 6768 6747 2301
4 1806 6525 6769 6324
4 6525 1665 2906 6769
4 6769 2906 1882 6609
4 6324 6769 6609 1748
4 2723 6690 6770 6190
4 6690 2777 6750 6770
4 6770 6750 2797 6766
4 6190 6770 6766 2772
4 2565 5656 6771 5501
4 5656 2609 6665 6771
4 6771 6665 2680 6708
4 5501 6771 6708 2641
4 2852 2960 6772 6640
4 2960 2866 6656 6772
4 6772 6656 2853 6586
4 6640 6772 6586 2824
4 2033 2917 6773 5523
4 2917 1846 5762 6773
4 6773 5762 1959 6757
4 5523 6773 6757 2103
4 2130 6700 6774 6732
4 6700 2133 6675 6774
4 6774 6675 2242 6754
4 6732 6774 6754 2194
4 2601 6654 6775 6736
4 6654 2579 6398 6775
4 6775 6398 2610 6623
4 6736 6775 6623 2602
4 2239 6617 6776 6759
4 6617 2129 6704 6776
4 6776 6704 2241 6739
4 6759 6776 6739 2119
4 2877 2884 6777 2886
4 2884 2880 2885 6777
4 2886 6777 2885 2872
4 2796 2887 6778 2889
4 2887 2806 2888 6778
4 2889 6778 2888 2790
4 2844 2890 6779 2892
4 2890 2873 2891 6779
4 2892 6779 2891 2858
4 2484 2893 6780 2895
4 2893 2558 2894 6780
4 2895 6780 2894 2523
4 2418 2896 6781 2898
4 2896 2431 2897 6781
4 2898 6781 2897 2427
4 2680 2899 6782 2901
4 2899 2692 2900 6782
4 2901 6782 2900 2618
4 2570 2902 6783 2904
4 2902 2591 2903 6783
4 2904 6783 2903 2523
4 1746 2905 6784 2907
4 2905 1882 2906 6784
4 2907 6784 2906 1665
4 1843 2908 6785 2910
4 2908 1883 2909 6785
4 2910 6785 2909 1679
4 2314 2911 6786 2913
4 2911 2427 2912 6786
4 2913 6786 2912 2411
4 1805 2914 6787 2916
4 2914 1844 2915 6787
4 2916 6787 2915 1722
4 1846 2917 6788 2919
4 2917 2033 2918 6788
4 2919 6788 2918 1746
4 1986 2920 6789 2922
4 2920 2174 2921 6789
4 2922 6789 2921 2105
4 2825 2923 6790 2925
4 2923 2853 2924 6790
4 2925 6790 2924 2802
4 2876 2926 6791 2928
4 2926 2883 2927 6791
4 2928 6791 2927 2881
4 2805 2929 6792 2931
4 2929 2819 2930 6792
4 2931 6792 2930 2783
4 2475 2932 6793 2934
4 2932 2602 2933 6793
4 2934 6793 2933 2524
4 2529 2935 6794 2937
4 2935 2559 2936 6794
4 2937 6794 2936 2483
4 2105 2938 6795 2940
4 2938 2129 2939 6795
4 2940 6795 2939 1973
4 2732 2941 6796 2943
4 2941 2772 2942 6796
4 2943 6796 2942 2753
4 1975 2944 6797 2946
4 2944 2241 2945 6797
4 2946 6797 2945 2174
4 2865 2947 6798 2949
4 2947 2874 2948 6798
4 2949 6798 2948 2867
4 2610 2950 6799 2952
4 2950 2713 2951 6799
4 2952 6799 2951 2658
4 2855 2953 6800 2955
4 2953 2865 2954 6800
4 2955 6800 2954 2843
4 2035 2956 6801 2958
4 2956 2057 2957 6801
4 2958 6801 2957 2036
4 2842 2959 6802 2961
4 2959 2866 2960 6802
4 2961 6802 2960 2852
4 2359 2962 6803 2964
4 2962 2411 2963 6803
4 2964 6803 2963 2319
4 35 734 6854 827
4 734 735 6852 6854
4 6854 6852 6804 6853
4 827 6854 6853 826
4 826 6853 6857 825
4 6853 6804 6855 6857
4 6857 6855 6805 6856
4 825 6857 6856 824
4 824 6856 6860 823
4 6856 6805 6858 6860
4 6860 6858 6806 6859
4 823 6860 6859 822
4 822 6859 6863 821
4 6859 6806 6861 6863
4 6863 6861 6807 6862
4 821 6863 6862 820
4 820 6862 6866 819
4 6862 6807 6864 6866
4 6866 6864 6808 6865
4 819 6866 6865 818
4 818 6865 6869 817
4 6865 6808 6867 6869
4 6869 6867 6809 6868
4 817 6869 6868 816
4 816 6868 6872 815
4 6868 6809 6870 6872
4 6872 6870 6810 6871
4 815 6872 6871 814
4 814 6871 6875 813
4 6871 6810 6873 6875
4 6875 6873 6811 6874
4 813 6875 6874 812
4 812 6874 6878 811
4 6874 6811 6876 6878
4 6878 6876 6812 6877
4 811 6878 6877 810
4 810 6877 6881 809
4 6877 6812 6879 6881
4 6881 6879 6813 6880
4 809 6881 6880 808
4 808 6880 6884 807
4 6880 6813 6882 6884
4 6884 6882 6814 6883
4 807 6884 6883 806
4 806 6883 6887 805
4 6883 6814 6885 6887
4 6887 6885 6815 6886
4 805 6887 6886 804
4 804 6886 6890 803
4 6886 6815 6888 6890
4 6890 6888 6816 6889
4 803 6890 6889 802
4 802 6889 6893 801
4 6889 6816 6891 6893
4 6893 6891 6817 6892
4 801 6893 6892 800
4 800 6892 6896 799
4 6892 6817 6894 6896
4 6896 6894 6818 6895
4 799 6896 6895 798
4 798 6895 6899 797
4 6895 6818 6897 6899
4 6899 6897 6819 6898
4 797 6899 6898 796
4 796 6898 6902 795
4 6898 6819 6900 6902
4 6902 6900 6820 6901
4 795 6902 6901 794
4 794 6901 6905 793
4 6901 6820 6903 6905
4 6905 6903 6821 6904
4 793 6905 6904 792
4 792 6904 6908 791
4 6904 6821 6906 6908
4 6908 6906 6822 6907
4 791 6908 6907 790
4 790 6907 6911 789
4 6907 6822 6909 6911
4 6911 6909 6823 6910
4 789 6911 6910 788
4 788 6910 6914 787
4 6910 6823 6912 6914
4 6914 6912 6824 6913
4 787 6914 6913 786
4 786 6913 6917 785
4 6913 6824 6915 6917
4 6917 6915 6825 6916
4 785 6917 6916 784
4 784 6916 6920 783
4 6916 6825 6918 6920
4 6920 6918 6826 6919
4 783 6920 6919 782
4 782 6919 6923 781
4 6919 6826 6921 6923
4 6923 6921 6827 6922
4 781 6923 6922 780
4 780 6922 6925 779
4 6922 6827 6924 6925
4 6925 6924 777 778
4 779 6925 778 39
4 735 736 6928 6852
4 736 737 6926 6928
4 6928 6926 6828 6927
4 6852 6928 6927 6804
4 6804 6927 6931 6855
4 6927 6828 6929 6931
4 6931 6929 6829 6930
4 6855 6931 6930 6805
4 6805 6930 6934 6858
4 6930 6829 6932 6934
4 6934 6932 6830 6933
4 6858 6934 6933 6806
4 6806 6933 6937 6861
4 6933 6830 6935 6937
4 6937 6935 6831 6936
4 6861 6937 6936 6807
4 6807 6936 6940 6864
4 6936 6831 6938 6940
4 6940 6938 6832 6939
4 6864 6940 6939 6808
4 6808 6939 6943 6867
4 6939 6832 6941 6943
4 6943 6941 6833 6942
4 6867 6943 6942 6809
4 6809 6942 6946 6870
4 6942 6833 6944 6946
4 6946 6944 6834 6945
4 6870 6946 6945 6810
4 6810 6945 6949 6873
4 6945 6834 6947 6949
4 6949 6947 6835 6948
4 6873 6949 6948 6811
4 6811 6948 6952 6876
4 6948 6835 6950 6952
4 6952 6950 6836 6951
4 6876 6952 6951 6812
4 6812 6951 6955 6879
4 6951 6836 6953 6955
4 6955 6953 6837 6954
4 6879 6955 6954 6813
4 6813 6954 6958 6882
4 6954 6837 6956 6958
4 6958 6956 6838 6957
4 6882 6958 6957 6814
4 6814 6957 6961 6885
4 6957 6838 6959 6961
4 6961 6959 6839 6960
4 6885 6961 6960 6815
4 6815 6960 6964 6888
4 6960 6839 6962 6964
4 6964 6962 6840 6963
4 6888 6964 6963 6816
4 6816 6963 6967 6891
4 6963 6840 6965 6967
4 6967 6965 6841 6966
4 6891 6967 6966 6817
4 6817 6966 6970 6894
4 6966 6841 6968 6970
4 6970 6968 6842 6969
4 6894 6970 6969 6818
4 6818 6969 6973 6897
4 6969 6842 6971 6973
4 6973 6971 6843 6972
4 6897 6973 6972 6819
4 6819 6972 6976 6900
4 6972 6843 6974 6976
4 6976 6974 6844 6975
4 6900 6976 6975 6820
4 6820 6975 6979 6903
4 6975 6844 6977 6979
4 6979 6977 6845 6978
4 6903 6979 6978 6821
4 6821 6978 6982 6906
4 6978 6845 6980 6982
4 6982 6980 6846 6981
4 6906 6982 6981 6822
4 6822 6981 6985 6909
4 6981 6846 6983 6985
4 6985 6983 6847 6984
4 6909 6985 6984 6823
4 6823 6984 6988 6912
4 6984 6847 6986 6988
4 6988 6986 6848 6987
4 6912 6988 6987 6824
4 6824 6987 6991 6915
4 6987 6848 6989 6991
4 6991 6989 6849 6990
4 6915 6991 6990 6825
4 6825 6990 6994 6918
4 6990 6849 6992 6994
4 6994 6992 6850 6993
4 6918 6994 6993 6826
4 6826 6993 6997 6921
4 6993 6850 6995 6997
4 6997 6995 6851 6996
4 6921 6997 6996 6827
4 6827 6996 6999 6924
4 6996 6851 6998 6999
4 6999 6998 775 776
4 6924 6999 776 777
4 737 738 7001 6926
4 738 36 739 7001
4 7001 739 740 7000
4 6926 7001 7000 6828
4 6828 7000 7003 6929
4 7000 740 741 7003
4 7003 741 742 7002
4 6929 7003 7002 6829
4 6829 7002 7005 6932
4 7002 742 743 7005
4 7005 743 744 7004
4 6932 7005 7004 6830
4 6830 7004 7007 6935
4 7004 744 745 7007
4 7007 745 0 7006
4 6935 7007 7006 6831
4 6831 7006 7009 6938
4 7006 0 130 7009
4 7009 130 129 7008
4 6938 7009 7008 6832
4 6832 7008 7011 6941
4 7008 129 128 7011
4 7011 128 127 7010
4 6941 7011 7010 6833
4 6833 7010 7013 6944
4 7010 127 126 7013
4 7013 126 125 7012
4 6944 7013 7012 6834
4 6834 7012 7015 6947
4 7012 125 124 7015
4 7015 124 123 7014
4 6947 7015 7014 6835
4 6835 7014 7017 6950
4 7014 123 122 7017
4 7017 122 121 7016
4 6950 7017 7016 6836
4 6836 7016 7019 6953
4 7016 121 120 7019
4 7019 120 3 7018
4 6953 7019 7018 6837
4 6837 7018 7021 6956
4 7018 3 746 7021
4 7021 746 747 7020
4 6956 7021 7020 6838
4 6838 7020 7023 6959
4 7020 747 748 7023
4 7023 748 749 7022
4 6959 7023 7022 6839
4 6839 7022 7025 6962
4 7022 749 750 7025
4 7025 750 751 7024
4 6962 7025 7024 6840
4 6840 7024 7027 6965
4 7024 751 752 7027
4 7027 752 753 7026
4 6965 7027 7026 6841
4 6841 7026 7029 6968
4 7026 753 754 7029
4 7029 754 755 7028
4 6968 7029 7028 6842
4 6842 7028 7031 6971
4 7028 755 756 7031
4 7031 756 757 7030
4 6971 7031 7030 6843
4 6843 7030 7033 6974
4 7030 757 758 7033
4 7033 758 759 7032
4 6974 7033 7032 6844
4 6844 7032 7035 6977
4 7032 759 760 7035
4 7035 760 761 7034
4 6977 7035 7034 6845
4 6845 7034 7037 6980
4 7034 761 762 7037
4 7037 762 37 7036
4 6980 7037 7036 6846
4 6846 7036 7039 6983
4 7036 37 763 7039
4 7039 763 764 7038
4 6983 7039 7038 6847
4 6847 7038 7041 6986
4 7038 764 765 7041
4 7041 765 766 7040
4 6986 7041 7040 6848
4 6848 7040 7043 6989
4 7040 766 767 7043
4 7043 767 768 7042
4 6989 7043 7042 6849
4 6849 7042 7045 6992
4 7042 768 769 7045
4 7045 769 770 7044
4 6992 7045 7044 6850
4 6850 7044 7047 6995
4 7044 770 771 7047
4 7047 771 772 7046
4 6995 7047 7046 6851
4 6851 7046 7048 6998
4 7046 772 773 7048
4 7048 773 38 774
4 6998 7048 774 775
4 40 828 7171 919
4 828 829 7169 7171
4 7171 7169 7049 7170
4 919 7171 7170 918
4 918 7170 7174 917
4 7170 7049 7172 7174
4 7174 7172 7050 7173
4 917 7174 7173 916
4 916 7173 7177 915
4 7173 7050 7175 7177
4 7177 7175 7051 7176
4 915 7177 7176 914
4 914 7176 7180 913
4 7176 7051 7178 7180
4 7180 7178 7052 7179
4 913 7180 7179 1
4 1 7179 7183 94
4 7179 7052 7181 7183
4 7183 7181 7053 7182
4 94 7183 7182 95
4 95 7182 7186 96
4 7182 7053 7184 7186
4 7186 7184 7054 7185
4 96 7186 7185 97
4 97 7185 7189 98
4 7185 7054 7187 7189
4 7189 7187 7055 7188
4 98 7189 7188 99
4 99 7188 7192 100
4 7188 7055 7190 7192
4 7192 7190 7056 7191
4 100 7192 7191 101
4 101 7191 7195 102
4 7191 7056 7193 7195
4 7195 7193 7057 7194
4 102 7195 7194 103
4 103 7194 7198 104
4 7194 7057 7196 7198
4 7198 7196 7058 7197
4 104 7198 7197 2
4 2 7197 7201 912
4 7197 7058 7199 7201
4 7201 7199 7059 7200
4 912 7201 7200 911
4 911 7200 7204 910
4 7200 7059 7202 7204
4 7204 7202 7060 7203
4 910 7204 7203 909
4 909 7203 7207 908
4 7203 7060 7205 7207
4 7207 7205 7061 7206
4 908 7207 7206 907
4 907 7206 7210 906
4 7206 7061 7208 7210
4 7210 7208 7062 7209
4 906 7210 7209 905
4 905 7209 7213 904
4 7209 7062 7211 7213
4 7213 7211 7063 7212
4 904 7213 7212 903
4 903 7212 7216 902
4 7212 7063 7214 7216
4 7216 7214 7064 7215
4 902 7216 7215 901
4 901 7215 7219 900
4 7215 7064 7217 7219
4 7219 7217 7065 7218
4 900 7219 7218 899
4 899 7218 7222 898
4 7218 7065 7220 7222
4 7222 7220 7066 7221
4 898 7222 7221 897
4 897 7221 7225 896
4 7221 7066 7223 7225
4 7225 7223 7067 7224
4 896 7225 7224 45
4 45 7224 7228 895
4 7224 7067 7226 7228
4 7228 7226 7068 7227
4 895 7228 7227 894
4 894 7227 7231 893
4 7227 7068 7229 7231
4 7231 7229 7069 7230
4 893 7231 7230 892
4 892 7230 7234 891
4 7230 7069 7232 7234
4 7234 7232 7070 7233
4 891 7234 7233 890
4 890 7233 7237 889
4 7233 7070 7235 7237
4 7237 7235 7071 7236
4 889 7237 7236 888
4 888 7236 7240 887
4 7236 7071 7238 7240
4 7240 7238 7072 7239
4 887 7240 7239 886
4 886 7239 7242 885
4 7239 7072 7241 7242
4 7242 7241 883 884
4 885 7242 884 44
4 829 830 7245 7169
4 830 831 7243 7245
4 7245 7243 7073 7244
4 7169 7245 7244 7049
4 7049 7244 7248 7172
4 7244 7073 7246 7248
4 7248 7246 7074 7247
4 7172 7248 7247 7050
4 7050 7247 7251 7175
4 7247 7074 7249 7251
4 7251 7249 7075 7250
4 7175 7251 7250 7051
4 7051 7250 7254 7178
4 7250 7075 7252 7254
4 7254 7252 7076 7253
4 7178 7254 7253 7052
4 7052 7253 7257 7181
4 7253 7076 7255 7257
4 7257 7255 7077 7256
4 7181 7257 7256 7053
4 7053 7256 7260 7184
4 7256 7077 7258 7260
4 7260 7258 7078 7259
4 7184 7260 7259 7054
4 7054 7259 7263 7187
4 7259 7078 7261 7263
4 7263 7261 7079 7262
4 7187 7263 7262 7055
4 7055 7262 7266 7190
4 7262 7079 7264 7266
4 7266 7264 7080 7265
4 7190 7266 7265 7056
4 7056 7265 7269 7193
4 7265 7080 7267 7269
4 7269 7267 7081 7268
4 7193 7269 7268 7057
4 7057 7268 7272 7196
4 7268 7081 7270 7272
4 7272 7270 7082 7271
4 7196 7272 7271 7058
4 7058 7271 7275 7199
4 7271 7082 7273 7275
4 7275 7273 7083 7274
4 7199 7275 7274 7059
4 7059 7274 7278 7202
4 7274 7083 7276 7278
4 7278 7276 7084 7277
4 7202 7278 7277 7060
4 7060 7277 7281 7205
4 7277 7084 7279 7281
4 7281 7279 7085 7280
4 7205 7281 7280 7061
4 7061 7280 7284 7208
4 7280 7085 7282 7284
4 7284 7282 7086 7283
4 7208 7284 7283 7062
4 7062 7283 7287 7211
4 7283 7086 7285 7287
4 7287 7285 7087 7286
4 7211 7287 7286 7063
4 7063 7286 7290 7214
4 7286 7087 7288 7290
4 7290 7288 7088 7289
4 7214 7290 7289 7064
4 7064 7289 7293 7217
4 7289 7088 7291 7293
4 7293 7291 7089 7292
4 7217 7293 7292 7065
4 7065 7292 7296 7220
4 7292 7089 7294 7296
4 7296 7294 7090 7295
4 7220 7296 7295 7066
4 7066 7295 7299 7223
4 7295 7090 7297 7299
4 7299 7297 7091 7298
4 7223 7299 7298 7067
4 7067 7298 7302 7226
4 7298 7091 7300 7302
4 7302 7300 7092 7301
4 7226 7302 7301 7068
4 7068 7301 7305 7229
4 7301 7092 7303 7305
4 7305 7303 7093 7304
4 7229 7305 7304 7069
4 7069 7304 7308 7232
4 7304 7093 7306 7308
4 7308 7306 7094 7307
4 7232 7308 7307 7070
4 7070 7307 7311 7235
4 7307 7094 7309 7311
4 7311 7309 7095 7310
4 7235 7311 7310 7071
4 7071 7310 7314 7238
4 7310 7095 7312 7314
4 7314 7312 7096 7313
4 7238 7314 7313 7072
4 7072 7313 7316 7241
4 7313 7096 7315 7316
4 7316 7315 881 882
4 7241 7316 882 883
4 831 832 7319 7243
4 832 833 7317 7319
4 7319 7317 7097 7318
4 7243 7319 7318 7073
4 7073 7318 7322 7246
4 7318 7097 7320 7322
4 7322 7320 7098 7321
4 7246 7322 7321 7074
4 7074 7321 7325 7249
4 7321 7098 7323 7325
4 7325 7323 7099 7324
4 7249 7325 7324 7075
4 7075 7324 7328 7252
4 7324 7099 7326 7328
4 7328 7326 7100 7327
4 7252 7328 7327 7076
4 7076 7327 7331 7255
4 7327 7100 7329 7331
4 7331 7329 7101 7330
4 7255 7331 7330 7077
4 7077 7330 7334 7258
4 7330 7101 7332 7334
4 7334 7332 7102 7333
4 7258 7334 7333 7078
4 7078 7333 7337 7261
4 7333 7102 7335 7337
4 7337 7335 7103 7336
4 7261 7337 7336 7079
4 7079 7336 7340 7264
4 7336 7103 7338 7340
4 7340 7338 7104 7339
4 7264 7340 7339 7080
4 7080 7339 7343 7267
4 7339 7104 7341 7343
4 7343 7341 7105 7342
4 7267 7343 7342 7081
4 7081 7342 7346 7270
4 7342 7105 7344 7346
4 7346 7344 7106 7345
4 7270 7346 7345 7082
4 7082 7345 7349 7273
4 7345 7106 7347 7349
4 7349 7347 7107 7348
4 7273 7349 7348 7083
4 7083 7348 7352 7276
4 7348 7107 7350 7352
4 7352 7350 7108 7351
4 7276 7352 7351 7084
4 7084 7351 7355 7279
4 7351 7108 7353 7355
4 7355 7353 7109 7354
4 7279 7355 7354 7085
4 7085 7354 7358 7282
4 7354 7109 7356 7358
4 7358 7356 7110 7357
4 7282 7358 7357 7086
4 7086 7357 7361 7285
4 7357 7110 7359 7361
4 7361 7359 7111 7360
4 7285 7361 7360 7087
4 7087 7360 7364 7288
4 7360 7111 7362 7364
4 7364 7362 7112 7363
4 7288 7364 7363 7088
4 7088 7363 7367 7291
4 7363 7112 7365 7367
4 7367 7365 7113 7366
4 7291 7367 7366 7089
4 7089 7366 7370 7294
4 7366 7113 7368 7370
4 7370 7368 7114 7369
4 7294 7370 7369 7090
4 7090 7369 7373 7297
4 7369 7114 7371 7373
4 7373 7371 7115 7372
4 7297 7373 7372 7091
4 7091 7372 7376 7300
4 7372 7115 7374 7376
4 7376 7374 7116 7375
4 7300 7376 7375 7092
4 7092 7375 7379 7303
4 7375 7116 7377 7379
4 7379 7377 7117 7378
4 7303 7379 7378 7093
4 7093 7378 7382 7306
4 7378 7117 7380 7382
4 7382 7380 7118 7381
4 7306 7382 7381 7094
4 7094 7381 7385 7309
4 7381 7118 7383 7385
4 7385 7383 7119 7384
4 7309 7385 7384 7095
4 7095 7384 7388 7312
4 7384 7119 7386 7388
4 7388 7386 7120 7387
4 7312 7388 7387 7096
4 7096 7387 7390 7315
4 7387 7120 7389 7390
4 7390 7389 879 880
4 7315 7390 880 881
4 833 834 7393 7317
4 834 835 7391 7393
4 7393 7391 7121 7392
4 7317 7393 7392 7097
4 7097 7392 7396 7320
4 7392 7121 7394 7396
4 7396 7394 7122 7395
4 7320 7396 7395 7098
4 7098 7395 7399 7323
4 7395 7122 7397 7399
4 7399 7397 7123 7398
4 7323 7399 7398 7099
4 7099 7398 7402 7326
4 7398 7123 7400 7402
4 7402 7400 7124 7401
4 7326 7402 7401 7100
4 7100 7401 7405 7329
4 7401 7124 7403 7405
4 7405 7403 7125 7404
4 7329 7405 7404 7101
4 7101 7404 7408 7332
4 7404 7125 7406 7408
4 7408 7406 7126 7407
4 7332 7408 7407 7102
4 7102 7407 7411 7335
4 7407 7126 7409 7411
4 7411 7409 7127 7410
4 7335 7411 7410 7103
4 7103 7410 7414 7338
4 7410 7127 7412 7414
4 7414 7412 7128 7413
4 7338 7414 7413 7104
4 7104 7413 7417 7341
4 7413 7128 7415 7417
4 7417 7415 7129 7416
4 7341 7417 7416 7105
4 7105 7416 7420 7344
4 7416 7129 7418 7420
4 7420 7418 7130 7419
4 7344 7420 7419 7106
4 7106 7419 7423 7347
4 7419 7130 7421 7423
4 7423 7421 7131 7422
4 7347 7423 7422 7107
4 7107 7422 7426 7350
4 7422 7131 7424 7426
4 7426 7424 7132 7425
4 7350 7426 7425 7108
4 7108 7425 7429 7353
4 7425 7132 7427 7429
4 7429 7427 7133 7428
4 7353 7429 7428 7109
4 7109 7428 7432 7356
4 7428 7133 7430 7432
4 7432 7430 7134 7431
4 7356 7432 7431 7110
4 7110 7431 7435 7359
4 7431 7134 7433 7435
4 7435 7433 7135 7434
4 7359 7435 7434 7111
4 7111 7434 7438 7362
4 7434 7135 7436 7438
4 7438 7436 7136 7437
4 7362 7438 7437 7112
4 7112 7437 7441 7365
4 7437 7136 7439 7441
4 7441 7439 7137 7440
4 7365 7441 7440 7113
4 7113 7440 7444 7368
4 7440 7137 7442 7444
4 7444 7442 7138 7443
4 7368 7444 7443 7114
4 7114 7443 7447 7371
4 7443 7138 7445 7447
4 7447 7445 7139 7446
4 7371 7447 7446 7115
4 7115 7446 7450 7374
4 7446 7139 7448 7450
4 7450 7448 7140 7449
4 7374 7450 7449 7116
4 7116 7449 7453 7377
4 7449 7140 7451 7453
4 7453 7451 7141 7452
4 7377 7453 7452 7117
4 7117 7452 7456 7380
4 7452 7141 7454 7456
4 7456 7454 7142 7455
4 7380 7456 7455 7118
4 7118 7455 7459 7383
4 7455 7142 7457 7459
4 7459 7457 7143 7458
4 7383 7459 7458 7119
4 7119 7458 7462 7386
4 7458 7143 7460 7462
4 7462 7460 7144 7461
4 7386 7462 7461 7120
4 7120 7461 7464 7389
4 7461 7144 7463 7464
4 7464 7463 877 878
4 7389 7464 878 879
4 835 836 7467 7391
4 836 837 7465 7467
4 7467 7465 7145 7466
4 7391 7467 7466 7121
4 7121 7466 7470 7394
4 7466 7145 7468 7470
4 7470 7468 7146 7469
4 7394 7470 7469 7122
4 7122 7469 7473 7397
4 7469 7146 7471 7473
4 7473 7471 7147 7472
4 7397 7473 7472 7123
4 7123 7472 7476 7400
4 7472 7147 7474 7476
4 7476 7474 7148 7475
4 7400 7476 7475 7124
4 7124 7475 7479 7403
4 7475 7148 7477 7479
4 7479 7477 7149 7478
4 7403 7479 7478 7125
4 7125 7478 7482 7406
4 7478 7149 7480 7482
4 7482 7480 7150 7481
4 7406 7482 7481 7126
4 7126 7481 7485 7409
4 7481 7150 7483 7485
4 7485 7483 7151 7484
4 7409 7485 7484 7127
4 7127 7484 7488 7412
4 7484 7151 7486 7488
4 7488 7486 7152 7487
4 7412 7488 7487 7128
4 7128 7487 7491 7415
4 7487 7152 7489 7491
4 7491 7489 7153 7490
4 7415 7491 7490 7129
4 7129 7490 7494 7418
4 7490 7153 7492 7494
4 7494 7492 7154 7493
4 7418 7494 7493 7130
4 7130 7493 7497 7421
4 7493 7154 7495 7497
4 7497 7495 7155 7496
4 7421 7497 7496 7131
4 7131 7496 7500 7424
4 7496 7155 7498 7500
4 7500 7498 7156 7499
4 7424 7500 7499 7132
4 7132 7499 7503 7427
4 7499 7156 7501 7503
4 7503 7501 7157 7502
4 7427 7503 7502 7133
4 7133 7502 7506 7430
4 7502 7157 7504 7506
4 7506 7504 7158 7505
4 7430 7506 7505 7134
4 7134 7505 7509 7433
4 7505 7158 7507 7509
4 7509 7507 7159 7508
4 7433 7509 7508 7135
4 7135 7508 7512 7436
4 7508 7159 7510 7512
4 7512 7510 7160 7511
4 7436 7512 7511 7136
4 7136 7511 7515 7439
4 7511 7160 7513 7515
4 7515 7513 7161 7514
4 7439 7515 7514 7137
4 7137 7514 7518 7442
4 7514 7161 7516 7518
4 7518 7516 7162 7517
4 7442 7518 7517 7138
4 7138 7517 7521 7445
4 7517 7162 7519 7521
4 7521 7519 7163 7520
4 7445 7521 7520 7139
4 7139 7520 7524 7448
4 7520 7163 7522 7524
4 7524 7522 7164 7523
4 7448 7524 7523 7140
4 7140 7523 7527 7451
4 7523 7164 7525 7527
4 7527 7525 7165 7526
4 7451 7527 7526 7141
4 7141 7526 7530 7454
4 7526 7165 7528 7530
4 7530 7528 7166 7529
4 7454 7530 7529 7142
4 7142 7529 7533 7457
4 7529 7166 7531 7533
4 7533 7531 7167 7532
4 7457 7533 7532 7143
4 7143 7532 7536 7460
4 7532 7167 7534 7536
4 7536 7534 7168 7535
4 7460 7536 7535 7144
4 7144 7535 7538 7463
4 7535 7168 7537 7538
4 7538 7537 875 876
4 7463 7538 876 877
4 837 838 7540 7465
4 838 41 839 7540
4 7540 839 840 7539
4 7465 7540 7539 7145
4 7145 7539 7542 7468
4 7539 840 841 7542
4 7542 841 842 7541
4 7468 7542 7541 7146
4 7146 7541 7544 7471
4 7541 842 843 7544
4 7544 843 844 7543
4 7471 7544 7543 7147
4 7147 7543 7546 7474
4 7543 844 845 7546
4 7546 845 4 7545
4 7474 7546 7545 7148
4 7148 7545 7548 7477
4 7545 4 182 7548
4 7548 182 181 7547
4 7477 7548 7547 7149
4 7149 7547 7550 7480
4 7547 181 180 7550
4 7550 180 179 7549
4 7480 7550 7549 7150
4 7150 7549 7552 7483
4 7549 179 178 7552
4 7552 178 177 7551
4 7483 7552 7551 7151
4 7151 7551 7554 7486
4 7551 177 176 7554
4 7554 176 175 7553
4 7486 7554 7553 7152
4 7152 7553 7556 7489
4 7553 175 174 7556
4 7556 174 173 7555
4 7489 7556 7555 7153
4 7153 7555 7558 7492
4 7555 173 172 7558
4 7558 172 7 7557
4 7492 7558 7557 7154
4 7154 7557 7560 7495
4 7557 7 846 7560
4 7560 846 847 7559
4 7495 7560 7559 7155
4 7155 7559 7562 7498
4 7559 847 848 7562
4 7562 848 849 7561
4 7498 7562 7561 7156
4 7156 7561 7564 7501
4 7561 849 850 7564
4 7564 850 851 7563
4 7501 7564 7563 7157
4 7157 7563 7566 7504
4 7563 851 852 7566
4 7566 852 853 7565
4 7504 7566 7565 7158
4 7158 7565 7568 7507
4 7565 853 854 7568
4 7568 854 855 7567
4 7507 7568 7567 7159
4 7159 7567 7570 7510
4 7567 855 856 7570
4 7570 856 857 7569
4 7510 7570 7569 7160
4 7160 7569 7572 7513
4 7569 857 858 7572
4 7572 858 859 7571
4 7513 7572 7571 7161
4 7161 7571 7574 7516
4 7571 859 860 7574
4 7574 860 861 7573
4 7516 7574 7573 7162
4 7162 7573 7576 7519
4 7573 861 862 7576
4 7576 862 42 7575
4 7519 7576 7575 7163
4 7163 7575 7578 7522
4 7575 42 863 7578
4 7578 863 864 7577
4 7522 7578 7577 7164
4 7164 7577 7580 7525
4 7577 864 865 7580
4 7580 865 866 7579
4 7525 7580 7579 7165
4 7165 7579 7582 7528
4 7579 866 867 7582
4 7582 867 868 7581
4 7528 7582 7581 7166
4 7166 7581 7584 7531
4 7581 868 869 7584
4 7584 869 870 7583
4 7531 7584 7583 7167
4 7167 7583 7586 7534
4 7583 870 871 7586
4 7586 871 872 7585
4 7534 7586 7585 7168
4 7168 7585 7587 7537
4 7585 872 873 7587
4 7587 873 43 874
4 7537 7587 874 875
4 46 920 7710 1011
4 920 921 7708 7710
4 7710 7708 7588 7709
4 1011 7710 7709 1010
4 1010 7709 7713 1009
4 7709 7588 7711 7713
4 7713 7711 7589 7712
4 1009 7713 7712 1008
4 1008 7712 7716 1007
4 7712 7589 7714 7716
4 7716 7714 7590 7715
4 1007 7716 7715 1006
4 1006 7715 7719 1005
4 7715 7590 7717 7719
4 7719 7717 7591 7718
4 1005 7719 7718 5
4 5 7718 7722 146
4 7718 7591 7720 7722
4 7722 7720 7592 7721
4 146 7722 7721 147
4 147 7721 7725 148
4 7721 7592 7723 7725
4 7725 7723 7593 7724
4 148 7725 7724 149
4 149 7724 7728 150
4 7724 7593 7726 7728
4 7728 7726 7594 7727
4 150 7728 7727 151
4 151 7727 7731 152
4 7727 7594 7729 7731
4 7731 7729 7595 7730
4 152 7731 7730 153
4 153 7730 7734 154
4 7730 7595 7732 7734
4 7734 7732 7596 7733
4 154 7734 7733 155
4 155 7733 7737 156
4 7733 7596 7735 7737
4 7737 7735 7597 7736
4 156 7737 7736 6
4 6 7736 7740 1004
4 7736 7597 7738 7740
4 7740 7738 7598 7739
4 1004 7740 7739 1003
4 1003 7739 7743 1002
4 7739 7598 7741 7743
4 7743 7741 7599 7742
4 1002 7743 7742 1001
4 1001 7742 7746 1000
4 7742 7599 7744 7746
4 7746 7744 7600 7745
4 1000 7746 7745 999
4 999 7745 7749 998
4 7745 7600 7747 7749
4 7749 7747 7601 7748
4 998 7749 7748 997
4 997 7748 7752 996
4 7748 7601 7750 7752
4 7752 7750 7602 7751
4 996 7752 7751 995
4 995 7751 7755 994
4 7751 7602 7753 7755
4 7755 7753 7603 7754
4 994 7755 7754 993
4 993 7754 7758 992
4 7754 7603 7756 7758
4 7758 7756 7604 7757
4 992 7758 7757 991
4 991 7757 7761 990
4 7757 7604 7759 7761
4 7761 7759 7605 7760
4 990 7761 7760 989
4 989 7760 7764 988
4 7760 7605 7762 7764
4 7764 7762 7606 7763
4 988 7764 7763 51
4 51 7763 7767 987
4 7763 7606 7765 7767
4 7767 7765 7607 7766
4 987 7767 7766 986
4 986 7766 7770 985
4 7766 7607 7768 7770
4 7770 7768 7608 7769
4 985 7770 7769 984
4 984 7769 7773 983
4 7769 7608 7771 7773
4 7773 7771 7609 7772
4 983 7773 7772 982
4 982 7772 7776 981
4 7772 7609 7774 7776
4 7776 7774 7610 7775
4 981 7776 7775 980
4 980 7775 7779 979
4 7775 7610 7777 7779
4 7779 7777 7611 7778
4 979 7779 7778 978
4 978 7778 7781 977
4 7778 7611 7780 7781
4 7781 7780 975 976
4 977 7781 976 50
4 921 922 7784 7708
4 922 923 7782 7784
4 7784 7782 7612 7783
4 7708 7784 7783 7588
4 7588 7783 7787 7711
4 7783 7612 7785 7787
4 7787 7785 7613 7786
4 7711 7787 7786 7589
4 7589 7786 7790 7714
4 7786 7613 7788 7790
4 7790 7788 7614 7789
4 7714 7790 7789 7590
4 7590 7789 7793 7717
4 7789 7614 7791 7793
4 7793 7791 7615 7792
4 7717 7793 7792 7591
4 7591 7792 7796 7720
4 7792 7615 7794 7796
4 7796 7794 7616 7795
4 7720 7796 7795 7592
4 7592 7795 7799 7723
4 7795 7616 7797 7799
4 7799 7797 7617 7798
4 7723 7799 7798 7593
4 7593 7798 7802 7726
4 7798 7617 7800 7802
4 7802 7800 7618 7801
4 7726 7802 7801 7594
4 7594 7801 7805 7729
4 7801 7618 7803 7805
4 7805 7803 7619 7804
4 7729 7805 7804 7595
4 7595 7804 7808 7732
4 7804 7619 7806 7808
4 7808 7806 7620 7807
4 7732 7808 7807 7596
4 7596 7807 7811 7735
4 7807 7620 7809 7811
4 7811 7809 7621 7810
4 7735 7811 7810 7597
4 7597 7810 7814 7738
4 7810 7621 7812 7814
4 7814 7812 7622 7813
4 7738 7814 7813 7598
4 7598 7813 7817 7741
4 7813 7622 7815 7817
4 7817 7815 7623 7816
4 7741 7817 7816 7599
4 7599 7816 7820 7744
4 7816 7623 7818 7820
4 7820 7818 7624 7819
4 7744 7820 7819 7600
4 7600 7819 7823 7747
4 7819 7624 7821 7823
4 7823 7821 7625 7822
4 7747 7823 7822 7601
4 7601 7822 7826 7750
4 7822 7625 7824 7826
4 7826 7824 7626 7825
4 7750 7826 7825 7602
4 7602 7825 7829 7753
4 7825 7626 7827 7829
4 7829 7827 7627 7828
4 7753 7829 7828 7603
4 7603 7828 7832 7756
4 7828 7627 7830 7832
4 7832 7830 7628 7831
4 7756 7832 7831 7604
4 7604 7831 7835 7759
4 7831 7628 7833 7835
4 7835 7833 7629 7834
4 7759 7835 7834 7605
4 7605 7834 7838 7762
4 7834 7629 7836 7838
4 7838 7836 7630 7837
4 7762 7838 7837 7606
4 7606 7837 7841 7765
4 7837 7630 7839 7841
4 7841 7839 7631 7840
4 7765 7841 7840 7607
4 7607 7840 7844 7768
4 7840 7631 7842 7844
4 7844 7842 7632 7843
4 7768 7844 7843 7608
4 7608 7843 7847 7771
4 7843 7632 7845 7847
4 7847 7845 7633 7846
4 7771 7847 7846 7609
4 7609 7846 7850 7774
4 7846 7633 7848 7850
4 7850 7848 7634 7849
4 7774 7850 7849 7610
4 7610 7849 7853 7777
4 7849 7634 7851 7853
4 7853 7851 7635 7852
4 7777 7853 7852 7611
4 7611 7852 7855 7780
4 7852 7635 7854 7855
4 7855 7854 973 974
4 7780 7855 974 975
4 923 924 7858 7782
4 924 925 7856 7858
4 7858 7856 7636 7857
4 7782 7858 7857 7612
4 7612 7857 7861 7785
4 7857 7636 7859 7861
4 7861 7859 7637 7860
4 7785 7861 7860 7613
4 7613 7860 7864 7788
4 7860 7637 7862 7864
4 7864 7862 7638 7863
4 7788 7864 7863 7614
4 7614 7863 7867 7791
4 7863 7638 7865 7867
4 7867 7865 7639 7866
4 7791 7867 7866 7615
4 7615 7866 7870 7794
4 7866 7639 7868 7870
4 7870 7868 7640 7869
4 7794 7870 7869 7616
4 7616 7869 7873 7797
4 7869 7640 7871 7873
4 7873 7871 7641 7872
4 7797 7873 7872 7617
4 7617 7872 7876 7800
4 7872 7641 7874 7876
4 7876 7874 7642 7875
4 7800 7876 7875 7618
4 7618 7875 7879 7803
4 7875 7642 7877 7879
4 7879 7877 7643 7878
4 7803 7879 7878 7619
4 7619 7878 7882 7806
4 7878 7643 7880 7882
4 7882 7880 7644 7881
4 7806 7882 7881 7620
4 7620 7881 7885 7809
4 7881 7644 7883 7885
4 7885 7883 7645 7884
4 7809 7885 7884 7621
4 7621 7884 7888 7812
4 7884 7645 7886 7888
4 7888 7886 7646 7887
4 7812 7888 7887 7622
4 7622 7887 7891 7815
4 7887 7646 7889 7891
4 7891 7889 7647 7890
4 7815 7891 7890 7623
4 7623 7890 7894 7818
4 7890 7647 7892 7894
4 7894 7892 7648 7893
4 7818 7894 7893 7624
4 7624 7893 7897 7821
4 7893 7648 7895 7897
4 7897 7895 7649 7896
4 7821 7897 7896 7625
4 7625 7896 7900 7824
4 7896 7649 7898 7900
4 7900 7898 7650 7899
4 7824 7900 7899 7626
4 7626 7899 7903 7827
4 7899 7650 7901 7903
4 7903 7901 7651 7902
4 7827 7903 7902 7627
4 7627 7902 7906 7830
4 7902 7651 7904 7906
4 7906 7904 7652 7905
4 7830 7906 7905 7628
4 7628 7905 7909 7833
4 7905 7652 7907 7909
4 7909 7907 7653 7908
4 7833 7909 7908 7629
4 7629 7908 7912 7836
4 7908 7653 7910 7912
4 7912 7910 7654 7911
4 7836 7912 7911 7630
4 7630 7911 7915 7839
4 7911 7654 7913 7915
4 7915 7913 7655 7914
4 7839 7915 7914 7631
4 7631 7914 7918 7842
4 7914 7655 7916 7918
4 7918 7916 7656 7917
4 7842 7918 7917 7632
4 7632 7917 7921 7845
4 7917 7656 7919 7921
4 7921 7919 7657 7920
4 7845 7921 7920 7633
4 7633 7920 7924 7848
4 7920 7657 7922 7924
4 7924 7922 7658 7923
4 7848 7924 7923 7634
4 7634 7923 7927 7851
4 7923 7658 7925 7927
4 7927 7925 7659 7926
4 7851 7927 7926 7635
4 7635 7926 7929 7854
4 7926 7659 7928 7929
4 7929 7928 971 972
4 7854 7929 972 973
4 925 926 7932 7856
4 926 927 7930 7932
4 7932 7930 7660 7931
4 7856 7932 7931 7636
4 7636 7931 7935 7859
4 7931 7660 7933 7935
4 7935 7933 7661 7934
4 7859 7935 7934 7637
4 7637 7934 7938 7862
4 7934 7661 7936 7938
4 7938 7936 7662 7937
4 7862 7938 7937 7638
4 7638 7937 7941 7865
4 7937 7662 7939 7941
4 7941 7939 7663 7940
4 7865 7941 7940 7639
4 7639 7940 7944 7868
4 7940 7663 7942 7944
4 7944 7942 7664 7943
4 7868 7944 7943 7640
4 7640 7943 7947 7871
4 7943 7664 7945 7947
4 7947 7945 7665 7946
4 7871 7947 7946 7641
4 7641 7946 7950 7874
4 7946 7665 7948 7950
4 7950 7948 7666 7949
4 7874 7950 7949 7642
4 7642 7949 7953 7877
4 7949 7666 7951 7953
4 7953 7951 7667 7952
4 7877 7953 7952 7643
4 7643 7952 7956 7880
4 7952 7667 7954 7956
4 7956 7954 7668 7955
4 7880 7956 7955 7644
4 7644 7955 7959 7883
4 7955 7668 7957 7959
4 7959 7957 7669 7958
4 7883 7959 7958 7645
4 7645 7958 7962 7886
4 7958 7669 7960 7962
4 7962 7960 7670 7961
4 7886 7962 7961 7646
4 7646 7961 7965 7889
4 7961 7670 7963 7965
4 7965 7963 7671 7964
4 7889 7965 7964 7647
4 7647 7964 7968 7892
4 7964 7671 7966 7968
4 7968 7966 7672 7967
4 7892 7968 7967 7648
4 7648 7967 7971 7895
4 7967 7672 7969 7971
4 7971 7969 7673 7970
4 7895 7971 7970 7649
4 7649 7970 7974 7898
4 7970 7673 7972 7974
4 7974 7972 7674 7973
4 7898 7974 7973 7650
4 7650 7973 7977 7901
4 7973 7674 7975 7977
4 7977 7975 7675 7976
4 7901 7977 7976 7651
4 7651 7976 7980 7904
4 7976 7675 7978 7980
4 7980 7978 7676 7979
4 7904 7980 7979 7652
4 7652 7979 7983 7907
4 7979 7676 7981 7983
4 7983 7981 7677 7982
4 7907 7983 7982 7653
4 7653 7982 7986 7910
4 7982 7677 7984 7986
4 7986 7984 7678 7985
4 7910 7986 7985 7654
4 7654 7985 7989 7913
4 7985 7678 7987 7989
4 7989 7987 7679 7988
4 7913 7989 7988 7655
4 7655 7988 7992 7916
4 7988 7679 7990 7992
4 7992 7990 7680 7991
4 7916 7992 7991 7656
4 7656 7991 7995 7919
4 7991 7680 7993 7995
4 7995 7993 7681 7994
4 7919 7995 7994 7657
4 7657 7994 7998 7922
4 7994 7681 7996 7998
4 7998 7996 7682 7997
4 7922 7998 7997 7658
4 7658 7997 8001 7925
4 7997 7682 7999 8001
4 8001 7999 7683 8000
4 7925 8001 8000 7659
4 7659 8000 8003 7928
4 8000 7683 8002 8003
4 8003 8002 969 970
4 7928 8003 970 971
4 927 928 8006 7930
4 928 929 8004 8006
4 8006 8004 7684 8005
4 7930 8006 8005 7660
4 7660 8005 8009 7933
4 8005 7684 8007 8009
4 8009 8007 7685 8008
4 7933 8009 8008 7661
4 7661 8008 8012 7936
4 8008 7685 8010 8012
4 8012 8010 7686 8011
4 7936 8012 8011 7662
4 7662 8011 8015 7939
4 8011 7686 8013 8015
4 8015 8013 7687 8014
4 7939 8015 8014 7663
4 7663 8014 8018 7942
4 8014 7687 8016 8018
4 8018 8016 7688 8017
4 7942 8018 8017 7664
4 7664 8017 8021 7945
4 8017 7688 8019 8021
4 8021 8019 7689 8020
4 7945 8021 8020 7665
4 7665 8020 8024 7948
4 8020 7689 8022 8024
4 8024 8022 7690 8023
4 7948 8024 8023 7666
4 7666 8023 8027 7951
4 8023 7690 8025 8027
4 8027 8025 7691 8026
4 7951 8027 8026 7667
4 7667 8026 8030 7954
4 8026 7691 8028 8030
4 8030 8028 7692 8029
4 7954 8030 8029 7668
4 7668 8029 8033 7957
4 8029 7692 8031 8033
4 8033 8031 7693 8032
4 7957 8033 8032 7669
4 7669 8032 8036 7960
4 8032 7693 8034 8036
4 8036 8034 7694 8035
4 7960 8036 8035 7670
4 7670 8035 8039 7963
4 8035 7694 8037 8039
4 8039 8037 7695 8038
4 7963 8039 8038 7671
4 7671 8038 8042 7966
4 8038 7695 8040 8042
4 8042 8040 7696 8041
4 7966 8042 8041 7672
4 7672 8041 8045 7969
4 8041 7696 8043 8045
4 8045 8043 7697 8044
4 7969 8045 8044 7673
4 7673 8044 8048 7972
4 8044 7697 8046 8048
4 8048 8046 7698 8047
4 7972 8048 8047 7674
4 7674 8047 8051 7975
4 8047 7698 8049 8051
4 8051 8049 7699 8050
4 7975 8051 8050 7675
4 7675 8050 8054 7978
4 8050 7699 8052 8054
4 8054 8052 7700 8053
4 7978 8054 8053 7676
4 7676 8053 8057 7981
4 8053 7700 8055 8057
4 8057 8055 7701 8056
4 7981 8057 8056 7677
4 7677 8056 8060 7984
4 8056 7701 8058 8060
4 8060 8058 7702 8059
4 7984 8060 8059 7678
4 7678 8059 8063 7987
4 8059 7702 8061 8063
4 8063 8061 7703 8062
4 7987 8063 8062 7679
4 7679 8062 8066 7990
4 8062 7703 8064 8066
4 8066 8064 7704 8065
4 7990 8066 8065 7680
4 7680 8065 8069 7993
4 8065 7704 8067 8069
4 8069 8067 7705 8068
4 7993 8069 8068 7681
4 7681 8068 8072 7996
4 8068 7705 8070 8072
4 8072 8070 7706 8071
4 7996 8072 8071 7682
4 7682 8071 8075 7999
4 8071 7706 8073 8075
4 8075 8073 7707 8074
4 7999 8075 8074 7683
4 7683 8074 8077 8002
4 8074 7707 8076 8077
4 8077 8076 967 968
4 8002 8077 968 969
4 929 930 8079 8004
4 930 47 931 8079
4 8079 931 932 8078
4 8004 8079 8078 7684
4 7684 8078 8081 8007
4 8078 932 933 8081
4 8081 933 934 8080
4 8007 8081 8080 7685
4 7685 8080 8083 8010
4 8080 934 935 8083
4 8083 935 936 8082
4 8010 8083 8082 7686
4 7686 8082 8085 8013
4 8082 936 937 8085
4 8085 937 8 8084
4 8013 8085 8084 7687
4 7687 8084 8087 8016
4 8084 8 234 8087
4 8087 234 233 8086
4 8016 8087 8086 7688
4 7688 8086 8089 8019
4 8086 233 232 8089
4 8089 232 231 8088
4 8019 8089 8088 7689
4 7689 8088 8091 8022
4 8088 231 230 8091
4 8091 230 229 8090
4 8022 8091 8090 7690
4 7690 8090 8093 8025
4 8090 229 228 8093
4 8093 228 227 8092
4 8025 8093 8092 7691
4 7691 8092 8095 8028
4 8092 227 226 8095
4 8095 226 225 8094
4 8028 8095 8094 7692
4 7692 8094 8097 8031
4 8094 225 224 8097
4 8097 224 11 8096
4 8031 8097 8096 7693
4 7693 8096 8099 8034
4 8096 11 938 8099
4 8099 938 939 8098
4 8034 8099 8098 7694
4 7694 8098 8101 8037
4 8098 939 940 8101
4 8101 940 941 8100
4 8037 8101 8100 7695
4 7695 8100 8103 8040
4 8100 941 942 8103
4 8103 942 943 8102
4 8040 8103 8102 7696
4 7696 8102 8105 8043
4 8102 943 944 8105
4 8105 944 945 8104
4 8043 8105 8104 7697
4 7697 8104 8107 8046
4 8104 945 946 8107
4 8107 946 947 8106
4 8046 8107 8106 7698
4 7698 8106 8109 8049
4 8106 947 948 8109
4 8109 948 949 8108
4 8049 8109 8108 7699
4 7699 8108 8111 8052
4 8108 949 950 8111
4 8111 950 951 8110
4 8052 8111 8110 7700
4 7700 8110 8113 8055
4 8110 951 952 8113
4 8113 952 953 8112
4 8055 8113 8112 7701
4 7701 8112 8115 8058
4 8112 953 954 8115
4 8115 954 48 8114
4 8058 8115 8114 7702
4 7702 8114 8117 8061
4 8114 48 955 8117
4 8117 955 956 8116
4 8061 8117 8116 7703
4 7703 8116 8119 8064
4 8116 956 957 8119
4 8119 957 958 8118
4 8064 8119 8118 7704
4 7704 8118 8121 8067
4 8118 958 959 8121
4 8121 959 960 8120
4 8067 8121 8120 7705
4 7705 8120 8123 8070
4 8120 960 961 8123
4 8123 961 962 8122
4 8070 8123 8122 7706
4 7706 8122 8125 8073
4 8122 962 963 8125
4 8125 963 964 8124
4 8073 8125 8124 7707
4 7707 8124 8126 8076
4 8124 964 965 8126
4 8126 965 49 966
4 8076 8126 966 967
4 52 1012 8249 1103
4 1012 1013 8247 8249
4 8249 8247 8127 8248
4 1103 8249 8248 1102
4 1102 8248 8252 1101
4 8248 8127 8250 8252
4 8252 8250 8128 8251
4 1101 8252 8251 1100
4 1100 8251 8255 1099
4 8251 8128 8253 8255
4 8255 8253 8129 8254
4 1099 8255 8254 1098
4 1098 8254 8258 1097
4 8254 8129 8256 8258
4 8258 8256 8130 8257
4 1097 8258 8257 9
4 9 8257 8261 198
4 8257 8130 8259 8261
4 8261 8259 8131 8260
4 198 8261 8260 199
4 199 8260 8264 200
4 8260 8131 8262 8264
4 8264 8262 8132 8263
4 200 8264 8263 201
4 201 8263 8267 202
4 8263 8132 8265 8267
4 8267 8265 8133 8266
4 202 8267 8266 203
4 203 8266 8270 204
4 8266 8133 8268 8270
4 8270 8268 8134 8269
4 204 8270 8269 205
4 205 8269 8273 206
4 8269 8134 8271 8273
4 8273 8271 8135 8272
4 206 8273 8272 207
4 207 8272 8276 208
4 8272 8135 8274 8276
4 8276 8274 8136 8275
4 208 8276 8275 10
4 10 8275 8279 1096
4 8275 8136 8277 8279
4 8279 8277 8137 8278
4 1096 8279 8278 1095
4 1095 8278 8282 1094
4 8278 8137 8280 8282
4 8282 8280 8138 8281
4 1094 8282 8281 1093
4 1093 8281 8285 1092
4 8281 8138 8283 8285
4 8285 8283 8139 8284
4 1092 8285 8284 1091
4 1091 8284 8288 1090
4 8284 8139 8286 8288
4 8288 8286 8140 8287
4 1090 8288 8287 1089
4 1089 8287 8291 1088
4 8287 8140 8289 8291
4 8291 8289 8141 8290
4 1088 8291 8290 1087
4 1087 8290 8294 1086
4 8290 8141 8292 8294
4 8294 8292 8142 8293
4 1086 8294 8293 1085
4 1085 8293 8297 1084
4 8293 8142 8295 8297
4 8297 8295 8143 8296
4 1084 8297 8296 1083
4 1083 8296 8300 1082
4 8296 8143 8298 8300
4 8300 8298 8144 8299
4 1082 8300 8299 1081
4 1081 8299 8303 1080
4 8299 8144 8301 8303
4 8303 8301 8145 8302
4 1080 8303 8302 57
4 57 8302 8306 1079
4 8302 8145 8304 8306
4 8306 8304 8146 8305
4 1079 8306 8305 1078
4 1078 8305 8309 1077
4 8305 8146 8307 8309
4 8309 8307 8147 8308
4 1077 8309 8308 1076
4 1076 8308 8312 1075
4 8308 8147 8310 8312
4 8312 8310 8148 8311
4 1075 8312 8311 1074
4 1074 8311 8315 1073
4 8311 8148 8313 8315
4 8315 8313 8149 8314
4 1073 8315 8314 1072
4 1072 8314 8318 1071
4 8314 8149 8316 8318
4 8318 8316 8150 8317
4 1071 8318 8317 1070
4 1070 8317 8320 1069
4 8317 8150 8319 8320
4 8320 8319 1067 1068
4 1069 8320 1068 56
4 1013 1014 8323 8247
4 1014 1015 8321 8323
4 8323 8321 8151 8322
4 8247 8323 8322 8127
4 8127 8322 8326 8250
4 8322 8151 8324 8326
4 8326 8324 8152 8325
4 8250 8326 8325 8128
4 8128 8325 8329 8253
4 8325 8152 8327 8329
4 8329 8327 8153 8328
4 8253 8329 8328 8129
4 8129 8328 8332 8256
4 8328 8153 8330 8332
4 8332 8330 8154 8331
4 8256 8332 8331 8130
4 8130 8331 8335 8259
4 8331 8154 8333 8335
4 8335 8333 8155 8334
4 8259 8335 8334 8131
4 8131 8334 8338 8262
4 8334 8155 8336 8338
4 8338 8336 8156 8337
4 8262 8338 8337 8132
4 8132 8337 8341 8265
4 8337 8156 8339 8341
4 8341 8339 8157 8340
4 8265 8341 8340 8133
4 8133 8340 8344 8268
4 8340 8157 8342 8344
4 8344 8342 8158 8343
4 8268 8344 8343 8134
4 8134 8343 8347 8271
4 8343 8158 8345 8347
4 8347 8345 8159 8346
4 8271 8347 8346 8135
4 8135 8346 8350 8274
4 8346 8159 8348 8350
4 8350 8348 8160 8349
4 8274 8350 8349 8136
4 8136 8349 8353 8277
4 8349 8160 8351 8353
4 8353 8351 8161 8352
4 8277 8353 8352 8137
4 8137 8352 8356 8280
4 8352 8161 8354 8356
4 8356 8354 8162 8355
4 8280 8356 8355 8138
4 8138 8355 8359 8283
4 8355 8162 8357 8359
4 8359 8357 8163 8358
4 8283 8359 8358 8139
4 8139 8358 8362 8286
4 8358 8163 8360 8362
4 8362 8360 8164 8361
4 8286 8362 8361 8140
4 8140 8361 8365 8289
4 8361 8164 8363 8365
4 8365 8363 8165 8364
4 8289 8365 8364 8141
4 8141 8364 8368 8292
4 8364 8165 8366 8368
4 8368 8366 8166 8367
4 8292 8368 8367 8142
4 8142 8367 8371 8295
4 8367 8166 8369 8371
4 8371 8369 8167 8370
4 8295 8371 8370 8143
4 8143 8370 8374 8298
4 8370 8167 8372 8374
4 8374 8372 8168 8373
4 8298 8374 8373 8144
4 8144 8373 8377 8301
4 8373 8168 8375 8377
4 8377 8375 8169 8376
4 8301 8377 8376 8145
4 8145 8376 8380 8304
4 8376 8169 8378 8380
4 8380 8378 8170 8379
4 8304 8380 8379 8146
4 8146 8379 8383 8307
4 8379 8170 8381 8383
4 8383 8381 8171 8382
4 8307 8383 8382 8147
4 8147 8382 8386 8310
4 8382 8171 8384 8386
4 8386 8384 8172 8385
4 8310 8386 8385 8148
4 8148 8385 8389 8313
4 8385 8172 8387 8389
4 8389 8387 8173 8388
4 8313 8389 8388 8149
4 8149 8388 8392 8316
4 8388 8173 8390 8392
4 8392 8390 8174 8391
4 8316 8392 8391 8150
4 8150 8391 8394 8319
4 8391 8174 8393 8394
4 8394 8393 1065 1066
4 8319 8394 1066 1067
4 1015 1016 8397 8321
4 1016 1017 8395 8397
4 8397 8395 8175 8396
4 8321 8397 8396 8151
4 8151 8396 8400 8324
4 8396 8175 8398 8400
4 8400 8398 8176 8399
4 8324 8400 8399 8152
4 8152 8399 8403 8327
4 8399 8176 8401 8403
4 8403 8401 8177 8402
4 8327 8403 8402 8153
4 8153 8402 8406 8330
4 8402 8177 8404 8406
4 8406 8404 8178 8405
4 8330 8406 8405 8154
4 8154 8405 8409 8333
4 8405 8178 8407 8409
4 8409 8407 8179 8408
4 8333 8409 8408 8155
4 8155 8408 8412 8336
4 8408 8179 8410 8412
4 8412 8410 8180 8411
4 8336 8412 8411 8156
4 8156 8411 8415 8339
4 8411 8180 8413 8415
4 8415 8413 8181 8414
4 8339 8415 8414 8157
4 8157 8414 8418 8342
4 8414 8181 8416 8418
4 8418 8416 8182 8417
4 8342 8418 8417 8158
4 8158 8417 8421 8345
4 8417 8182 8419 8421
4 8421 8419 8183 8420
4 8345 8421 8420 8159
4 8159 8420 8424 8348
4 8420 8183 8422 8424
4 8424 8422 8184 8423
4 8348 8424 8423 8160
4 8160 8423 8427 8351
4 8423 8184 8425 8427
4 8427 8425 8185 8426
4 8351 8427 8426 8161
4 8161 8426 8430 8354
4 8426 8185 8428 8430
4 8430 8428 8186 8429
4 8354 8430 8429 8162
4 8162 8429 8433 8357
4 8429 8186 8431 8433
4 8433 8431 8187 8432
4 8357 8433 8432 8163
4 8163 8432 8436 8360
4 8432 8187 8434 8436
4 8436 8434 8188 8435
4 8360 8436 8435 8164
4 8164 8435 8439 8363
4 8435 8188 8437 8439
4 8439 8437 8189 8438
4 8363 8439 8438 8165
4 8165 8438 8442 8366
4 8438 8189 8440 8442
4 8442 8440 8190 8441
4 8366 8442 8441 8166
4 8166 8441 8445 8369
4 8441 8190 8443 8445
4 8445 8443 8191 8444
4 8369 8445 8444 8167
4 8167 8444 8448 8372
4 8444 8191 8446 8448
4 8448 8446 8192 8447
4 8372 8448 8447 8168
4 8168 8447 8451 8375
4 8447 8192 8449 8451
4 8451 8449 8193 8450
4 8375 8451 8450 8169
4 8169 8450 8454 8378
4 8450 8193 8452 8454
4 8454 8452 8194 8453
4 8378 8454 8453 8170
4 8170 8453 8457 8381
4 8453 8194 8455 8457
4 8457 8455 8195 8456
4 8381 8457 8456 8171
4 8171 8456 8460 8384
4 8456 8195 8458 8460
4 8460 8458 8196 8459
4 8384 8460 8459 8172
4 8172 8459 8463 8387
4 8459 8196 8461 8463
4 8463 8461 8197 8462
4 8387 8463 8462 8173
4 8173 8462 8466 8390
4 8462 8197 8464 8466
4 8466 8464 8198 8465
4 8390 8466 8465 8174
4 8174 8465 8468 8393
4 8465 8198 8467 8468
4 8468 8467 1063 1064
4 8393 8468 1064 1065
4 1017 1018 8471 8395
4 1018 1019 8469 8471
4 8471 8469 8199 8470
4 8395 8471 8470 8175
4 8175 8470 8474 8398
4 8470 8199 8472 8474
4 8474 8472 8200 8473
4 8398 8474 8473 8176
4 8176 8473 8477 8401
4 8473 8200 8475 8477
4 8477 8475 8201 8476
4 8401 8477 8476 8177
4 8177 8476 8480 8404
4 8476 8201 8478 8480
4 8480 8478 8202 8479
4 8404 8480 8479 8178
4 8178 8479 8483 8407
4 8479 8202 8481 8483
4 8483 8481 8203 8482
4 8407 8483 8482 8179
4 8179 8482 8486 8410
4 8482 8203 8484 8486
4 8486 8484 8204 8485
4 8410 8486 8485 8180
4 8180 8485 8489 8413
4 8485 8204 8487 8489
4 8489 8487 8205 8488
4 8413 8489 8488 8181
4 8181 8488 8492 8416
4 8488 8205 8490 8492
4 8492 8490 8206 8491
4 8416 8492 8491 8182
4 8182 8491 8495 8419
4 8491 8206 8493 8495
4 8495 8493 8207 8494
4 8419 8495 8494 8183
4 8183 8494 8498 8422
4 8494 8207 8496 8498
4 8498 8496 8208 8497
4 8422 8498 8497 8184
4 8184 8497 8501 8425
4 8497 8208 8499 8501
4 8501 8499 8209 8500
4 8425 8501 8500 8185
4 8185 8500 8504 8428
4 8500 8209 8502 8504
4 8504 8502 8210 8503
4 8428 8504 8503 8186
4 8186 8503 8507 8431
4 8503 8210 8505 8507
4 8507 8505 8211 8506
4 8431 8507 8506 8187
4 8187 8506 8510 8434
4 8506 8211 8508 8510
4 8510 8508 8212 8509
4 8434 8510 8509 8188
4 8188 8509 8513 8437
4 8509 8212 8511 8513
4 8513 8511 8213 8512
4 8437 8513 8512 8189
4 8189 8512 8516 8440
4 8512 8213 8514 8516
4 8516 8514 8214 8515
4 8440 8516 8515 8190
4 8190 8515 8519 8443
4 8515 8214 8517 8519
4 8519 8517 8215 8518
4 8443 8519 8518 8191
4 8191 8518 8522 8446
4 8518 8215 8520 8522
4 8522 8520 8216 8521
4 8446 8522 8521 8192
4 8192 8521 8525 8449
4 8521 8216 8523 8525
4 8525 8523 8217 8524
4 8449 8525 8524 8193
4 8193 8524 8528 8452
4 8524 8217 8526 8528
4 8528 8526 8218 8527
4 8452 8528 8527 8194
4 8194 8527 8531 8455
4 8527 8218 8529 8531
4 8531 8529 8219 8530
4 8455 8531 8530 8195
4 8195 8530 8534 8458
4 8530 8219 8532 8534
4 8534 8532 8220 8533
4 8458 8534 8533 8196
4 8196 8533 8537 8461
4 8533 8220 8535 8537
4 8537 8535 8221 8536
4 8461 8537 8536 8197
4 8197 8536 8540 8464
4 8536 8221 8538 8540
4 8540 8538 8222 8539
4 8464 8540 8539 8198
4 8198 8539 8542 8467
4 8539 8222 8541 8542
4 8542 8541 1061 1062
4 8467 8542 1062 1063
4 1019 1020 8545 8469
4 1020 1021 8543 8545
4 8545 8543 8223 8544
4 8469 8545 8544 8199
4 8199 8544 8548 8472
4 8544 8223 8546 8548
4 8548 8546 8224 8547
4 8472 8548 8547 8200
4 8200 8547 8551 8475
4 8547 8224 8549 8551
4 8551 8549 8225 8550
4 8475 8551 8550 8201
4 8201 8550 8554 8478
4 8550 8225 8552 8554
4 8554 8552 8226 8553
4 8478 8554 8553 8202
4 8202 8553 8557 8481
4 8553 8226 8555 8557
4 8557 8555 8227 8556
4 8481 8557 8556 8203
4 8203 8556 8560 8484
4 8556 8227 8558 8560
4 8560 8558 8228 8559
4 8484 8560 8559 8204
4 8204 8559 8563 8487
4 8559 8228 8561 8563
4 8563 8561 8229 8562
4 8487 8563 8562 8205
4 8205 8562 8566 8490
4 8562 8229 8564 8566
4 8566 8564 8230 8565
4 8490 8566 8565 8206
4 8206 8565 8569 8493
4 8565 8230 8567 8569
4 8569 8567 8231 8568
4 8493 8569 8568 8207
4 8207 8568 8572 8496
4 8568 8231 8570 8572
4 8572 8570 8232 8571
4 8496 8572 8571 8208
4 8208 8571 8575 8499
4 8571 8232 8573 8575
4 8575 8573 8233 8574
4 8499 8575 8574 8209
4 8209 8574 8578 8502
4 8574 8233 8576 8578
4 8578 8576 8234 8577
4 8502 8578 8577 8210
4 8210 8577 8581 8505
4 8577 8234 8579 8581
4 8581 8579 8235 8580
4 8505 8581 8580 8211
4 8211 8580 8584 8508
4 8580 8235 8582 8584
4 8584 8582 8236 8583
4 8508 8584 8583 8212
4 8212 8583 8587 8511
4 8583 8236 8585 8587
4 8587 8585 8237 8586
4 8511 8587 8586 8213
4 8213 8586 8590 8514
4 8586 8237 8588 8590
4 8590 8588 8238 8589
4 8514 8590 8589 8214
4 8214 8589 8593 8517
4 8589 8238 8591 8593
4 8593 8591 8239 8592
4 8517 8593 8592 8215
4 8215 8592 8596 8520
4 8592 8239 8594 8596
4 8596 8594 8240 8595
4 8520 8596 8595 8216
4 8216 8595 8599 8523
4 8595 8240 8597 8599
4 8599 8597 8241 8598
4 8523 8599 8598 8217
4 8217 8598 8602 8526
4 8598 8241 8600 8602
4 8602 8600 8242 8601
4 8526 8602 8601 8218
4 8218 8601 8605 8529
4 8601 8242 8603 8605
4 8605 8603 8243 8604
4 8529 8605 8604 8219
4 8219 8604 8608 8532
4 8604 8243 8606 8608
4 8608 8606 8244 8607
4 8532 8608 8607 8220
4 8220 8607 8611 8535
4 8607 8244 8609 8611
4 8611 8609 8245 8610
4 8535 8611 8610 8221
4 8221 8610 8614 8538
4 8610 8245 8612 8614
4 8614 8612 8246 8613
4 8538 8614 8613 8222
4 8222 8613 8616 8541
4 8613 8246 8615 8616
4 8616 8615 1059 1060
4 8541 8616 1060 1061
4 1021 1022 8618 8543
4 1022 53 1023 8618
4 8618 1023 1024 8617
4 8543 8618 8617 8223
4 8223 8617 8620 8546
4 8617 1024 1025 8620
4 8620 1025 1026 8619
4 8546 8620 8619 8224
4 8224 8619 8622 8549
4 8619 1026 1027 8622
4 8622 1027 1028 8621
4 8549 8622 8621 8225
4 8225 8621 8624 8552
4 8621 1028 1029 8624
4 8624 1029 12 8623
4 8552 8624 8623 8226
4 8226 8623 8626 8555
4 8623 12 286 8626
4 8626 286 285 8625
4 8555 8626 8625 8227
4 8227 8625 8628 8558
4 8625 285 284 8628
4 8628 284 283 8627
4 8558 8628 8627 8228
4 8228 8627 8630 8561
4 8627 283 282 8630
4 8630 282 281 8629
4 8561 8630 8629 8229
4 8229 8629 8632 8564
4 8629 281 280 8632
4 8632 280 279 8631
4 8564 8632 8631 8230
4 8230 8631 8634 8567
4 8631 279 278 8634
4 8634 278 277 8633
4 8567 8634 8633 8231
4 8231 8633 8636 8570
4 8633 277 276 8636
4 8636 276 15 8635
4 8570 8636 8635 8232
4 8232 8635 8638 8573
4 8635 15 1030 8638
4 8638 1030 1031 8637
4 8573 8638 8637 8233
4 8233 8637 8640 8576
4 8637 1031 1032 8640
4 8640 1032 1033 8639
4 8576 8640 8639 8234
4 8234 8639 8642 8579
4 8639 1033 1034 8642
4 8642 1034 1035 8641
4 8579 8642 8641 8235
4 8235 8641 8644 8582
4 8641 1035 1036 8644
4 8644 1036 1037 8643
4 8582 8644 8643 8236
4 8236 8643 8646 8585
4 8643 1037 1038 8646
4 8646 1038 1039 8645
4 8585 8646 8645 8237
4 8237 8645 8648 8588
4 8645 1039 1040 8648
4 8648 1040 1041 8647
4 8588 8648 8647 8238
4 8238 8647 8650 8591
4 8647 1041 1042 8650
4 8650 1042 1043 8649
4 8591 8650 8649 8239
4 8239 8649 8652 8594
4 8649 1043 1044 8652
4 8652 1044 1045 8651
4 8594 8652 8651 8240
4 8240 8651 8654 8597
4 8651 1045 1046 8654
4 8654 1046 54 8653
4 8597 8654 8653 8241
4 8241 8653 8656 8600
4 8653 54 1047 8656
4 8656 1047 1048 8655
4 8600 8656 8655 8242
4 8242 8655 8658 8603
4 8655 1048 1049 8658
4 8658 1049 1050 8657
4 8603 8658 8657 8243
4 8243 8657 8660 8606
4 8657 1050 1051 8660
4 8660 1051 1052 8659
4 8606 8660 8659 8244
4 8244 8659 8662 8609
4 8659 1052 1053 8662
4 8662 1053 1054 8661
4 8609 8662 8661 8245
4 8245 8661 8664 8612
4 8661 1054 1055 8664
4 8664 1055 1056 8663
4 8612 8664 8663 8246
4 8246 8663 8665 8615
4 8663 1056 1057 8665
4 8665 1057 55 1058
4 8615 8665 1058 1059
4 58 1104 8788 1195
4 1104 1105 8786 8788
4 8788 8786 8666 8787
4 1195 8788 8787 1194
4 1194 8787 8791 1193
4 8787 8666 8789 8791
4 8791 8789 8667 8790
4 1193 8791 8790 1192
4 1192 8790 8794 1191
4 8790 8667 8792 8794
4 8794 8792 8668 8793
4 1191 8794 8793 1190
4 1190 8793 8797 1189
4 8793 8668 8795 8797
4 8797 8795 8669 8796
4 1189 8797 8796 13
4 13 8796 8800 250
4 8796 8669 8798 8800
4 8800 8798 8670 8799
4 250 8800 8799 251
4 251 8799 8803 252
4 8799 8670 8801 8803
4 8803 8801 8671 8802
4 252 8803 8802 253
4 253 8802 8806 254
4 8802 8671 8804 8806
4 8806 8804 8672 8805
4 254 8806 8805 255
4 255 8805 8809 256
4 8805 8672 8807 8809
4 8809 8807 8673 8808
4 256 8809 8808 257
4 257 8808 8812 258
4 8808 8673 8810 8812
4 8812 8810 8674 8811
4 258 8812 8811 259
4 259 8811 8815 260
4 8811 8674 8813 8815
4 8815 8813 8675 8814
4 260 8815 8814 14
4 14 8814 8818 1188
4 8814 8675 8816 8818
4 8818 8816 8676 8817
4 1188 8818 8817 1187
4 1187 8817 8821 1186
4 8817 8676 8819 8821
4 8821 8819 8677 8820
4 1186 8821 8820 1185
4 1185 8820 8824 1184
4 8820 8677 8822 8824
4 8824 8822 8678 8823
4 1184 8824 8823 1183
4 1183 8823 8827 1182
4 8823 8678 8825 8827
4 8827 8825 8679 8826
4 1182 8827 8826 1181
4 1181 8826 8830 1180
4 8826 8679 8828 8830
4 8830 8828 8680 8829
4 1180 8830 8829 1179
4 1179 8829 8833 1178
4 8829 8680 8831 8833
4 8833 8831 8681 8832
4 1178 8833 8832 1177
4 1177 8832 8836 1176
4 8832 8681 8834 8836
4 8836 8834 8682 8835
4 1176 8836 8835 1175
4 1175 8835 8839 1174
4 8835 8682 8837 8839
4 8839 8837 8683 8838
4 1174 8839 8838 1173
4 1173 8838 8842 1172
4 8838 8683 8840 8842
4 8842 8840 8684 8841
4 1172 8842 8841 63
4 63 8841 8845 1171
4 8841 8684 8843 8845
4 8845 8843 8685 8844
4 1171 8845 8844 1170
4 1170 8844 8848 1169
4 8844 8685 8846 8848
4 8848 8846 8686 8847
4 1169 8848 8847 1168
4 1168 8847 8851 1167
4 8847 8686 8849 8851
4 8851 8849 8687 8850
4 1167 8851 8850 1166
4 1166 8850 8854 1165
4 8850 8687 8852 8854
4 8854 8852 8688 8853
4 1165 8854 8853 1164
4 1164 8853 8857 1163
4 8853 8688 8855 8857
4 8857 8855 8689 8856
4 1163 8857 8856 1162
4 1162 8856 8859 1161
4 8856 8689 8858 8859
4 8859 8858 1159 1160
4 1161 8859 1160 62
4 1105 1106 8862 8786
4 1106 1107 8860 8862
4 8862 8860 8690 8861
4 8786 8862 8861 8666
4 8666 8861 8865 8789
4 8861 8690 8863 8865
4 8865 8863 8691 8864
4 8789 8865 8864 8667
4 8667 8864 8868 8792
4 8864 8691 8866 8868
4 8868 8866 8692 8867
4 8792 8868 8867 8668
4 8668 8867 8871 8795
4 8867 8692 8869 8871
4 8871 8869 8693 8870
4 8795 8871 8870 8669
4 8669 8870 8874 8798
4 8870 8693 8872 8874
4 8874 8872 8694 8873
4 8798 8874 8873 8670
4 8670 8873 8877 8801
4 8873 8694 8875 8877
4 8877 8875 8695 8876
4 8801 8877 8876 8671
4 8671 8876 8880 8804
4 8876 8695 8878 8880
4 8880 8878 8696 8879
4 8804 8880 8879 8672
4 8672 8879 8883 8807
4 8879 8696 8881 8883
4 8883 8881 8697 8882
4 8807 8883 8882 8673
4 8673 8882 8886 8810
4 8882 8697 8884 8886
4 8886 8884 8698 8885
4 8810 8886 8885 8674
4 8674 8885 8889 8813
4 8885 8698 8887 8889
4 8889 8887 8699 8888
4 8813 8889 8888 8675
4 8675 8888 8892 8816
4 8888 8699 8890 8892
4 8892 8890 8700 8891
4 8816 8892 8891 8676
4 8676 8891 8895 8819
4 8891 8700 8893 8895
4 8895 8893 8701 8894
4 8819 8895 8894 8677
4 8677 8894 8898 8822
4 8894 8701 8896 8898
4 8898 8896 8702 8897
4 8822 8898 8897 8678
4 8678 8897 8901 8825
4 8897 8702 8899 8901
4 8901 8899 8703 8900
4 8825 8901 8900 8679
4 8679 8900 8904 8828
4 8900 8703 8902 8904
4 8904 8902 8704 8903
4 8828 8904 8903 8680
4 8680 8903 8907 8831
4 8903 8704 8905 8907
4 8907 8905 8705 8906
4 8831 8907 8906 8681
4 8681 8906 8910 8834
4 8906 8705 8908 8910
4 8910 8908 8706 8909
4 8834 8910 8909 8682
4 8682 8909 8913 8837
4 8909 8706 8911 8913
4 8913 8911 8707 8912
4 8837 8913 8912 8683
4 8683 8912 8916 8840
4 8912 8707 8914 8916
4 8916 8914 8708 8915
4 8840 8916 8915 8684
4 8684 8915 8919 8843
4 8915 8708 8917 8919
4 8919 8917 8709 8918
4 8843 8919 8918 8685
4 8685 8918 8922 8846
4 8918 8709 8920 8922
4 8922 8920 8710 8921
4 8846 8922 8921 8686
4 8686 8921 8925 8849
4 8921 8710 8923 8925
4 8925 8923 8711 8924
4 8849 8925 8924 8687
4 8687 8924 8928 8852
4 8924 8711 8926 8928
4 8928 8926 8712 8927
4 8852 8928 8927 8688
4 8688 8927 8931 8855
4 8927 8712 8929 8931
4 8931 8929 8713 8930
4 8855 8931 8930 8689
4 8689 8930 8933 8858
4 8930 8713 8932 8933
4 8933 8932 1157 1158
4 8858 8933 1158 1159
4 1107 1108 8936 8860
4 1108 1109 8934 8936
4 8936 8934 8714 8935
4 8860 8936 8935 8690
4 8690 8935 8939 8863
4 8935 8714 8937 8939
4 8939 8937 8715 8938
4 8863 8939 8938 8691
4 8691 8938 8942 8866
4 8938 8715 8940 8942
4 8942 8940 8716 8941
4 8866 8942 8941 8692
4 8692 8941 8945 8869
4 8941 8716 8943 8945
4 8945 8943 8717 8944
4 8869 8945 8944 8693
4 8693 8944 8948 8872
4 8944 8717 8946 8948
4 8948 8946 8718 8947
4 8872 8948 8947 8694
4 8694 8947 8951 8875
4 8947 8718 8949 8951
4 8951 8949 8719 8950
4 8875 8951 8950 8695
4 8695 8950 8954 8878
4 8950 8719 8952 8954
4 8954 8952 8720 8953
4 8878 8954 8953 8696
4 8696 8953 8957 8881
4 8953 8720 8955 8957
4 8957 8955 8721 8956
4 8881 8957 8956 8697
4 8697 8956 8960 8884
4 8956 8721 8958 8960
4 8960 8958 8722 8959
4 8884 8960 8959 8698
4 8698 8959 8963 8887
4 8959 8722 8961 8963
4 8963 8961 8723 8962
4 8887 8963 8962 8699
4 8699 8962 8966 8890
4 8962 8723 8964 8966
4 8966 8964 8724 8965
4 8890 8966 8965 8700
4 8700 8965 8969 8893
4 8965 8724 8967 8969
4 8969 8967 8725 8968
4 8893 8969 8968 8701
4 8701 8968 8972 8896
4 8968 8725 8970 8972
4 8972 8970 8726 8971
4 8896 8972 8971 8702
4 8702 8971 8975 8899
4 8971 8726 8973 8975
4 8975 8973 8727 8974
4 8899 8975 8974 8703
4 8703 8974 8978 8902
4 8974 8727 8976 8978
4 8978 8976 8728 8977
4 8902 8978 8977 8704
4 8704 8977 8981 8905
4 8977 8728 8979 8981
4 8981 8979 8729 8980
4 8905 8981 8980 8705
4 8705 8980 8984 8908
4 8980 8729 8982 8984
4 8984 8982 8730 8983
4 8908 8984 8983 8706
4 8706 8983 8987 8911
4 8983 8730 8985 8987
4 8987 8985 8731 8986
4 8911 8987 8986 8707
4 8707 8986 8990 8914
4 8986 8731 8988 8990
4 8990 8988 8732 8989
4 8914 8990 8989 8708
4 8708 8989 8993 8917
4 8989 8732 8991 8993
4 8993 8991 8733 8992
4 8917 8993 8992 8709
4 8709 8992 8996 8920
4 8992 8733 8994 8996
4 8996 8994 8734 8995
4 8920 8996 8995 8710
4 8710 8995 8999 8923
4 8995 8734 8997 8999
4 8999 8997 8735 8998
4 8923 8999 8998 8711
4 8711 8998 9002 8926
4 8998 8735 9000 9002
4 9002 9000 8736 9001
4 8926 9002 9001 8712
4 8712 9001 9005 8929
4 9001 8736 9003 9005
4 9005 9003 8737 9004
4 8929 9005 9004 8713
4 8713 9004 9007 8932
4 9004 8737 9006 9007
4 9007 9006 1155 1156
4 8932 9007 1156 1157
4 1109 1110 9010 8934
4 1110 1111 9008 9010
4 9010 9008 8738 9009
4 8934 9010 9009 8714
4 8714 9009 9013 8937
4 9009 8738 9011 9013
4 9013 9011 8739 9012
4 8937 9013 9012 8715
4 8715 9012 9016 8940
4 9012 8739 9014 9016
4 9016 9014 8740 9015
4 8940 9016 9015 8716
4 8716 9015 9019 8943
4 9015 8740 9017 9019
4 9019 9017 8741 9018
4 8943 9019 9018 8717
4 8717 9018 9022 8946
4 9018 8741 9020 9022
4 9022 9020 8742 9021
4 8946 9022 9021 8718
4 8718 9021 9025 8949
4 9021 8742 9023 9025
4 9025 9023 8743 9024
4 8949 9025 9024 8719
4 8719 9024 9028 8952
4 9024 8743 9026 9028
4 9028 9026 8744 9027
4 8952 9028 9027 8720
4 8720 9027 9031 8955
4 9027 8744 9029 9031
4 9031 9029 8745 9030
4 8955 9031 9030 8721
4 8721 9030 9034 8958
4 9030 8745 9032 9034
4 9034 9032 8746 9033
4 8958 9034 9033 8722
4 8722 9033 9037 8961
4 9033 8746 9035 9037
4 9037 9035 8747 9036
4 8961 9037 9036 8723
4 8723 9036 9040 8964
4 9036 8747 9038 9040
4 9040 9038 8748 9039
4 8964 9040 9039 8724
4 8724 9039 9043 8967
4 9039 8748 9041 9043
4 9043 9041 8749 9042
4 8967 9043 9042 8725
4 8725 9042 9046 8970
4 9042 8749 9044 9046
4 9046 9044 8750 9045
4 8970 9046 9045 8726
4 8726 9045 9049 8973
4 9045 8750 9047 9049
4 9049 9047 8751 9048
4 8973 9049 9048 8727
4 8727 9048 9052 8976
4 9048 8751 9050 9052
4 9052 9050 8752 9051
4 8976 9052 9051 8728
4 8728 9051 9055 8979
4 9051 8752 9053 9055
4 9055 9053 8753 9054
4 8979 9055 9054 8729
4 8729 9054 9058 8982
4 9054 8753 9056 9058
4 9058 9056 8754 9057
4 8982 9058 9057 8730
4 8730 9057 9061 8985
4 9057 8754 9059 9061
4 9061 9059 8755 9060
4 8985 9061 9060 8731
4 8731 9060 9064 8988
4 9060 8755 9062 9064
4 9064 9062 8756 9063
4 8988 9064 9063 8732
4 8732 9063 9067 8991
4 9063 8756 9065 9067
4 9067 9065 8757 9066
4 8991 9067 9066 8733
4 8733 9066 9070 8994
4 9066 8757 9068 9070
4 9070 9068 8758 9069
4 8994 9070 9069 8734
4 8734 9069 9073 8997
4 9069 8758 9071 9073
4 9073 9071 8759 9072
4 8997 9073 9072 8735
4 8735 9072 9076 9000
4 9072 8759 9074 9076
4 9076 9074 8760 9075
4 9000 9076 9075 8736
4 8736 9075 9079 9003
4 9075 8760 9077 9079
4 9079 9077 8761 9078
4 9003 9079 9078 8737
4 8737 9078 9081 9006
4 9078 8761 9080 9081
4 9081 9080 1153 1154
4 9006 9081 1154 1155
4 1111 1112 9084 9008
4 1112 1113 9082 9084
4 9084 9082 8762 9083
4 9008 9084 9083 8738
4 8738 9083 9087 9011
4 9083 8762 9085 9087
4 9087 9085 8763 9086
4 9011 9087 9086 8739
4 8739 9086 9090 9014
4 9086 8763 9088 9090
4 9090 9088 8764 9089
4 9014 9090 9089 8740
4 8740 9089 9093 9017
4 9089 8764 9091 9093
4 9093 9091 8765 9092
4 9017 9093 9092 8741
4 8741 9092 9096 9020
4 9092 8765 9094 9096
4 9096 9094 8766 9095
4 9020 9096 9095 8742
4 8742 9095 9099 9023
4 9095 8766 9097 9099
4 9099 9097 8767 9098
4 9023 9099 9098 8743
4 8743 9098 9102 9026
4 9098 8767 9100 9102
4 9102 9100 8768 9101
4 9026 9102 9101 8744
4 8744 9101 9105 9029
4 9101 8768 9103 9105
4 9105 9103 8769 9104
4 9029 9105 9104 8745
4 8745 9104 9108 9032
4 9104 8769 9106 9108
4 9108 9106 8770 9107
4 9032 9108 9107 8746
4 8746 9107 9111 9035
4 9107 8770 9109 9111
4 9111 9109 8771 9110
4 9035 9111 9110 8747
4 8747 9110 9114 9038
4 9110 8771 9112 9114
4 9114 9112 8772 9113
4 9038 9114 9113 8748
4 8748 9113 9117 9041
4 9113 8772 9115 9117
4 9117 9115 8773 9116
4 9041 9117 9116 8749
4 8749 9116 9120 9044
4 9116 8773 9118 9120
4 9120 9118 8774 9119
4 9044 9120 9119 8750
4 8750 9119 9123 9047
4 9119 8774 9121 9123
4 9123 9121 8775 9122
4 9047 9123 9122 8751
4 8751 9122 9126 9050
4 9122 8775 9124 9126
4 9126 9124 8776 9125
4 9050 9126 9125 8752
4 8752 9125 9129 9053
4 9125 8776 9127 9129
4 9129 9127 8777 9128
4 9053 9129 9128 8753
4 8753 9128 9132 9056
4 9128 8777 9130 9132
4 9132 9130 8778 9131
4 9056 9132 9131 8754
4 8754 9131 9135 9059
4 9131 8778 9133 9135
4 9135 9133 8779 9134
4 9059 9135 9134 8755
4 8755 9134 9138 9062
4 9134 8779 9136 9138
4 9138 9136 8780 9137
4 9062 9138 9137 8756
4 8756 9137 9141 9065
4 9137 8780 9139 9141
4 9141 9139 8781 9140
4 9065 9141 9140 8757
4 8757 9140 9144 9068
4 9140 8781 9142 9144
4 9144 9142 8782 9143
4 9068 9144 9143 8758
4 8758 9143 9147 9071
4 9143 8782 9145 9147
4 9147 9145 8783 9146
4 9071 9147 9146 8759
4 8759 9146 9150 9074
4 9146 8783 9148 9150
4 9150 9148 8784 9149
4 9074 9150 9149 8760
4 8760 9149 9153 9077
4 9149 8784 9151 9153
4 9153 9151 8785 9152
4 9077 9153 9152 8761
4 8761 9152 9155 9080
4 9152 8785 9154 9155
4 9155 9154 1151 1152
4 9080 9155 1152 1153
4 1113 1114 9157 9082
4 1114 59 1115 9157
4 9157 1115 1116 9156
4 9082 9157 9156 8762
4 8762 9156 9159 9085
4 9156 1116 1117 9159
4 9159 1117 1118 9158
4 9085 9159 9158 8763
4 8763 9158 9161 9088
4 9158 1118 1119 9161
4 9161 1119 1120 9160
4 9088 9161 9160 8764
4 8764 9160 9163 9091
4 9160 1120 1121 9163
4 9163 1121 16 9162
4 9091 9163 9162 8765
4 8765 9162 9165 9094
4 9162 16 338 9165
4 9165 338 337 9164
4 9094 9165 9164 8766
4 8766 9164 9167 9097
4 9164 337 336 9167
4 9167 336 335 9166
4 9097 9167 9166 8767
4 8767 9166 9169 9100
4 9166 335 334 9169
4 9169 334 333 9168
4 9100 9169 9168 8768
4 8768 9168 9171 9103
4 9168 333 332 9171
4 9171 332 331 9170
4 9103 9171 9170 8769
4 8769 9170 9173 9106
4 9170 331 330 9173
4 9173 330 329 9172
4 9106 9173 9172 8770
4 8770 9172 9175 9109
4 9172 329 328 9175
4 9175 328 19 9174
4 9109 9175 9174 8771
4 8771 9174 9177 9112
4 9174 19 1122 9177
4 9177 1122 1123 9176
4 9112 9177 9176 8772
4 8772 9176 9179 9115
4 9176 1123 1124 9179
4 9179 1124 1125 9178
4 9115 9179 9178 8773
4 8773 9178 9181 9118
4 9178 1125 1126 9181
4 9181 1126 1127 9180
4 9118 9181 9180 8774
4 8774 9180 9183 9121
4 9180 1127 1128 9183
4 9183 1128 1129 9182
4 9121 9183 9182 8775
4 8775 9182 9185 9124
4 9182 1129 1130 9185
4 9185 1130 1131 9184
4 9124 9185 9184 8776
4 8776 9184 9187 9127
4 9184 1131 1132 9187
4 9187 1132 1133 9186
4 9127 9187 9186 8777
4 8777 9186 9189 9130
4 9186 1133 1134 9189
4 9189 1134 1135 9188
4 9130 9189 9188 8778
4 8778 9188 9191 9133
4 9188 1135 1136 9191
4 9191 1136 1137 9190
4 9133 9191 9190 8779
4 8779 9190 9193 9136
4 9190 1137 1138 9193
4 9193 1138 60 9192
4 9136 9193 9192 8780
4 8780 9192 9195 9139
4 9192 60 1139 9195
4 9195 1139 1140 9194
4 9139 9195 9194 8781
4 8781 9194 9197 9142
4 9194 1140 1141 9197
4 9197 1141 1142 9196
4 9142 9197 9196 8782
4 8782 9196 9199 9145
4 9196 1142 1143 9199
4 9199 1143 1144 9198
4 9145 9199 9198 8783
4 8783 9198 9201 9148
4 9198 1144 1145 9201
4 9201 1145 1146 9200
4 9148 9201 9200 8784
4 8784 9200 9203 9151
4 9200 1146 1147 9203
4 9203 1147 1148 9202
4 9151 9203 9202 8785
4 8785 9202 9204 9154
4 9202 1148 1149 9204
4 9204 1149 61 1150
4 9154 9204 1150 1151
4 64 1196 9327 1287
4 1196 1197 9325 9327
4 9327 9325 9205 9326
4 1287 9327 9326 1286
4 1286 9326 9330 1285
4 9326 9205 9328 9330
4 9330 9328 9206 9329
4 1285 9330 9329 1284
4 1284 9329 9333 1283
4 9329 9206 9331 9333
4 9333 9331 9207 9332
4 1283 9333 9332 1282
4 1282 9332 9336 1281
4 9332 9207 9334 9336
4 9336 9334 9208 9335
4 1281 9336 9335 17
4 17 9335 9339 302
4 9335 9208 9337 9339
4 9339 9337 9209 9338
4 302 9339 9338 303
4 303 9338 9342 304
4 9338 9209 9340 9342
4 9342 9340 9210 9341
4 304 9342 9341 305
4 305 9341 9345 306
4 9341 9210 9343 9345
4 9345 9343 9211 9344
4 306 9345 9344 307
4 307 9344 9348 308
4 9344 9211 9346 9348
4 9348 9346 9212 9347
4 308 9348 9347 309
4 309 9347 9351 310
4 9347 9212 9349 9351
4 9351 9349 9213 9350
4 310 9351 9350 311
4 311 9350 9354 312
4 9350 9213 9352 9354
4 9354 9352 9214 9353
4 312 9354 9353 18
4 18 9353 9357 1280
4 9353 9214 9355 9357
4 9357 9355 9215 9356
4 1280 9357 9356 1279
4 1279 9356 9360 1278
4 9356 9215 9358 9360
4 9360 9358 9216 9359
4 1278 9360 9359 1277
4 1277 9359 9363 1276
4 9359 9216 9361 9363
4 9363 9361 9217 9362
4 1276 9363 9362 1275
4 1275 9362 9366 1274
4 9362 9217 9364 9366
4 9366 9364 9218 9365
4 1274 9366 9365 1273
4 1273 9365 9369 1272
4 9365 9218 9367 9369
4 9369 9367 9219 9368
4 1272 9369 9368 1271
4 1271 9368 9372 1270
4 9368 9219 9370 9372
4 9372 9370 9220 9371
4 1270 9372 9371 1269
4 1269 9371 9375 1268
4 9371 9220 9373 9375
4 9375 9373 9221 9374
4 1268 9375 9374 1267
4 1267 9374 9378 1266
4 9374 9221 9376 9378
4 9378 9376 9222 9377
4 1266 9378 9377 1265
4 1265 9377 9381 1264
4 9377 9222 9379 9381
4 9381 9379 9223 9380
4 1264 9381 9380 69
4 69 9380 9384 1263
4 9380 9223 9382 9384
4 9384 9382 9224 9383
4 1263 9384 9383 1262
4 1262 9383 9387 1261
4 9383 9224 9385 9387
4 9387 9385 9225 9386
4 1261 9387 9386 1260
4 1260 9386 9390 1259
4 9386 9225 9388 9390
4 9390 9388 9226 9389
4 1259 9390 9389 1258
4 1258 9389 9393 1257
4 9389 9226 9391 9393
4 9393 9391 9227 9392
4 1257 9393 9392 1256
4 1256 9392 9396 1255
4 9392 9227 9394 9396
4 9396 9394 9228 9395
4 1255 9396 9395 1254
4 1254 9395 9398 1253
4 9395 9228 9397 9398
4 9398 9397 1251 1252
4 1253 9398 1252 68
4 1197 1198 9401 9325
4 1198 1199 9399 9401
4 9401 9399 9229 9400
4 9325 9401 9400 9205
4 9205 9400 9404 9328
4 9400 9229 9402 9404
4 9404 9402 9230 9403
4 9328 9404 9403 9206
4 9206 9403 9407 9331
4 9403 9230 9405 9407
4 9407 9405 9231 9406
4 9331 9407 9406 9207
4 9207 9406 9410 9334
4 9406 9231 9408 9410
4 9410 9408 9232 9409
4 9334 9410 9409 9208
4 9208 9409 9413 9337
4 9409 9232 9411 9413
4 9413 9411 9233 9412
4 9337 9413 9412 9209
4 9209 9412 9416 9340
4 9412 9233 9414 9416
4 9416 9414 9234 9415
4 9340 9416 9415 9210
4 9210 9415 9419 9343
4 9415 9234 9417 9419
4 9419 9417 9235 9418
4 9343 9419 9418 9211
4 9211 9418 9422 9346
4 9418 9235 9420 9422
4 9422 9420 9236 9421
4 9346 9422 9421 9212
4 9212 9421 9425 9349
4 9421 9236 9423 9425
4 9425 9423 9237 9424
4 9349 9425 9424 9213
4 9213 9424 9428 9352
4 9424 9237 9426 9428
4 9428 9426 9238 9427
4 9352 9428 9427 9214
4 9214 9427 9431 9355
4 9427 9238 9429 9431
4 9431 9429 9239 9430
4 9355 9431 9430 9215
4 9215 9430 9434 9358
4 9430 9239 9432 9434
4 9434 9432 9240 9433
4 9358 9434 9433 9216
4 9216 9433 9437 9361
4 9433 9240 9435 9437
4 9437 9435 9241 9436
4 9361 9437 9436 9217
4 9217 9436 9440 9364
4 9436 9241 9438 9440
4 9440 9438 9242 9439
4 9364 9440 9439 9218
4 9218 9439 9443 9367
4 9439 9242 9441 9443
4 9443 9441 9243 9442
4 9367 9443 9442 9219
4 9219 9442 9446 9370
4 9442 9243 9444 9446
4 9446 9444 9244 9445
4 9370 9446 9445 9220
4 9220 9445 9449 9373
4 9445 9244 9447 9449
4 9449 9447 9245 9448
4 9373 9449 9448 9221
4 9221 9448 9452 9376
4 9448 9245 9450 9452
4 9452 9450 9246 9451
4 9376 9452 9451 9222
4 9222 9451 9455 9379
4 9451 9246 9453 9455
4 9455 9453 9247 9454
4 9379 9455 9454 9223
4 9223 9454 9458 9382
4 9454 9247 9456 9458
4 9458 9456 9248 9457
4 9382 9458 9457 9224
4 9224 9457 9461 9385
4 9457 9248 9459 9461
4 9461 9459 9249 9460
4 9385 9461 9460 9225
4 9225 9460 9464 9388
4 9460 9249 9462 9464
4 9464 9462 9250 9463
4 9388 9464 9463 9226
4 9226 9463 9467 9391
4 9463 9250 9465 9467
4 9467 9465 9251 9466
4 9391 9467 9466 9227
4 9227 9466 9470 9394
4 9466 9251 9468 9470
4 9470 9468 9252 9469
4 9394 9470 9469 9228
4 9228 9469 9472 9397
4 9469 9252 9471 9472
4 9472 9471 1249 1250
4 9397 9472 1250 1251
4 1199 1200 9475 9399
4 1200 1201 9473 9475
4 9475 9473 9253 9474
4 9399 9475 9474 9229
4 9229 9474 9478 9402
4 9474 9253 9476 9478
4 9478 9476 9254 9477
4 9402 9478 9477 9230
4 9230 9477 9481 9405
4 9477 9254 9479 9481
4 9481 9479 9255 9480
4 9405 9481 9480 9231
4 9231 9480 9484 9408
4 9480 9255 9482 9484
4 9484 9482 9256 9483
4 9408 9484 9483 9232
4 9232 9483 9487 9411
4 9483 9256 9485 9487
4 9487 9485 9257 9486
4 9411 9487 9486 9233
4 9233 9486 9490 9414
4 9486 9257 9488 9490
4 9490 9488 9258 9489
4 9414 9490 9489 9234
4 9234 9489 9493 9417
4 9489 9258 9491 9493
4 9493 9491 9259 9492
4 9417 9493 9492 9235
4 9235 9492 9496 9420
4 9492 9259 9494 9496
4 9496 9494 9260 9495
4 9420 9496 9495 9236
4 9236 9495 9499 9423
4 9495 9260 9497 9499
4 9499 9497 9261 9498
4 9423 9499 9498 9237
4 9237 9498 9502 9426
4 9498 9261 9500 9502
4 9502 9500 9262 9501
4 9426 9502 9501 9238
4 9238 9501 9505 9429
4 9501 9262 9503 9505
4 9505 9503 9263 9504
4 9429 9505 9504 9239
4 9239 9504 9508 9432
4 9504 9263 9506 9508
4 9508 9506 9264 9507
4 9432 9508 9507 9240
4 9240 9507 9511 9435
4 9507 9264 9509 9511
4 9511 9509 9265 9510
4 9435 9511 9510 9241
4 9241 9510 9514 9438
4 9510 9265 9512 9514
4 9514 9512 9266 9513
4 9438 9514 9513 9242
4 9242 9513 9517 9441
4 9513 9266 9515 9517
4 9517 9515 9267 9516
4 9441 9517 9516 9243
4 9243 9516 9520 9444
4 9516 9267 9518 9520
4 9520 9518 9268 9519
4 9444 9520 9519 9244
4 9244 9519 9523 9447
4 9519 9268 9521 9523
4 9523 9521 9269 9522
4 9447 9523 9522 9245
4 9245 9522 9526 9450
4 9522 9269 9524 9526
4 9526 9524 9270 9525
4 9450 9526 9525 9246
4 9246 9525 9529 9453
4 9525 9270 9527 9529
4 9529 9527 9271 9528
4 9453 9529 9528 9247
4 9247 9528 9532 9456
4 9528 9271 9530 9532
4 9532 9530 9272 9531
4 9456 9532 9531 9248
4 9248 9531 9535 9459
4 9531 9272 9533 9535
4 9535 9533 9273 9534
4 9459 9535 9534 9249
4 9249 9534 9538 9462
4 9534 9273 9536 9538
4 9538 9536 9274 9537
4 9462 9538 9537 9250
4 9250 9537 9541 9465
4 9537 9274 9539 9541
4 9541 9539 9275 9540
4 9465 9541 9540 9251
4 9251 9540 9544 9468
4 9540 9275 9542 9544
4 9544 9542 9276 9543
4 9468 9544 9543 9252
4 9252 9543 9546 9471
4 9543 9276 9545 9546
4 9546 9545 1247 1248
4 9471 9546 1248 1249
4 1201 1202 9549 9473
4 1202 1203 9547 9549
4 9549 9547 9277 9548
4 9473 9549 9548 9253
4 9253 9548 9552 9476
4 9548 9277 9550 9552
4 9552 9550 9278 9551
4 9476 9552 9551 9254
4 9254 9551 9555 9479
4 9551 9278 9553 9555
4 9555 9553 9279 9554
4 9479 9555 9554 9255
4 9255 9554 9558 9482
4 9554 9279 9556 9558
4 9558 9556 9280 9557
4 9482 9558 9557 9256
4 9256 9557 9561 9485
4 9557 9280 9559 9561
4 9561 9559 9281 9560
4 9485 9561 9560 9257
4 9257 9560 9564 9488
4 9560 9281 9562 9564
4 9564 9562 9282 9563
4 9488 9564 9563 9258
4 9258 9563 9567 9491
4 9563 9282 9565 9567
4 9567 9565 9283 9566
4 9491 9567 9566 9259
4 9259 9566 9570 9494
4 9566 9283 9568 9570
4 9570 9568 9284 9569
4 9494 9570 9569 9260
4 9260 9569 9573 9497
4 9569 9284 9571 9573
4 9573 9571 9285 9572
4 9497 9573 9572 9261
4 9261 9572 9576 9500
4 9572 9285 9574 9576
4 9576 9574 9286 9575
4 9500 9576 9575 9262
4 9262 9575 9579 9503
4 9575 9286 9577 9579
4 9579 9577 9287 9578
4 9503 9579 9578 9263
4 9263 9578 9582 9506
4 9578 9287 9580 9582
4 9582 9580 9288 9581
4 9506 9582 9581 9264
4 9264 9581 9585 9509
4 9581 9288 9583 9585
4 9585 9583 9289 9584
4 9509 9585 9584 9265
4 9265 9584 9588 9512
4 9584 9289 9586 9588
4 9588 9586 9290 9587
4 9512 9588 9587 9266
4 9266 9587 9591 9515
4 9587 9290 9589 9591
4 9591 9589 9291 9590
4 9515 9591 9590 9267
4 9267 9590 9594 9518
4 9590 9291 9592 9594
4 9594 9592 9292 9593
4 9518 9594 9593 9268
4 9268 9593 9597 9521
4 9593 9292 9595 9597
4 9597 9595 9293 9596
4 9521 9597 9596 9269
4 9269 9596 9600 9524
4 9596 9293 9598 9600
4 9600 9598 9294 9599
4 9524 9600 9599 9270
4 9270 9599 9603 9527
4 9599 9294 9601 9603
4 9603 9601 9295 9602
4 9527 9603 9602 9271
4 9271 9602 9606 9530
4 9602 9295 9604 9606
4 9606 9604 9296 9605
4 9530 9606 9605 9272
4 9272 9605 9609 9533
4 9605 9296 9607 9609
4 9609 9607 9297 9608
4 9533 9609 9608 9273
4 9273 9608 9612 9536
4 9608 9297 9610 9612
4 9612 9610 9298 9611
4 9536 9612 9611 9274
4 9274 9611 9615 9539
4 9611 9298 9613 9615
4 9615 9613 9299 9614
4 9539 9615 9614 9275
4 9275 9614 9618 9542
4 9614 9299 9616 9618
4 9618 9616 9300 9617
4 9542 9618 9617 9276
4 9276 9617 9620 9545
4 9617 9300 9619 9620
4 9620 9619 1245 1246
4 9545 9620 1246 1247
4 1203 1204 9623 9547
4 1204 1205 9621 9623
4 9623 9621 9301 9622
4 9547 9623 9622 9277
4 9277 9622 9626 9550
4 9622 9301 9624 9626
4 9626 9624 9302 9625
4 9550 9626 9625 9278
4 9278 9625 9629 9553
4 9625 9302 9627 9629
4 9629 9627 9303 9628
4 9553 9629 9628 9279
4 9279 9628 9632 9556
4 9628 9303 9630 9632
4 9632 9630 9304 9631
4 9556 9632 9631 9280
4 9280 9631 9635 9559
4 9631 9304 9633 9635
4 9635 9633 9305 9634
4 9559 9635 9634 9281
4 9281 9634 9638 9562
4 9634 9305 9636 9638
4 9638 9636 9306 9637
4 9562 9638 9637 9282
4 9282 9637 9641 9565
4 9637 9306 9639 9641
4 9641 9639 9307 9640
4 9565 9641 9640 9283
4 9283 9640 9644 9568
4 9640 9307 9642 9644
4 9644 9642 9308 9643
4 9568 9644 9643 9284
4 9284 9643 9647 9571
4 9643 9308 9645 9647
4 9647 9645 9309 9646
4 9571 9647 9646 9285
4 9285 9646 9650 9574
4 9646 9309 9648 9650
4 9650 9648 9310 9649
4 9574 9650 9649 9286
4 9286 9649 9653 9577
4 9649 9310 9651 9653
4 9653 9651 9311 9652
4 9577 9653 9652 9287
4 9287 9652 9656 9580
4 9652 9311 9654 9656
4 9656 9654 9312 9655
4 9580 9656 9655 9288
4 9288 9655 9659 9583
4 9655 9312 9657 9659
4 9659 9657 9313 9658
4 9583 9659 9658 9289
4 9289 9658 9662 9586
4 9658 9313 9660 9662
4 9662 9660 9314 9661
4 9586 9662 9661 9290
4 9290 9661 9665 9589
4 9661 9314 9663 9665
4 9665 9663 9315 9664
4 9589 9665 9664 9291
4 9291 9664 9668 9592
4 9664 9315 9666 9668
4 9668 9666 9316 9667
4 9592 9668 9667 9292
4 9292 9667 9671 9595
4 9667 9316 9669 9671
4 9671 9669 9317 9670
4 9595 9671 9670 9293
4 9293 9670 9674 9598
4 9670 9317 9672 9674
4 9674 9672 9318 9673
4 9598 9674 9673 9294
4 9294 9673 9677 9601
4 9673 9318 9675 9677
4 9677 9675 9319 9676
4 9601 9677 9676 9295
4 9295 9676 9680 9604
4 9676 9319 9678 9680
4 9680 9678 9320 9679
4 9604 9680 9679 9296
4 9296 9679 9683 9607
4 9679 9320 9681 9683
4 9683 9681 9321 9682
4 9607 9683 9682 9297
4 9297 9682 9686 9610
4 9682 9321 9684 9686
4 9686 9684 9322 9685
4 9610 9686 9685 9298
4 9298 9685 9689 9613
4 9685 9322 9687 9689
4 9689 9687 9323 9688
4 9613 9689 9688 9299
4 9299 9688 9692 9616
4 9688 9323 9690 9692
4 9692 9690 9324 9691
4 9616 9692 9691 9300
4 9300 9691 9694 9619
4 9691 9324 9693 9694
4 9694 9693 1243 1244
4 9619 9694 1244 1245
4 1205 1206 9696 9621
4 1206 65 1207 9696
4 9696 1207 1208 9695
4 9621 9696 9695 9301
4 9301 9695 9698 9624
4 9695 1208 1209 9698
4 9698 1209 1210 9697
4 9624 9698 9697 9302
4 9302 9697 9700 9627
4 9697 1210 1211 9700
4 9700 1211 1212 9699
4 9627 9700 9699 9303
4 9303 9699 9702 9630
4 9699 1212 1213 9702
4 9702 1213 20 9701
4 9630 9702 9701 9304
4 9304 9701 9704 9633
4 9701 20 390 9704
4 9704 390 389 9703
4 9633 9704 9703 9305
4 9305 9703 9706 9636
4 9703 389 388 9706
4 9706 388 387 9705
4 9636 9706 9705 9306
4 9306 9705 9708 9639
4 9705 387 386 9708
4 9708 386 385 9707
4 9639 9708 9707 9307
4 9307 9707 9710 9642
4 9707 385 384 9710
4 9710 384 383 9709
4 9642 9710 9709 9308
4 9308 9709 9712 9645
4 9709 383 382 9712
4 9712 382 381 9711
4 9645 9712 9711 9309
4 9309 9711 9714 9648
4 9711 381 380 9714
4 9714 380 23 9713
4 9648 9714 9713 9310
4 9310 9713 9716 9651
4 9713 23 1214 9716
4 9716 1214 1215 9715
4 9651 9716 9715 9311
4 9311 9715 9718 9654
4 9715 1215 1216 9718
4 9718 1216 1217 9717
4 9654 9718 9717 9312
4 9312 9717 9720 9657
4 9717 1217 1218 9720
4 9720 1218 1219 9719
4 9657 9720 9719 9313
4 9313 9719 9722 9660
4 9719 1219 1220 9722
4 9722 1220 1221 9721
4 9660 9722 9721 9314
4 9314 9721 9724 9663
4 9721 1221 1222 9724
4 9724 1222 1223 9723
4 9663 9724 9723 9315
4 9315 9723 9726 9666
4 9723 1223 1224 9726
4 9726 1224 1225 9725
4 9666 9726 9725 9316
4 9316 9725 9728 9669
4 9725 1225 1226 9728
4 9728 1226 1227 9727
4 9669 9728 9727 9317
4 9317 9727 9730 9672
4 9727 1227 1228 9730
4 9730 1228 1229 9729
4 9672 9730 9729 9318
4 9318 9729 9732 9675
4 9729 1229 1230 9732
4 9732 1230 66 9731
4 9675 9732 9731 9319
4 9319 9731 9734 9678
4 9731 66 1231 9734
4 9734 1231 1232 9733
4 9678 9734 9733 9320
4 9320 9733 9736 9681
4 9733 1232 1233 9736
4 9736 1233 1234 9735
4 9681 9736 9735 9321
4 9321 9735 9738 9684
4 9735 1234 1235 9738
4 9738 1235 1236 9737
4 9684 9738 9737 9322
4 9322 9737 9740 9687
4 9737 1236 1237 9740
4 9740 1237 1238 9739
4 9687 9740 9739 9323
4 9323 9739 9742 9690
4 9739 1238 1239 9742
4 9742 1239 1240 9741
4 9690 9742 9741 9324
4 9324 9741 9743 9693
4 9741 1240 1241 9743
4 9743 1241 67 1242
4 9693 9743 1242 1243
4 70 1288 9866 1379
4 1288 1289 9864 9866
4 9866 9864 9744 9865
4 1379 9866 9865 1378
4 1378 9865 9869 1377
4 9865 9744 9867 9869
4 9869 9867 9745 9868
4 1377 9869 9868 1376
4 1376 9868 9872 1375
4 9868 9745 9870 9872
4 9872 9870 9746 9871
4 1375 9872 9871 1374
4 1374 9871 9875 1373
4 9871 9746 9873 9875
4 9875 9873 9747 9874
4 1373 9875 9874 21
4 21 9874 9878 354
4 9874 9747 9876 9878
4 9878 9876 9748 9877
4 354 9878 9877 355
4 355 9877 9881 356
4 9877 9748 9879 9881
4 9881 9879 9749 9880
4 356 9881 9880 357
4 357 9880 9884 358
4 9880 9749 9882 9884
4 9884 9882 9750 9883
4 358 9884 9883 359
4 359 9883 9887 360
4 9883 9750 9885 9887
4 9887 9885 9751 9886
4 360 9887 9886 361
4 361 9886 9890 362
4 9886 9751 9888 9890
4 9890 9888 9752 9889
4 362 9890 9889 363
4 363 9889 9893 364
4 9889 9752 9891 9893
4 9893 9891 9753 9892
4 364 9893 9892 22
4 22 9892 9896 1372
4 9892 9753 9894 9896
4 9896 9894 9754 9895
4 1372 9896 9895 1371
4 1371 9895 9899 1370
4 9895 9754 9897 9899
4 9899 9897 9755 9898
4 1370 9899 9898 1369
4 1369 9898 9902 1368
4 9898 9755 9900 9902
4 9902 9900 9756 9901
4 1368 9902 9901 1367
4 1367 9901 9905 1366
4 9901 9756 9903 9905
4 9905 9903 9757 9904
4 1366 9905 9904 1365
4 1365 9904 9908 1364
4 9904 9757 9906 9908
4 9908 9906 9758 9907
4 1364 9908 9907 1363
4 1363 9907 9911 1362
4 9907 9758 9909 9911
4 9911 9909 9759 9910
4 1362 9911 9910 1361
4 1361 9910 9914 1360
4 9910 9759 9912 9914
4 9914 9912 9760 9913
4 1360 9914 9913 1359
4 1359 9913 9917 1358
4 9913 9760 9915 9917
4 9917 9915 9761 9916
4 1358 9917 9916 1357
4 1357 9916 9920 1356
4 9916 9761 9918 9920
4 9920 9918 9762 9919
4 1356 9920 9919 75
4 75 9919 9923 1355
4 9919 9762 9921 9923
4 9923 9921 9763 9922
4 1355 9923 9922 1354
4 1354 9922 9926 1353
4 9922 9763 9924 9926
4 9926 9924 9764 9925
4 1353 9926 9925 1352
4 1352 9925 9929 1351
4 9925 9764 9927 9929
4 9929 9927 9765 9928
4 1351 9929 9928 1350
4 1350 9928 9932 1349
4 9928 9765 9930 9932
4 9932 9930 9766 9931
4 1349 9932 9931 1348
4 1348 9931 9935 1347
4 9931 9766 9933 9935
4 9935 9933 9767 9934
4 1347 9935 9934 1346
4 1346 9934 9937 1345
4 9934 9767 9936 9937
4 9937 9936 1343 1344
4 1345 9937 1344 74
4 1289 1290 9940 9864
4 1290 1291 9938 9940
4 9940 9938 9768 9939
4 9864 9940 9939 9744
4 9744 9939 9943 9867
4 9939 9768 9941 9943
4 9943 9941 9769 9942
4 9867 9943 9942 9745
4 9745 9942 9946 9870
4 9942 9769 9944 9946
4 9946 9944 9770 9945
4 9870 9946 9945 9746
4 9746 9945 9949 9873
4 9945 9770 9947 9949
4 9949 9947 9771 9948
4 9873 9949 9948 9747
4 9747 9948 9952 9876
4 9948 9771 9950 9952
4 9952 9950 9772 9951
4 9876 9952 9951 9748
4 9748 9951 9955 9879
4 9951 9772 9953 9955
4 9955 9953 9773 9954
4 9879 9955 9954 9749
4 9749 9954 9958 9882
4 9954 9773 9956 9958
4 9958 9956 9774 9957
4 9882 9958 9957 9750
4 9750 9957 9961 9885
4 9957 9774 9959 9961
4 9961 9959 9775 9960
4 9885 9961 9960 9751
4 9751 9960 9964 9888
4 9960 9775 9962 9964
4 9964 9962 9776 9963
4 9888 9964 9963 9752
4 9752 9963 9967 9891
4 9963 9776 9965 9967
4 9967 9965 9777 9966
4 9891 9967 9966 9753
4 9753 9966 9970 9894
4 9966 9777 9968 9970
4 9970 9968 9778 9969
4 9894 9970 9969 9754
4 9754 9969 9973 9897
4 9969 9778 9971 9973
4 9973 9971 9779 9972
4 9897 9973 9972 9755
4 9755 9972 9976 9900
4 9972 9779 9974 9976
4 9976 9974 9780 9975
4 9900 9976 9975 9756
4 9756 9975 9979 9903
4 9975 9780 9977 9979
4 9979 9977 9781 9978
4 9903 9979 9978 9757
4 9757 9978 9982 9906
4 9978 9781 9980 9982
4 9982 9980 9782 9981
4 9906 9982 9981 9758
4 9758 9981 9985 9909
4 9981 9782 9983 9985
4 9985 9983 9783 9984
4 9909 9985 9984 9759
4 9759 9984 9988 9912
4 9984 9783 9986 9988
4 9988 9986 9784 9987
4 9912 9988 9987 9760
4 9760 9987 9991 9915
4 9987 9784 9989 9991
4 9991 9989 9785 9990
4 9915 9991 9990 9761
4 9761 9990 9994 9918
4 9990 9785 9992 9994
4 9994 9992 9786 9993
4 9918 9994 9993 9762
4 9762 9993 9997 9921
4 9993 9786 9995 9997
4 9997 9995 9787 9996
4 9921 9997 9996 9763
4 9763 9996 10000 9924
4 9996 9787 9998 10000
4 10000 9998 9788 9999
4 9924 10000 9999 9764
4 9764 9999 10003 9927
4 9999 9788 10001 10003
4 10003 10001 9789 10002
4 9927 10003 10002 9765
4 9765 10002 10006 9930
4 10002 9789 10004 10006
4 10006 10004 9790 10005
4 9930 10006 10005 9766
4 9766 10005 10009 9933
4 10005 9790 10007 10009
4 10009 10007 9791 10008
4 9933 10009 10008 9767
4 9767 10008 10011 9936
4 10008 9791 10010 10011
4 10011 10010 1341 1342
4 9936 10011 1342 1343
4 1291 1292 10014 9938
4 1292 1293 10012 10014
4 10014 10012 9792 10013
4 9938 10014 10013 9768
4 9768 10013 10017 9941
4 10013 9792 10015 10017
4 10017 10015 9793 10016
4 9941 10017 10016 9769
4 9769 10016 10020 9944
4 10016 9793 10018 10020
4 10020 10018 9794 10019
4 9944 10020 10019 9770
4 9770 10019 10023 9947
4 10019 9794 10021 10023
4 10023 10021 9795 10022
4 9947 10023 10022 9771
4 9771 10022 10026 9950
4 10022 9795 10024 10026
4 10026 10024 9796 10025
4 9950 10026 10025 9772
4 9772 10025 10029 9953
4 10025 9796 10027 10029
4 10029 10027 9797 10028
4 9953 10029 10028 9773
4 9773 10028 10032 9956
4 10028 9797 10030 10032
4 10032 10030 9798 10031
4 9956 10032 10031 9774
4 9774 10031 10035 9959
4 10031 9798 10033 10035
4 10035 10033 9799 10034
4 9959 10035 10034 9775
4 9775 10034 10038 9962
4 10034 9799 10036 10038
4 10038 10036 9800 10037
4 9962 10038 10037 9776
4 9776 10037 10041 9965
4 10037 9800 10039 10041
4 10041 10039 9801 10040
4 9965 10041 10040 9777
4 9777 10040 10044 9968
4 10040 9801 10042 10044
4 10044 10042 9802 10043
4 9968 10044 10043 9778
4 9778 10043 10047 9971
4 10043 9802 10045 10047
4 10047 10045 9803 10046
4 9971 10047 10046 9779
4 9779 10046 10050 9974
4 10046 9803 10048 10050
4 10050 10048 9804 10049
4 9974 10050 10049 9780
4 9780 10049 10053 9977
4 10049 9804 10051 10053
4 10053 10051 9805 10052
4 9977 10053 10052 9781
4 9781 10052 10056 9980
4 10052 9805 10054 10056
4 10056 10054 9806 10055
4 9980 10056 10055 9782
4 9782 10055 10059 9983
4 10055 9806 10057 10059
4 10059 10057 9807 10058
4 9983 10059 10058 9783
4 9783 10058 10062 9986
4 10058 9807 10060 10062
4 10062 10060 9808 10061
4 9986 10062 10061 9784
4 9784 10061 10065 9989
4 10061 9808 10063 10065
4 10065 10063 9809 10064
4 9989 10065 10064 9785
4 9785 10064 10068 9992
4 10064 9809 10066 10068
4 10068 10066 9810 10067
4 9992 10068 10067 9786
4 9786 10067 10071 9995
4 10067 9810 10069 10071
4 10071 10069 9811 10070
4 9995 10071 10070 9787
4 9787 10070 10074 9998
4 10070 9811 10072 10074
4 10074 10072 9812 10073
4 9998 10074 10073 9788
4 9788 10073 10077 10001
4 10073 9812 10075 10077
4 10077 10075 9813 10076
4 10001 10077 10076 9789
4 9789 10076 10080 10004
4 10076 9813 10078 10080
4 10080 10078 9814 10079
4 10004 10080 10079 9790
4 9790 10079 10083 10007
4 10079 9814 10081 10083
4 10083 10081 9815 10082
4 10007 10083 10082 9791
4 9791 10082 10085 10010
4 10082 9815 10084 10085
4 10085 10084 1339 1340
4 10010 10085 1340 1341
4 1293 1294 10088 10012
4 1294 1295 10086 10088
4 10088 10086 9816 10087
4 10012 10088 10087 9792
4 9792 10087 10091 10015
4 10087 9816 10089 10091
4 10091 10089 9817 10090
4 10015 10091 10090 9793
4 9793 10090 10094 10018
4 10090 9817 10092 10094
4 10094 10092 9818 10093
4 10018 10094 10093 9794
4 9794 10093 10097 10021
4 10093 9818 10095 10097
4 10097 10095 9819 10096
4 10021 10097 10096 9795
4 9795 10096 10100 10024
4 10096 9819 10098 10100
4 10100 10098 9820 10099
4 10024 10100 10099 9796
4 9796 10099 10103 10027
4 10099 9820 10101 10103
4 10103 10101 9821 10102
4 10027 10103 10102 9797
4 9797 10102 10106 10030
4 10102 9821 10104 10106
4 10106 10104 9822 10105
4 10030 10106 10105 9798
4 9798 10105 10109 10033
4 10105 9822 10107 10109
4 10109 10107 9823 10108
4 10033 10109 10108 9799
4 9799 10108 10112 10036
4 10108 9823 10110 10112
4 10112 10110 9824 10111
4 10036 10112 10111 9800
4 9800 10111 10115 10039
4 10111 9824 10113 10115
4 10115 10113 9825 10114
4 10039 10115 10114 9801
4 9801 10114 10118 10042
4 10114 9825 10116 10118
4 10118 10116 9826 10117
4 10042 10118 10117 9802
4 9802 10117 10121 10045
4 10117 9826 10119 10121
4 10121 10119 9827 10120
4 10045 10121 10120 9803
4 9803 10120 10124 10048
4 10120 9827 10122 10124
4 10124 10122 9828 10123
4 10048 10124 10123 9804
4 9804 10123 10127 10051
4 10123 9828 10125 10127
4 10127 10125 9829 10126
4 10051 10127 10126 9805
4 9805 10126 10130 10054
4 10126 9829 10128 10130
4 10130 10128 9830 10129
4 10054 10130 10129 9806
4 9806 10129 10133 10057
4 10129 9830 10131 10133
4 10133 10131 9831 10132
4 10057 10133 10132 9807
4 9807 10132 10136 10060
4 10132 9831 10134 10136
4 10136 10134 9832 10135
4 10060 10136 10135 9808
4 9808 10135 10139 10063
4 10135 9832 10137 10139
4 10139 10137 9833 10138
4 10063 10139 10138 9809
4 9809 10138 10142 10066
4 10138 9833 10140 10142
4 10142 10140 9834 10141
4 10066 10142 10141 9810
4 9810 10141 10145 10069
4 10141 9834 10143 10145
4 10145 10143 9835 10144
4 10069 10145 10144 9811
4 9811 10144 10148 10072
4 10144 9835 10146 10148
4 10148 10146 9836 10147
4 10072 10148 10147 9812
4 9812 10147 10151 10075
4 10147 9836 10149 10151
4 10151 10149 9837 10150
4 10075 10151 10150 9813
4 9813 10150 10154 10078
4 10150 9837 10152 10154
4 10154 10152 9838 10153
4 10078 10154 10153 9814
4 9814 10153 10157 10081
4 10153 9838 10155 10157
4 10157 10155 9839 10156
4 10081 10157 10156 9815
4 9815 10156 10159 10084
4 10156 9839 10158 10159
4 10159 10158 1337 1338
4 10084 10159 1338 1339
4 1295 1296 10162 10086
4 1296 1297 10160 10162
4 10162 10160 9840 10161
4 10086 10162 10161 9816
4 9816 10161 10165 10089
4 10161 9840 10163 10165
4 10165 10163 9841 10164
4 10089 10165 10164 9817
4 9817 10164 10168 10092
4 10164 9841 10166 10168
4 10168 10166 9842 10167
4 10092 10168 10167 9818
4 9818 10167 10171 10095
4 10167 9842 10169 10171
4 10171 10169 9843 10170
4 10095 10171 10170 9819
4 9819 10170 10174 10098
4 10170 9843 10172 10174
4 10174 10172 9844 10173
4 10098 10174 10173 9820
4 9820 10173 10177 10101
4 10173 9844 10175 10177
4 10177 10175 9845 10176
4 10101 10177 10176 9821
4 9821 10176 10180 10104
4 10176 9845 10178 10180
4 10180 10178 9846 10179
4 10104 10180 10179 9822
4 9822 10179 10183 10107
4 10179 9846 10181 10183
4 10183 10181 9847 10182
4 10107 10183 10182 9823
4 9823 10182 10186 10110
4 10182 9847 10184 10186
4 10186 10184 9848 10185
4 10110 10186 10185 9824
4 9824 10185 10189 10113
4 10185 9848 10187 10189
4 10189 10187 9849 10188
4 10113 10189 10188 9825
4 9825 10188 10192 10116
4 10188 9849 10190 10192
4 10192 10190 9850 10191
4 10116 10192 10191 9826
4 9826 10191 10195 10119
4 10191 9850 10193 10195
4 10195 10193 9851 10194
4 10119 10195 10194 9827
4 9827 10194 10198 10122
4 10194 9851 10196 10198
4 10198 10196 9852 10197
4 10122 10198 10197 9828
4 9828 10197 10201 10125
4 10197 9852 10199 10201
4 10201 10199 9853 10200
4 10125 10201 10200 9829
4 9829 10200 10204 10128
4 10200 9853 10202 10204
4 10204 10202 9854 10203
4 10128 10204 10203 9830
4 9830 10203 10207 10131
4 10203 9854 10205 10207
4 10207 10205 9855 10206
4 10131 10207 10206 9831
4 9831 10206 10210 10134
4 10206 9855 10208 10210
4 10210 10208 9856 10209
4 10134 10210 10209 9832
4 9832 10209 10213 10137
4 10209 9856 10211 10213
4 10213 10211 9857 10212
4 10137 10213 10212 9833
4 9833 10212 10216 10140
4 10212 9857 10214 10216
4 10216 10214 9858 10215
4 10140 10216 10215 9834
4 9834 10215 10219 10143
4 10215 9858 10217 10219
4 10219 10217 9859 10218
4 10143 10219 10218 9835
4 9835 10218 10222 10146
4 10218 9859 10220 10222
4 10222 10220 9860 10221
4 10146 10222 10221 9836
4 9836 10221 10225 10149
4 10221 9860 10223 10225
4 10225 10223 9861 10224
4 10149 10225 10224 9837
4 9837 10224 10228 10152
4 10224 9861 10226 10228
4 10228 10226 9862 10227
4 10152 10228 10227 9838
4 9838 10227 10231 10155
4 10227 9862 10229 10231
4 10231 10229 9863 10230
4 10155 10231 10230 9839
4 9839 10230 10233 10158
4 10230 9863 10232 10233
4 10233 10232 1335 1336
4 10158 10233 1336 1337
4 1297 1298 10235 10160
4 1298 71 1299 10235
4 10235 1299 1300 10234
4 10160 10235 10234 9840
4 9840 10234 10237 10163
4 10234 1300 1301 10237
4 10237 1301 1302 10236
4 10163 10237 10236 9841
4 9841 10236 10239 10166
4 10236 1302 1303 10239
4 10239 1303 1304 10238
4 10166 10239 10238 9842
4 9842 10238 10241 10169
4 10238 1304 1305 10241
4 10241 1305 24 10240
4 10169 10241 10240 9843
4 9843 10240 10243 10172
4 10240 24 442 10243
4 10243 442 441 10242
4 10172 10243 10242 9844
4 9844 10242 10245 10175
4 10242 441 440 10245
4 10245 440 439 10244
4 10175 10245 10244 9845
4 9845 10244 10247 10178
4 10244 439 438 10247
4 10247 438 437 10246
4 10178 10247 10246 9846
4 9846 10246 10249 10181
4 10246 437 436 10249
4 10249 436 435 10248
4 10181 10249 10248 9847
4 9847 10248 10251 10184
4 10248 435 434 10251
4 10251 434 433 10250
4 10184 10251 10250 9848
4 9848 10250 10253 10187
4 10250 433 432 10253
4 10253 432 27 10252
4 10187 10253 10252 9849
4 9849 10252 10255 10190
4 10252 27 1306 10255
4 10255 1306 1307 10254
4 10190 10255 10254 9850
4 9850 10254 10257 10193
4 10254 1307 1308 10257
4 10257 1308 1309 10256
4 10193 10257 10256 9851
4 9851 10256 10259 10196
4 10256 1309 1310 10259
4 10259 1310 1311 10258
4 10196 10259 10258 9852
4 9852 10258 10261 10199
4 10258 1311 1312 10261
4 10261 1312 1313 10260
4 10199 10261 10260 9853
4 9853 10260 10263 10202
4 10260 1313 1314 10263
4 10263 1314 1315 10262
4 10202 10263 10262 9854
4 9854 10262 10265 10205
4 10262 1315 1316 10265
4 10265 1316 1317 10264
4 10205 10265 10264 9855
4 9855 10264 10267 10208
4 10264 1317 1318 10267
4 10267 1318 1319 10266
4 10208 10267 10266 9856
4 9856 10266 10269 10211
4 10266 1319 1320 10269
4 10269 1320 1321 10268
4 10211 10269 10268 9857
4 9857 10268 10271 10214
4 10268 1321 1322 10271
4 10271 1322 72 10270
4 10214 10271 10270 9858
4 9858 10270 10273 10217
4 10270 72 1323 10273
4 10273 1323 1324 10272
4 10217 10273 10272 9859
4 9859 10272 10275 10220
4 10272 1324 1325 10275
4 10275 1325 1326 10274
4 10220 10275 10274 9860
4 9860 10274 10277 10223
4 10274 1326 1327 10277
4 10277 1327 1328 10276
4 10223 10277 10276 9861
4 9861 10276 10279 10226
4 10276 1328 1329 10279
4 10279 1329 1330 10278
4 10226 10279 10278 9862
4 9862 10278 10281 10229
4 10278 1330 1331 10281
4 10281 1331 1332 10280
4 10229 10281 10280 9863
4 9863 10280 10282 10232
4 10280 1332 1333 10282
4 10282 1333 73 1334
4 10232 10282 1334 1335
4 76 1380 10333 1424
4 1380 1381 10331 10333
4 10333 10331 10283 10332
4 1424 10333 10332 1423
4 1423 10332 10336 1422
4 10332 10283 10334 10336
4 10336 10334 10284 10335
4 1422 10336 10335 1421
4 1421 10335 10339 1420
4 10335 10284 10337 10339
4 10339 10337 10285 10338
4 1420 10339 10338 1419
4 1419 10338 10342 1418
4 10338 10285 10340 10342
4 10342 10340 10286 10341
4 1418 10342 10341 25
4 25 10341 10345 406
4 10341 10286 10343 10345
4 10345 10343 10287 10344
4 406 10345 10344 407
4 407 10344 10348 408
4 10344 10287 10346 10348
4 10348 10346 10288 10347
4 408 10348 10347 409
4 409 10347 10351 410
4 10347 10288 10349 10351
4 10351 10349 10289 10350
4 410 10351 10350 411
4 411 10350 10354 412
4 10350 10289 10352 10354
4 10354 10352 10290 10353
4 412 10354 10353 413
4 413 10353 10357 414
4 10353 10290 10355 10357
4 10357 10355 10291 10356
4 414 10357 10356 415
4 415 10356 10360 416
4 10356 10291 10358 10360
4 10360 10358 10292 10359
4 416 10360 10359 26
4 26 10359 10363 1417
4 10359 10292 10361 10363
4 10363 10361 10293 10362
4 1417 10363 10362 1416
4 1416 10362 10366 1415
4 10362 10293 10364 10366
4 10366 10364 10294 10365
4 1415 10366 10365 1414
4 1414 10365 10369 1413
4 10365 10294 10367 10369
4 10369 10367 10295 10368
4 1413 10369 10368 1412
4 1412 10368 10372 1411
4 10368 10295 10370 10372
4 10372 10370 10296 10371
4 1411 10372 10371 1410
4 1410 10371 10375 1409
4 10371 10296 10373 10375
4 10375 10373 10297 10374
4 1409 10375 10374 1408
4 1408 10374 10378 1407
4 10374 10297 10376 10378
4 10378 10376 10298 10377
4 1407 10378 10377 1406
4 1406 10377 10381 1405
4 10377 10298 10379 10381
4 10381 10379 10299 10380
4 1405 10381 10380 1404
4 1404 10380 10384 1403
4 10380 10299 10382 10384
4 10384 10382 10300 10383
4 1403 10384 10383 1402
4 1402 10383 10387 1401
4 10383 10300 10385 10387
4 10387 10385 10301 10386
4 1401 10387 10386 78
4 78 10386 10390 1400
4 10386 10301 10388 10390
4 10390 10388 10302 10389
4 1400 10390 10389 1399
4 1399 10389 10393 1398
4 10389 10302 10391 10393
4 10393 10391 10303 10392
4 1398 10393 10392 1397
4 1397 10392 10396 1396
4 10392 10303 10394 10396
4 10396 10394 10304 10395
4 1396 10396 10395 1395
4 1395 10395 10399 1394
4 10395 10304 10397 10399
4 10399 10397 10305 10398
4 1394 10399 10398 1393
4 1393 10398 10402 1392
4 10398 10305 10400 10402
4 10402 10400 10306 10401
4 1392 10402 10401 1391
4 1391 10401 10404 1390
4 10401 10306 10403 10404
4 10404 10403 1388 1389
4 1390 10404 1389 77
4 1381 1382 10407 10331
4 1382 1383 10405 10407
4 10407 10405 10307 10406
4 10331 10407 10406 10283
4 10283 10406 10410 10334
4 10406 10307 10408 10410
4 10410 10408 10308 10409
4 10334 10410 10409 10284
4 10284 10409 10413 10337
4 10409 10308 10411 10413
4 10413 10411 10309 10412
4 10337 10413 10412 10285
4 10285 10412 10416 10340
4 10412 10309 10414 10416
4 10416 10414 10310 10415
4 10340 10416 10415 10286
4 10286 10415 10419 10343
4 10415 10310 10417 10419
4 10419 10417 10311 10418
4 10343 10419 10418 10287
4 10287 10418 10422 10346
4 10418 10311 10420 10422
4 10422 10420 10312 10421
4 10346 10422 10421 10288
4 10288 10421 10425 10349
4 10421 10312 10423 10425
4 10425 10423 10313 10424
4 10349 10425 10424 10289
4 10289 10424 10428 10352
4 10424 10313 10426 10428
4 10428 10426 10314 10427
4 10352 10428 10427 10290
4 10290 10427 10431 10355
4 10427 10314 10429 10431
4 10431 10429 10315 10430
4 10355 10431 10430 10291
4 10291 10430 10434 10358
4 10430 10315 10432 10434
4 10434 10432 10316 10433
4 10358 10434 10433 10292
4 10292 10433 10437 10361
4 10433 10316 10435 10437
4 10437 10435 10317 10436
4 10361 10437 10436 10293
4 10293 10436 10440 10364
4 10436 10317 10438 10440
4 10440 10438 10318 10439
4 10364 10440 10439 10294
4 10294 10439 10443 10367
4 10439 10318 10441 10443
4 10443 10441 10319 10442
4 10367 10443 10442 10295
4 10295 10442 10446 10370
4 10442 10319 10444 10446
4 10446 10444 10320 10445
4 10370 10446 10445 10296
4 10296 10445 10449 10373
4 10445 10320 10447 10449
4 10449 10447 10321 10448
4 10373 10449 10448 10297
4 10297 10448 10452 10376
4 10448 10321 10450 10452
4 10452 10450 10322 10451
4 10376 10452 10451 10298
4 10298 10451 10455 10379
4 10451 10322 10453 10455
4 10455 10453 10323 10454
4 10379 10455 10454 10299
4 10299 10454 10458 10382
4 10454 10323 10456 10458
4 10458 10456 10324 10457
4 10382 10458 10457 10300
4 10300 10457 10461 10385
4 10457 10324 10459 10461
4 10461 10459 10325 10460
4 10385 10461 10460 10301
4 10301 10460 10464 10388
4 10460 10325 10462 10464
4 10464 10462 10326 10463
4 10388 10464 10463 10302
4 10302 10463 10467 10391
4 10463 10326 10465 10467
4 10467 10465 10327 10466
4 10391 10467 10466 10303
4 10303 10466 10470 10394
4 10466 10327 10468 10470
4 10470 10468 10328 10469
4 10394 10470 10469 10304
4 10304 10469 10473 10397
4 10469 10328 10471 10473
4 10473 10471 10329 10472
4 10397 10473 10472 10305
4 10305 10472 10476 10400
4 10472 10329 10474 10476
4 10476 10474 10330 10475
4 10400 10476 10475 10306
4 10306 10475 10478 10403
4 10475 10330 10477 10478
4 10478 10477 1386 1387
4 10403 10478 1387 1388
4 1383 1384 10480 10405
4 1384 30 593 10480
4 10480 593 594 10479
4 10405 10480 10479 10307
4 10307 10479 10482 10408
4 10479 594 595 10482
4 10482 595 596 10481
4 10408 10482 10481 10308
4 10308 10481 10484 10411
4 10481 596 597 10484
4 10484 597 598 10483
4 10411 10484 10483 10309
4 10309 10483 10486 10414
4 10483 598 599 10486
4 10486 599 600 10485
4 10414 10486 10485 10310
4 10310 10485 10488 10417
4 10485 600 601 10488
4 10488 601 602 10487
4 10417 10488 10487 10311
4 10311 10487 10490 10420
4 10487 602 603 10490
4 10490 603 604 10489
4 10420 10490 10489 10312
4 10312 10489 10492 10423
4 10489 604 605 10492
4 10492 605 606 10491
4 10423 10492 10491 10313
4 10313 10491 10494 10426
4 10491 606 607 10494
4 10494 607 608 10493
4 10426 10494 10493 10314
4 10314 10493 10496 10429
4 10493 608 609 10496
4 10496 609 610 10495
4 10429 10496 10495 10315
4 10315 10495 10498 10432
4 10495 610 611 10498
4 10498 611 612 10497
4 10432 10498 10497 10316
4 10316 10497 10500 10435
4 10497 612 613 10500
4 10500 613 614 10499
4 10435 10500 10499 10317
4 10317 10499 10502 10438
4 10499 614 615 10502
4 10502 615 616 10501
4 10438 10502 10501 10318
4 10318 10501 10504 10441
4 10501 616 617 10504
4 10504 617 618 10503
4 10441 10504 10503 10319
4 10319 10503 10506 10444
4 10503 618 619 10506
4 10506 619 620 10505
4 10444 10506 10505 10320
4 10320 10505 10508 10447
4 10505 620 621 10508
4 10508 621 622 10507
4 10447 10508 10507 10321
4 10321 10507 10510 10450
4 10507 622 623 10510
4 10510 623 624 10509
4 10450 10510 10509 10322
4 10322 10509 10512 10453
4 10509 624 625 10512
4 10512 625 626 10511
4 10453 10512 10511 10323
4 10323 10511 10514 10456
4 10511 626 627 10514
4 10514 627 628 10513
4 10456 10514 10513 10324
4 10324 10513 10516 10459
4 10513 628 629 10516
4 10516 629 630 10515
4 10459 10516 10515 10325
4 10325 10515 10518 10462
4 10515 630 631 10518
4 10518 631 632 10517
4 10462 10518 10517 10326
4 10326 10517 10520 10465
4 10517 632 633 10520
4 10520 633 634 10519
4 10465 10520 10519 10327
4 10327 10519 10522 10468
4 10519 634 635 10522
4 10522 635 636 10521
4 10468 10522 10521 10328
4 10328 10521 10524 10471
4 10521 636 637 10524
4 10524 637 638 10523
4 10471 10524 10523 10329
4 10329 10523 10526 10474
4 10523 638 639 10526
4 10526 639 640 10525
4 10474 10526 10525 10330
4 10330 10525 10527 10477
4 10525 640 641 10527
4 10527 641 31 1385
4 10477 10527 1385 1386
4 0 79 10565 130
4 79 80 10563 10565
4 10565 10563 10528 10564
4 130 10565 10564 129
4 129 10564 10568 128
4 10564 10528 10566 10568
4 10568 10566 10529 10567
4 128 10568 10567 127
4 127 10567 10571 126
4 10567 10529 10569 10571
4 10571 10569 10530 10570
4 126 10571 10570 125
4 125 10570 10574 124
4 10570 10530 10572 10574
4 10574 10572 10531 10573
4 124 10574 10573 123
4 123 10573 10577 122
4 10573 10531 10575 10577
4 10577 10575 10532 10576
4 122 10577 10576 121
4 121 10576 10579 120
4 10576 10532 10578 10579
4 10579 10578 118 119
4 120 10579 119 3
4 80 81 10582 10563
4 81 82 10580 10582
4 10582 10580 10533 10581
4 10563 10582 10581 10528
4 10528 10581 10585 10566
4 10581 10533 10583 10585
4 10585 10583 10534 10584
4 10566 10585 10584 10529
4 10529 10584 10588 10569
4 10584 10534 10586 10588
4 10588 10586 10535 10587
4 10569 10588 10587 10530
4 10530 10587 10591 10572
4 10587 10535 10589 10591
4 10591 10589 10536 10590
4 10572 10591 10590 10531
4 10531 10590 10594 10575
4 10590 10536 10592 10594
4 10594 10592 10537 10593
4 10575 10594 10593 10532
4 10532 10593 10596 10578
4 10593 10537 10595 10596
4 10596 10595 116 117
4 10578 10596 117 118
4 82 83 10599 10580
4 83 84 10597 10599
4 10599 10597 10538 10598
4 10580 10599 10598 10533
4 10533 10598 10602 10583
4 10598 10538 10600 10602
4 10602 10600 10539 10601
4 10583 10602 10601 10534
4 10534 10601 10605 10586
4 10601 10539 10603 10605
4 10605 10603 10540 10604
4 10586 10605 10604 10535
4 10535 10604 10608 10589
4 10604 10540 10606 10608
4 10608 10606 10541 10607
4 10589 10608 10607 10536
4 10536 10607 10611 10592
4 10607 10541 10609 10611
4 10611 10609 10542 10610
4 10592 10611 10610 10537
4 10537 10610 10613 10595
4 10610 10542 10612 10613
4 10613 10612 114 115
4 10595 10613 115 116
4 84 85 10616 10597
4 85 86 10614 10616
4 10616 10614 10543 10615
4 10597 10616 10615 10538
4 10538 10615 10619 10600
4 10615 10543 10617 10619
4 10619 10617 10544 10618
4 10600 10619 10618 10539
4 10539 10618 10622 10603
4 10618 10544 10620 10622
4 10622 10620 10545 10621
4 10603 10622 10621 10540
4 10540 10621 10625 10606
4 10621 10545 10623 10625
4 10625 10623 10546 10624
4 10606 10625 10624 10541
4 10541 10624 10628 10609
4 10624 10546 10626 10628
4 10628 10626 10547 10627
4 10609 10628 10627 10542
4 10542 10627 10630 10612
4 10627 10547 10629 10630
4 10630 10629 112 113
4 10612 10630 113 114
4 86 87 10633 10614
4 87 88 10631 10633
4 10633 10631 10548 10632
4 10614 10633 10632 10543
4 10543 10632 10636 10617
4 10632 10548 10634 10636
4 10636 10634 10549 10635
4 10617 10636 10635 10544
4 10544 10635 10639 10620
4 10635 10549 10637 10639
4 10639 10637 10550 10638
4 10620 10639 10638 10545
4 10545 10638 10642 10623
4 10638 10550 10640 10642
4 10642 10640 10551 10641
4 10623 10642 10641 10546
4 10546 10641 10645 10626
4 10641 10551 10643 10645
4 10645 10643 10552 10644
4 10626 10645 10644 10547
4 10547 10644 10647 10629
4 10644 10552 10646 10647
4 10647 10646 110 111
4 10629 10647 111 112
4 88 89 10650 10631
4 89 90 10648 10650
4 10650 10648 10553 10649
4 10631 10650 10649 10548
4 10548 10649 10653 10634
4 10649 10553 10651 10653
4 10653 10651 10554 10652
4 10634 10653 10652 10549
4 10549 10652 10656 10637
4 10652 10554 10654 10656
4 10656 10654 10555 10655
4 10637 10656 10655 10550
4 10550 10655 10659 10640
4 10655 10555 10657 10659
4 10659 10657 10556 10658
4 10640 10659 10658 10551
4 10551 10658 10662 10643
4 10658 10556 10660 10662
4 10662 10660 10557 10661
4 10643 10662 10661 10552
4 10552 10661 10664 10646
4 10661 10557 10663 10664
4 10664 10663 108 109
4 10646 10664 109 110
4 90 91 10667 10648
4 91 92 10665 10667
4 10667 10665 10558 10666
4 10648 10667 10666 10553
4 10553 10666 10670 10651
4 10666 10558 10668 10670
4 10670 10668 10559 10669
4 10651 10670 10669 10554
4 10554 10669 10673 10654
4 10669 10559 10671 10673
4 10673 10671 10560 10672
4 10654 10673 10672 10555
4 10555 10672 10676 10657
4 10672 10560 10674 10676
4 10676 10674 10561 10675
4 10657 10676 10675 10556
4 10556 10675 10679 10660
4 10675 10561 10677 10679
4 10679 10677 10562 10678
4 10660 10679 10678 10557
4 10557 10678 10681 10663
4 10678 10562 10680 10681
4 10681 10680 106 107
4 10663 10681 107 108
4 92 93 10683 10665
4 93 1 94 10683
4 10683 94 95 10682
4 10665 10683 10682 10558
4 10558 10682 10685 10668
4 10682 95 96 10685
4 10685 96 97 10684
4 10668 10685 10684 10559
4 10559 10684 10687 10671
4 10684 97 98 10687
4 10687 98 99 10686
4 10671 10687 10686 10560
4 10560 10686 10689 10674
4 10686 99 100 10689
4 10689 100 101 10688
4 10674 10689 10688 10561
4 10561 10688 10691 10677
4 10688 101 102 10691
4 10691 102 103 10690
4 10677 10691 10690 10562
4 10562 10690 10692 10680
4 10690 103 104 10692
4 10692 104 2 105
4 10680 10692 105 106
4 4 131 10730 182
4 131 132 10728 10730
4 10730 10728 10693 10729
4 182 10730 10729 181
4 181 10729 10733 180
4 10729 10693 10731 10733
4 10733 10731 10694 10732
4 180 10733 10732 179
4 179 10732 10736 178
4 10732 10694 10734 10736
4 10736 10734 10695 10735
4 178 10736 10735 177
4 177 10735 10739 176
4 10735 10695 10737 10739
4 10739 10737 10696 10738
4 176 10739 10738 175
4 175 10738 10742 174
4 10738 10696 10740 10742
4 10742 10740 10697 10741
4 174 10742 10741 173
4 173 10741 10744 172
4 10741 10697 10743 10744
4 10744 10743 170 171
4 172 10744 171 7
4 132 133 10747 10728
4 133 134 10745 10747
4 10747 10745 10698 10746
4 10728 10747 10746 10693
4 10693 10746 10750 10731
4 10746 10698 10748 10750
4 10750 10748 10699 10749
4 10731 10750 10749 10694
4 10694 10749 10753 10734
4 10749 10699 10751 10753
4 10753 10751 10700 10752
4 10734 10753 10752 10695
4 10695 10752 10756 10737
4 10752 10700 10754 10756
4 10756 10754 10701 10755
4 10737 10756 10755 10696
4 10696 10755 10759 10740
4 10755 10701 10757 10759
4 10759 10757 10702 10758
4 10740 10759 10758 10697
4 10697 10758 10761 10743
4 10758 10702 10760 10761
4 10761 10760 168 169
4 10743 10761 169 170
4 134 135 10764 10745
4 135 136 10762 10764
4 10764 10762 10703 10763
4 10745 10764 10763 10698
4 10698 10763 10767 10748
4 10763 10703 10765 10767
4 10767 10765 10704 10766
4 10748 10767 10766 10699
4 10699 10766 10770 10751
4 10766 10704 10768 10770
4 10770 10768 10705 10769
4 10751 10770 10769 10700
4 10700 10769 10773 10754
4 10769 10705 10771 10773
4 10773 10771 10706 10772
4 10754 10773 10772 10701
4 10701 10772 10776 10757
4 10772 10706 10774 10776
4 10776 10774 10707 10775
4 10757 10776 10775 10702
4 10702 10775 10778 10760
4 10775 10707 10777 10778
4 10778 10777 166 167
4 10760 10778 167 168
4 136 137 10781 10762
4 137 138 10779 10781
4 10781 10779 10708 10780
4 10762 10781 10780 10703
4 10703 10780 10784 10765
4 10780 10708 10782 10784
4 10784 10782 10709 10783
4 10765 10784 10783 10704
4 10704 10783 10787 10768
4 10783 10709 10785 10787
4 10787 10785 10710 10786
4 10768 10787 10786 10705
4 10705 10786 10790 10771
4 10786 10710 10788 10790
4 10790 10788 10711 10789
4 10771 10790 10789 10706
4 10706 10789 10793 10774
4 10789 10711 10791 10793
4 10793 10791 10712 10792
4 10774 10793 10792 10707
4 10707 10792 10795 10777
4 10792 10712 10794 10795
4 10795 10794 164 165
4 10777 10795 165 166
4 138 139 10798 10779
4 139 140 10796 10798
4 10798 10796 10713 10797
4 10779 10798 10797 10708
4 10708 10797 10801 10782
4 10797 10713 10799 10801
4 10801 10799 10714 10800
4 10782 10801 10800 10709
4 10709 10800 10804 10785
4 10800 10714 10802 10804
4 10804 10802 10715 10803
4 10785 10804 10803 10710
4 10710 10803 10807 10788
4 10803 10715 10805 10807
4 10807 10805 10716 10806
4 10788 10807 10806 10711
4 10711 10806 10810 10791
4 10806 10716 10808 10810
4 10810 10808 10717 10809
4 10791 10810 10809 10712
4 10712 10809 10812 10794
4 10809 10717 10811 10812
4 10812 10811 162 163
4 10794 10812 163 164
4 140 141 10815 10796
4 141 142 10813 10815
4 10815 10813 10718 10814
4 10796 10815 10814 10713
4 10713 10814 10818 10799
4 10814 10718 10816 10818
4 10818 10816 10719 10817
4 10799 10818 10817 10714
4 10714 10817 10821 10802
4 10817 10719 10819 10821
4 10821 10819 10720 10820
4 10802 10821 10820 10715
4 10715 10820 10824 10805
4 10820 10720 10822 10824
4 10824 10822 10721 10823
4 10805 10824 10823 10716
4 10716 10823 10827 10808
4 10823 10721 10825 10827
4 10827 10825 10722 10826
4 10808 10827 10826 10717
4 10717 10826 10829 10811
4 10826 10722 10828 10829
4 10829 10828 160 161
4 10811 10829 161 162
4 142 143 10832 10813
4 143 144 10830 10832
4 10832 10830 10723 10831
4 10813 10832 10831 10718
4 10718 10831 10835 10816
4 10831 10723 10833 10835
4 10835 10833 10724 10834
4 10816 10835 10834 10719
4 10719 10834 10838 10819
4 10834 10724 10836 10838
4 10838 10836 10725 10837
4 10819 10838 10837 10720
4 10720 10837 10841 10822
4 10837 10725 10839 10841
4 10841 10839 10726 10840
4 10822 10841 10840 10721
4 10721 10840 10844 10825
4 10840 10726 10842 10844
4 10844 10842 10727 10843
4 10825 10844 10843 10722
4 10722 10843 10846 10828
4 10843 10727 10845 10846
4 10846 10845 158 159
4 10828 10846 159 160
4 144 145 10848 10830
4 145 5 146 10848
4 10848 146 147 10847
4 10830 10848 10847 10723
4 10723 10847 10850 10833
4 10847 147 148 10850
4 10850 148 149 10849
4 10833 10850 10849 10724
4 10724 10849 10852 10836
4 10849 149 150 10852
4 10852 150 151 10851
4 10836 10852 10851 10725
4 10725 10851 10854 10839
4 10851 151 152 10854
4 10854 152 153 10853
4 10839 10854 10853 10726
4 10726 10853 10856 10842
4 10853 153 154 10856
4 10856 154 155 10855
4 10842 10856 10855 10727
4 10727 10855 10857 10845
4 10855 155 156 10857
4 10857 156 6 157
4 10845 10857 157 158
4 8 183 10895 234
4 183 184 10893 10895
4 10895 10893 10858 10894
4 234 10895 10894 233
4 233 10894 10898 232
4 10894 10858 10896 10898
4 10898 10896 10859 10897
4 232 10898 10897 231
4 231 10897 10901 230
4 10897 10859 10899 10901
4 10901 10899 10860 10900
4 230 10901 10900 229
4 229 10900 10904 228
4 10900 10860 10902 10904
4 10904 10902 10861 10903
4 228 10904 10903 227
4 227 10903 10907 226
4 10903 10861 10905 10907
4 10907 10905 10862 10906
4 226 10907 10906 225
4 225 10906 10909 224
4 10906 10862 10908 10909
4 10909 10908 222 223
4 224 10909 223 11
4 184 185 10912 10893
4 185 186 10910 10912
4 10912 10910 10863 10911
4 10893 10912 10911 10858
4 10858 10911 10915 10896
4 10911 10863 10913 10915
4 10915 10913 10864 10914
4 10896 10915 10914 10859
4 10859 10914 10918 10899
4 10914 10864 10916 10918
4 10918 10916 10865 10917
4 10899 10918 10917 10860
4 10860 10917 10921 10902
4 10917 10865 10919 10921
4 10921 10919 10866 10920
4 10902 10921 10920 10861
4 10861 10920 10924 10905
4 10920 10866 10922 10924
4 10924 10922 10867 10923
4 10905 10924 10923 10862
4 10862 10923 10926 10908
4 10923 10867 10925 10926
4 10926 10925 220 221
4 10908 10926 221 222
4 186 187 10929 10910
4 187 188 10927 10929
4 10929 10927 10868 10928
4 10910 10929 10928 10863
4 10863 10928 10932 10913
4 10928 10868 10930 10932
4 10932 10930 10869 10931
4 10913 10932 10931 10864
4 10864 10931 10935 10916
4 10931 10869 10933 10935
4 10935 10933 10870 10934
4 10916 10935 10934 10865
4 10865 10934 10938 10919
4 10934 10870 10936 10938
4 10938 10936 10871 10937
4 10919 10938 10937 10866
4 10866 10937 10941 10922
4 10937 10871 10939 10941
4 10941 10939 10872 10940
4 10922 10941 10940 10867
4 10867 10940 10943 10925
4 10940 10872 10942 10943
4 10943 10942 218 219
4 10925 10943 219 220
4 188 189 10946 10927
4 189 190 10944 10946
4 10946 10944 10873 10945
4 10927 10946 10945 10868
4 10868 10945 10949 10930
4 10945 10873 10947 10949
4 10949 10947 10874 10948
4 10930 10949 10948 10869
4 10869 10948 10952 10933
4 10948 10874 10950 10952
4 10952 10950 10875 10951
4 10933 10952 10951 10870
4 10870 10951 10955 10936
4 10951 10875 10953 10955
4 10955 10953 10876 10954
4 10936 10955 10954 10871
4 10871 10954 10958 10939
4 10954 10876 10956 10958
4 10958 10956 10877 10957
4 10939 10958 10957 10872
4 10872 10957 10960 10942
4 10957 10877 10959 10960
4 10960 10959 216 217
4 10942 10960 217 218
4 190 191 10963 10944
4 191 192 10961 10963
4 10963 10961 10878 10962
4 10944 10963 10962 10873
4 10873 10962 10966 10947
4 10962 10878 10964 10966
4 10966 10964 10879 10965
4 10947 10966 10965 10874
4 10874 10965 10969 10950
4 10965 10879 10967 10969
4 10969 10967 10880 10968
4 10950 10969 10968 10875
4 10875 10968 10972 10953
4 10968 10880 10970 10972
4 10972 10970 10881 10971
4 10953 10972 10971 10876
4 10876 10971 10975 10956
4 10971 10881 10973 10975
4 10975 10973 10882 10974
4 10956 10975 10974 10877
4 10877 10974 10977 10959
4 10974 10882 10976 10977
4 10977 10976 214 215
4 10959 10977 215 216
4 192 193 10980 10961
4 193 194 10978 10980
4 10980 10978 10883 10979
4 10961 10980 10979 10878
4 10878 10979 10983 10964
4 10979 10883 10981 10983
4 10983 10981 10884 10982
4 10964 10983 10982 10879
4 10879 10982 10986 10967
4 10982 10884 10984 10986
4 10986 10984 10885 10985
4 10967 10986 10985 10880
4 10880 10985 10989 10970
4 10985 10885 10987 10989
4 10989 10987 10886 10988
4 10970 10989 10988 10881
4 10881 10988 10992 10973
4 10988 10886 10990 10992
4 10992 10990 10887 10991
4 10973 10992 10991 10882
4 10882 10991 10994 10976
4 10991 10887 10993 10994
4 10994 10993 212 213
4 10976 10994 213 214
4 194 195 10997 10978
4 195 196 10995 10997
4 10997 10995 10888 10996
4 10978 10997 10996 10883
4 10883 10996 11000 10981
4 10996 10888 10998 11000
4 11000 10998 10889 10999
4 10981 11000 10999 10884
4 10884 10999 11003 10984
4 10999 10889 11001 11003
4 11003 11001 10890 11002
4 10984 11003 11002 10885
4 10885 11002 11006 10987
4 11002 10890 11004 11006
4 11006 11004 10891 11005
4 10987 11006 11005 10886
4 10886 11005 11009 10990
4 11005 10891 11007 11009
4 11009 11007 10892 11008
4 10990 11009 11008 10887
4 10887 11008 11011 10993
4 11008 10892 11010 11011
4 11011 11010 210 211
4 10993 11011 211 212
4 196 197 11013 10995
4 197 9 198 11013
4 11013 198 199 11012
4 10995 11013 11012 10888
4 10888 11012 11015 10998
4 11012 199 200 11015
4 11015 200 201 11014
4 10998 11015 11014 10889
4 10889 11014 11017 11001
4 11014 201 202 11017
4 11017 202 203 11016
4 11001 11017 11016 10890
4 10890 11016 11019 11004
4 11016 203 204 11019
4 11019 204 205 11018
4 11004 11019 11018 10891
4 10891 11018 11021 11007
4 11018 205 206 11021
4 11021 206 207 11020
4 11007 11021 11020 10892
4 10892 11020 11022 11010
4 11020 207 208 11022
4 11022 208 10 209
4 11010 11022 209 210
4 12 235 11060 286
4 235 236 11058 11060
4 11060 11058 11023 11059
4 286 11060 11059 285
4 285 11059 11063 284
4 11059 11023 11061 11063
4 11063 11061 11024 11062
4 284 11063 11062 283
4 283 11062 11066 282
4 11062 11024 11064 11066
4 11066 11064 11025 11065
4 282 11066 11065 281
4 281 11065 11069 280
4 11065 11025 11067 11069
4 11069 11067 11026 11068
4 280 11069 11068 279
4 279 11068 11072 278
4 11068 11026 11070 11072
4 11072 11070 11027 11071
4 278 11072 11071 277
4 277 11071 11074 276
4 11071 11027 11073 11074
4 11074 11073 274 275
4 276 11074 275 15
4 236 237 11077 11058
4 237 238 11075 11077
4 11077 11075 11028 11076
4 11058 11077 11076 11023
4 11023 11076 11080 11061
4 11076 11028 11078 11080
4 11080 11078 11029 11079
4 11061 11080 11079 11024
4 11024 11079 11083 11064
4 11079 11029 11081 11083
4 11083 11081 11030 11082
4 11064 11083 11082 11025
4 11025 11082 11086 11067
4 11082 11030 11084 11086
4 11086 11084 11031 11085
4 11067 11086 11085 11026
4 11026 11085 11089 11070
4 11085 11031 11087 11089
4 11089 11087 11032 11088
4 11070 11089 11088 11027
4 11027 11088 11091 11073
4 11088 11032 11090 11091
4 11091 11090 272 273
4 11073 11091 273 274
4 238 239 11094 11075
4 239 240 11092 11094
4 11094 11092 11033 11093
4 11075 11094 11093 11028
4 11028 11093 11097 11078
4 11093 11033 11095 11097
4 11097 11095 11034 11096
4 11078 11097 11096 11029
4 11029 11096 11100 11081
4 11096 11034 11098 11100
4 11100 11098 11035 11099
4 11081 11100 11099 11030
4 11030 11099 11103 11084
4 11099 11035 11101 11103
4 11103 11101 11036 11102
4 11084 11103 11102 11031
4 11031 11102 11106 11087
4 11102 11036 11104 11106
4 11106 11104 11037 11105
4 11087 11106 11105 11032
4 11032 11105 11108 11090
4 11105 11037 11107 11108
4 11108 11107 270 271
4 11090 11108 271 272
4 240 241 11111 11092
4 241 242 11109 11111
4 11111 11109 11038 11110
4 11092 11111 11110 11033
4 11033 11110 11114 11095
4 11110 11038 11112 11114
4 11114 11112 11039 11113
4 11095 11114 11113 11034
4 11034 11113 11117 11098
4 11113 11039 11115 11117
4 11117 11115 11040 11116
4 11098 11117 11116 11035
4 11035 11116 11120 11101
4 11116 11040 11118 11120
4 11120 11118 11041 11119
4 11101 11120 11119 11036
4 11036 11119 11123 11104
4 11119 11041 11121 11123
4 11123 11121 11042 11122
4 11104 11123 11122 11037
4 11037 11122 11125 11107
4 11122 11042 11124 11125
4 11125 11124 268 269
4 11107 11125 269 270
4 242 243 11128 11109
4 243 244 11126 11128
4 11128 11126 11043 11127
4 11109 11128 11127 11038
4 11038 11127 11131 11112
4 11127 11043 11129 11131
4 11131 11129 11044 11130
4 11112 11131 11130 11039
4 11039 11130 11134 11115
4 11130 11044 11132 11134
4 11134 11132 11045 11133
4 11115 11134 11133 11040
4 11040 11133 11137 11118
4 11133 11045 11135 11137
4 11137 11135 11046 11136
4 11118 11137 11136 11041
4 11041 11136 11140 11121
4 11136 11046 11138 11140
4 11140 11138 11047 11139
4 11121 11140 11139 11042
4 11042 11139 11142 11124
4 11139 11047 11141 11142
4 11142 11141 266 267
4 11124 11142 267 268
4 244 245 11145 11126
4 245 246 11143 11145
4 11145 11143 11048 11144
4 11126 11145 11144 11043
4 11043 11144 11148 11129
4 11144 11048 11146 11148
4 11148 11146 11049 11147
4 11129 11148 11147 11044
4 11044 11147 11151 11132
4 11147 11049 11149 11151
4 11151 11149 11050 11150
4 11132 11151 11150 11045
4 11045 11150 11154 11135
4 11150 11050 11152 11154
4 11154 11152 11051 11153
4 11135 11154 11153 11046
4 11046 11153 11157 11138
4 11153 11051 11155 11157
4 11157 11155 11052 11156
4 11138 11157 11156 11047
4 11047 11156 11159 11141
4 11156 11052 11158 11159
4 11159 11158 264 265
4 11141 11159 265 266
4 246 247 11162 11143
4 247 248 11160 11162
4 11162 11160 11053 11161
4 11143 11162 11161 11048
4 11048 11161 11165 11146
4 11161 11053 11163 11165
4 11165 11163 11054 11164
4 11146 11165 11164 11049
4 11049 11164 11168 11149
4 11164 11054 11166 11168
4 11168 11166 11055 11167
4 11149 11168 11167 11050
4 11050 11167 11171 11152
4 11167 11055 11169 11171
4 11171 11169 11056 11170
4 11152 11171 11170 11051
4 11051 11170 11174 11155
4 11170 11056 11172 11174
4 11174 11172 11057 11173
4 11155 11174 11173 11052
4 11052 11173 11176 11158
4 11173 11057 11175 11176
4 11176 11175 262 263
4 11158 11176 263 264
4 248 249 11178 11160
4 249 13 250 11178
4 11178 250 251 11177
4 11160 11178 11177 11053
4 11053 11177 11180 11163
4 11177 251 252 11180
4 11180 252 253 11179
4 11163 11180 11179 11054
4 11054 11179 11182 11166
4 11179 253 254 11182
4 11182 254 255 11181
4 11166 11182 11181 11055
4 11055 11181 11184 11169
4 11181 255 256 11184
4 11184 256 257 11183
4 11169 11184 11183 11056
4 11056 11183 11186 11172
4 11183 257 258 11186
4 11186 258 259 11185
4 11172 11186 11185 11057
4 11057 11185 11187 11175
4 11185 259 260 11187
4 11187 260 14 261
4 11175 11187 261 262
4 16 287 11225 338
4 287 288 11223 11225
4 11225 11223 11188 11224
4 338 11225 11224 337
4 337 11224 11228 336
4 11224 11188 11226 11228
4 11228 11226 11189 11227
4 336 11228 11227 335
4 335 11227 11231 334
4 11227 11189 11229 11231
4 11231 11229 11190 11230
4 334 11231 11230 333
4 333 11230 11234 332
4 11230 11190 11232 11234
4 11234 11232 11191 11233
4 332 11234 11233 331
4 331 11233 11237 330
4 11233 11191 11235 11237
4 11237 11235 11192 11236
4 330 11237 11236 329
4 329 11236 11239 328
4 11236 11192 11238 11239
4 11239 11238 326 327
4 328 11239 327 19
4 288 289 11242 11223
4 289 290 11240 11242
4 11242 11240 11193 11241
4 11223 11242 11241 11188
4 11188 11241 11245 11226
4 11241 11193 11243 11245
4 11245 11243 11194 11244
4 11226 11245 11244 11189
4 11189 11244 11248 11229
4 11244 11194 11246 11248
4 11248 11246 11195 11247
4 11229 11248 11247 11190
4 11190 11247 11251 11232
4 11247 11195 11249 11251
4 11251 11249 11196 11250
4 11232 11251 11250 11191
4 11191 11250 11254 11235
4 11250 11196 11252 11254
4 11254 11252 11197 11253
4 11235 11254 11253 11192
4 11192 11253 11256 11238
4 11253 11197 11255 11256
4 11256 11255 324 325
4 11238 11256 325 326
4 290 291 11259 11240
4 291 292 11257 11259
4 11259 11257 11198 11258
4 11240 11259 11258 11193
4 11193 11258 11262 11243
4 11258 11198 11260 11262
4 11262 11260 11199 11261
4 11243 11262 11261 11194
4 11194 11261 11265 11246
4 11261 11199 11263 11265
4 11265 11263 11200 11264
4 11246 11265 11264 11195
4 11195 11264 11268 11249
4 11264 11200 11266 11268
4 11268 11266 11201 11267
4 11249 11268 11267 11196
4 11196 11267 11271 11252
4 11267 11201 11269 11271
4 11271 11269 11202 11270
4 11252 11271 11270 11197
4 11197 11270 11273 11255
4 11270 11202 11272 11273
4 11273 11272 322 323
4 11255 11273 323 324
4 292 293 11276 11257
4 293 294 11274 11276
4 11276 11274 11203 11275
4 11257 11276 11275 11198
4 11198 11275 11279 11260
4 11275 11203 11277 11279
4 11279 11277 11204 11278
4 11260 11279 11278 11199
4 11199 11278 11282 11263
4 11278 11204 11280 11282
4 11282 11280 11205 11281
4 11263 11282 11281 11200
4 11200 11281 11285 11266
4 11281 11205 11283 11285
4 11285 11283 11206 11284
4 11266 11285 11284 11201
4 11201 11284 11288 11269
4 11284 11206 11286 11288
4 11288 11286 11207 11287
4 11269 11288 11287 11202
4 11202 11287 11290 11272
4 11287 11207 11289 11290
4 11290 11289 320 321
4 11272 11290 321 322
4 294 295 11293 11274
4 295 296 11291 11293
4 11293 11291 11208 11292
4 11274 11293 11292 11203
4 11203 11292 11296 11277
4 11292 11208 11294 11296
4 11296 11294 11209 11295
4 11277 11296 11295 11204
4 11204 11295 11299 11280
4 11295 11209 11297 11299
4 11299 11297 11210 11298
4 11280 11299 11298 11205
4 11205 11298 11302 11283
4 11298 11210 11300 11302
4 11302 11300 11211 11301
4 11283 11302 11301 11206
4 11206 11301 11305 11286
4 11301 11211 11303 11305
4 11305 11303 11212 11304
4 11286 11305 11304 11207
4 11207 11304 11307 11289
4 11304 11212 11306 11307
4 11307 11306 318 319
4 11289 11307 319 320
4 296 297 11310 11291
4 297 298 11308 11310
4 11310 11308 11213 11309
4 11291 11310 11309 11208
4 11208 11309 11313 11294
4 11309 11213 11311 11313
4 11313 11311 11214 11312
4 11294 11313 11312 11209
4 11209 11312 11316 11297
4 11312 11214 11314 11316
4 11316 11314 11215 11315
4 11297 11316 11315 11210
4 11210 11315 11319 11300
4 11315 11215 11317 11319
4 11319 11317 11216 11318
4 11300 11319 11318 11211
4 11211 11318 11322 11303
4 11318 11216 11320 11322
4 11322 11320 11217 11321
4 11303 11322 11321 11212
4 11212 11321 11324 11306
4 11321 11217 11323 11324
4 11324 11323 316 317
4 11306 11324 317 318
4 298 299 11327 11308
4 299 300 11325 11327
4 11327 11325 11218 11326
4 11308 11327 11326 11213
4 11213 11326 11330 11311
4 11326 11218 11328 11330
4 11330 11328 11219 11329
4 11311 11330 11329 11214
4 11214 11329 11333 11314
4 11329 11219 11331 11333
4 11333 11331 11220 11332
4 11314 11333 11332 11215
4 11215 11332 11336 11317
4 11332 11220 11334 11336
4 11336 11334 11221 11335
4 11317 11336 11335 11216
4 11216 11335 11339 11320
4 11335 11221 11337 11339
4 11339 11337 11222 11338
4 11320 11339 11338 11217
4 11217 11338 11341 11323
4 11338 11222 11340 11341
4 11341 11340 314 315
4 11323 11341 315 316
4 300 301 11343 11325
4 301 17 302 11343
4 11343 302 303 11342
4 11325 11343 11342 11218
4 11218 11342 11345 11328
4 11342 303 304 11345
4 11345 304 305 11344
4 11328 11345 11344 11219
4 11219 11344 11347 11331
4 11344 305 306 11347
4 11347 306 307 11346
4 11331 11347 11346 11220
4 11220 11346 11349 11334
4 11346 307 308 11349
4 11349 308 309 11348
4 11334 11349 11348 11221
4 11221 11348 11351 11337
4 11348 309 310 11351
4 11351 310 311 11350
4 11337 11351 11350 11222
4 11222 11350 11352 11340
4 11350 311 312 11352
4 11352 312 18 313
4 11340 11352 313 314
4 20 339 11390 390
4 339 340 11388 11390
4 11390 11388 11353 11389
4 390 11390 11389 389
4 389 11389 11393 388
4 11389 11353 11391 11393
4 11393 11391 11354 11392
4 388 11393 11392 387
4 387 11392 11396 386
4 11392 11354 11394 11396
4 11396 11394 11355 11395
4 386 11396 11395 385
4 385 11395 11399 384
4 11395 11355 11397 11399
4 11399 11397 11356 11398
4 384 11399 11398 383
4 383 11398 11402 382
4 11398 11356 11400 11402
4 11402 11400 11357 11401
4 382 11402 11401 381
4 381 11401 11404 380
4 11401 11357 11403 11404
4 11404 11403 378 379
4 380 11404 379 23
4 340 341 11407 11388
4 341 342 11405 11407
4 11407 11405 11358 11406
4 11388 11407 11406 11353
4 11353 11406 11410 11391
4 11406 11358 11408 11410
4 11410 11408 11359 11409
4 11391 11410 11409 11354
4 11354 11409 11413 11394
4 11409 11359 11411 11413
4 11413 11411 11360 11412
4 11394 11413 11412 11355
4 11355 11412 11416 11397
4 11412 11360 11414 11416
4 11416 11414 11361 11415
4 11397 11416 11415 11356
4 11356 11415 11419 11400
4 11415 11361 11417 11419
4 11419 11417 11362 11418
4 11400 11419 11418 11357
4 11357 11418 11421 11403
4 11418 11362 11420 11421
4 11421 11420 376 377
4 11403 11421 377 378
4 342 343 11424 11405
4 343 344 11422 11424
4 11424 11422 11363 11423
4 11405 11424 11423 11358
4 11358 11423 11427 11408
4 11423 11363 11425 11427
4 11427 11425 11364 11426
4 11408 11427 11426 11359
4 11359 11426 11430 11411
4 11426 11364 11428 11430
4 11430 11428 11365 11429
4 11411 11430 11429 11360
4 11360 11429 11433 11414
4 11429 11365 11431 11433
4 11433 11431 11366 11432
4 11414 11433 11432 11361
4 11361 11432 11436 11417
4 11432 11366 11434 11436
4 11436 11434 11367 11435
4 11417 11436 11435 11362
4 11362 11435 11438 11420
4 11435 11367 11437 11438
4 11438 11437 374 375
4 11420 11438 375 376
4 344 345 11441 11422
4 345 346 11439 11441
4 11441 11439 11368 11440
4 11422 11441 11440 11363
4 11363 11440 11444 11425
4 11440 11368 11442 11444
4 11444 11442 11369 11443
4 11425 11444 11443 11364
4 11364 11443 11447 11428
4 11443 11369 11445 11447
4 11447 11445 11370 11446
4 11428 11447 11446 11365
4 11365 11446 11450 11431
4 11446 11370 11448 11450
4 11450 11448 11371 11449
4 11431 11450 11449 11366
4 11366 11449 11453 11434
4 11449 11371 11451 11453
4 11453 11451 11372 11452
4 11434 11453 11452 11367
4 11367 11452 11455 11437
4 11452 11372 11454 11455
4 11455 11454 372 373
4 11437 11455 373 374
4 346 347 11458 11439
4 347 348 11456 11458
4 11458 11456 11373 11457
4 11439 11458 11457 11368
4 11368 11457 11461 11442
4 11457 11373 11459 11461
4 11461 11459 11374 11460
4 11442 11461 11460 11369
4 11369 11460 11464 11445
4 11460 11374 11462 11464
4 11464 11462 11375 11463
4 11445 11464 11463 11370
4 11370 11463 11467 11448
4 11463 11375 11465 11467
4 11467 11465 11376 11466
4 11448 11467 11466 11371
4 11371 11466 11470 11451
4 11466 11376 11468 11470
4 11470 11468 11377 11469
4 11451 11470 11469 11372
4 11372 11469 11472 11454
4 11469 11377 11471 11472
4 11472 11471 370 371
4 11454 11472 371 372
4 348 349 11475 11456
4 349 350 11473 11475
4 11475 11473 11378 11474
4 11456 11475 11474 11373
4 11373 11474 11478 11459
4 11474 11378 11476 11478
4 11478 11476 11379 11477
4 11459 11478 11477 11374
4 11374 11477 11481 11462
4 11477 11379 11479 11481
4 11481 11479 11380 11480
4 11462 11481 11480 11375
4 11375 11480 11484 11465
4 11480 11380 11482 11484
4 11484 11482 11381 11483
4 11465 11484 11483 11376
4 11376 11483 11487 11468
4 11483 11381 11485 11487
4 11487 11485 11382 11486
4 11468 11487 11486 11377
4 11377 11486 11489 11471
4 11486 11382 11488 11489
4 11489 11488 368 369
4 11471 11489 369 370
4 350 351 11492 11473
4 351 352 11490 11492
4 11492 11490 11383 11491
4 11473 11492 11491 11378
4 11378 11491 11495 11476
4 11491 11383 11493 11495
4 11495 11493 11384 11494
4 11476 11495 11494 11379
4 11379 11494 11498 11479
4 11494 11384 11496 11498
4 11498 11496 11385 11497
4 11479 11498 11497 11380
4 11380 11497 11501 11482
4 11497 11385 11499 11501
4 11501 11499 11386 11500
4 11482 11501 11500 11381
4 11381 11500 11504 11485
4 11500 11386 11502 11504
4 11504 11502 11387 11503
4 11485 11504 11503 11382
4 11382 11503 11506 11488
4 11503 11387 11505 11506
4 11506 11505 366 367
4 11488 11506 367 368
4 352 353 11508 11490
4 353 21 354 11508
4 11508 354 355 11507
4 11490 11508 11507 11383
4 11383 11507 11510 11493
4 11507 355 356 11510
4 11510 356 357 11509
4 11493 11510 11509 11384
4 11384 11509 11512 11496
4 11509 357 358 11512
4 11512 358 359 11511
4 11496 11512 11511 11385
4 11385 11511 11514 11499
4 11511 359 360 11514
4 11514 360 361 11513
4 11499 11514 11513 11386
4 11386 11513 11516 11502
4 11513 361 362 11516
4 11516 362 363 11515
4 11502 11516 11515 11387
4 11387 11515 11517 11505
4 11515 363 364 11517
4 11517 364 22 365
4 11505 11517 365 366
4 24 391 11555 442
4 391 392 11553 11555
4 11555 11553 11518 11554
4 442 11555 11554 441
4 441 11554 11558 440
4 11554 11518 11556 11558
4 11558 11556 11519 11557
4 440 11558 11557 439
4 439 11557 11561 438
4 11557 11519 11559 11561
4 11561 11559 11520 11560
4 438 11561 11560 437
4 437 11560 11564 436
4 11560 11520 11562 11564
4 11564 11562 11521 11563
4 436 11564 11563 435
4 435 11563 11567 434
4 11563 11521 11565 11567
4 11567 11565 11522 11566
4 434 11567 11566 433
4 433 11566 11569 432
4 11566 11522 11568 11569
4 11569 11568 430 431
4 432 11569 431 27
4 392 393 11572 11553
4 393 394 11570 11572
4 11572 11570 11523 11571
4 11553 11572 11571 11518
4 11518 11571 11575 11556
4 11571 11523 11573 11575
4 11575 11573 11524 11574
4 11556 11575 11574 11519
4 11519 11574 11578 11559
4 11574 11524 11576 11578
4 11578 11576 11525 11577
4 11559 11578 11577 11520
4 11520 11577 11581 11562
4 11577 11525 11579 11581
4 11581 11579 11526 11580
4 11562 11581 11580 11521
4 11521 11580 11584 11565
4 11580 11526 11582 11584
4 11584 11582 11527 11583
4 11565 11584 11583 11522
4 11522 11583 11586 11568
4 11583 11527 11585 11586
4 11586 11585 428 429
4 11568 11586 429 430
4 394 395 11589 11570
4 395 396 11587 11589
4 11589 11587 11528 11588
4 11570 11589 11588 11523
4 11523 11588 11592 11573
4 11588 11528 11590 11592
4 11592 11590 11529 11591
4 11573 11592 11591 11524
4 11524 11591 11595 11576
4 11591 11529 11593 11595
4 11595 11593 11530 11594
4 11576 11595 11594 11525
4 11525 11594 11598 11579
4 11594 11530 11596 11598
4 11598 11596 11531 11597
4 11579 11598 11597 11526
4 11526 11597 11601 11582
4 11597 11531 11599 11601
4 11601 11599 11532 11600
4 11582 11601 11600 11527
4 11527 11600 11603 11585
4 11600 11532 11602 11603
4 11603 11602 426 427
4 11585 11603 427 428
4 396 397 11606 11587
4 397 398 11604 11606
4 11606 11604 11533 11605
4 11587 11606 11605 11528
4 11528 11605 11609 11590
4 11605 11533 11607 11609
4 11609 11607 11534 11608
4 11590 11609 11608 11529
4 11529 11608 11612 11593
4 11608 11534 11610 11612
4 11612 11610 11535 11611
4 11593 11612 11611 11530
4 11530 11611 11615 11596
4 11611 11535 11613 11615
4 11615 11613 11536 11614
4 11596 11615 11614 11531
4 11531 11614 11618 11599
4 11614 11536 11616 11618
4 11618 11616 11537 11617
4 11599 11618 11617 11532
4 11532 11617 11620 11602
4 11617 11537 11619 11620
4 11620 11619 424 425
4 11602 11620 425 426
4 398 399 11623 11604
4 399 400 11621 11623
4 11623 11621 11538 11622
4 11604 11623 11622 11533
4 11533 11622 11626 11607
4 11622 11538 11624 11626
4 11626 11624 11539 11625
4 11607 11626 11625 11534
4 11534 11625 11629 11610
4 11625 11539 11627 11629
4 11629 11627 11540 11628
4 11610 11629 11628 11535
4 11535 11628 11632 11613
4 11628 11540 11630 11632
4 11632 11630 11541 11631
4 11613 11632 11631 11536
4 11536 11631 11635 11616
4 11631 11541 11633 11635
4 11635 11633 11542 11634
4 11616 11635 11634 11537
4 11537 11634 11637 11619
4 11634 11542 11636 11637
4 11637 11636 422 423
4 11619 11637 423 424
4 400 401 11640 11621
4 401 402 11638 11640
4 11640 11638 11543 11639
4 11621 11640 11639 11538
4 11538 11639 11643 11624
4 11639 11543 11641 11643
4 11643 11641 11544 11642
4 11624 11643 11642 11539
4 11539 11642 11646 11627
4 11642 11544 11644 11646
4 11646 11644 11545 11645
4 11627 11646 11645 11540
4 11540 11645 11649 11630
4 11645 11545 11647 11649
4 11649 11647 11546 11648
4 11630 11649 11648 11541
4 11541 11648 11652 11633
4 11648 11546 11650 11652
4 11652 11650 11547 11651
4 11633 11652 11651 11542
4 11542 11651 11654 11636
4 11651 11547 11653 11654
4 11654 11653 420 421
4 11636 11654 421 422
4 402 403 11657 11638
4 403 404 11655 11657
4 11657 11655 11548 11656
4 11638 11657 11656 11543
4 11543 11656 11660 11641
4 11656 11548 11658 11660
4 11660 11658 11549 11659
4 11641 11660 11659 11544
4 11544 11659 11663 11644
4 11659 11549 11661 11663
4 11663 11661 11550 11662
4 11644 11663 11662 11545
4 11545 11662 11666 11647
4 11662 11550 11664 11666
4 11666 11664 11551 11665
4 11647 11666 11665 11546
4 11546 11665 11669 11650
4 11665 11551 11667 11669
4 11669 11667 11552 11668
4 11650 11669 11668 11547
4 11547 11668 11671 11653
4 11668 11552 11670 11671
4 11671 11670 418 419
4 11653 11671 419 420
4 404 405 11673 11655
4 405 25 406 11673
4 11673 406 407 11672
4 11655 11673 11672 11548
4 11548 11672 11675 11658
4 11672 407 408 11675
4 11675 408 409 11674
4 11658 11675 11674 11549
4 11549 11674 11677 11661
4 11674 409 410 11677
4 11677 410 411 11676
4 11661 11677 11676 11550
4 11550 11676 11679 11664
4 11676 411 412 11679
4 11679 412 413 11678
4 11664 11679 11678 11551
4 11551 11678 11681 11667
4 11678 413 414 11681
4 11681 414 415 11680
4 11667 11681 11680 11552
4 11552 11680 11682 11670
4 11680 415 416 11682
4 11682 416 26 417
4 11670 11682 417 418
4 37 1425 11720 763
4 1425 1426 11718 11720
4 11720 11718 11683 11719
4 763 11720 11719 764
4 764 11719 11723 765
4 11719 11683 11721 11723
4 11723 11721 11684 11722
4 765 11723 11722 766
4 766 11722 11726 767
4 11722 11684 11724 11726
4 11726 11724 11685 11725
4 767 11726 11725 768
4 768 11725 11729 769
4 11725 11685 11727 11729
4 11729 11727 11686 11728
4 769 11729 11728 770
4 770 11728 11732 771
4 11728 11686 11730 11732
4 11732 11730 11687 11731
4 771 11732 11731 772
4 772 11731 11734 773
4 11731 11687 11733 11734
4 11734 11733 1453 1454
4 773 11734 1454 38
4 1426 1427 11737 11718
4 1427 1428 11735 11737
4 11737 11735 11688 11736
4 11718 11737 11736 11683
4 11683 11736 11740 11721
4 11736 11688 11738 11740
4 11740 11738 11689 11739
4 11721 11740 11739 11684
4 11684 11739 11743 11724
4 11739 11689 11741 11743
4 11743 11741 11690 11742
4 11724 11743 11742 11685
4 11685 11742 11746 11727
4 11742 11690 11744 11746
4 11746 11744 11691 11745
4 11727 11746 11745 11686
4 11686 11745 11749 11730
4 11745 11691 11747 11749
4 11749 11747 11692 11748
4 11730 11749 11748 11687
4 11687 11748 11751 11733
4 11748 11692 11750 11751
4 11751 11750 1451 1452
4 11733 11751 1452 1453
4 1428 1429 11754 11735
4 1429 1430 11752 11754
4 11754 11752 11693 11753
4 11735 11754 11753 11688
4 11688 11753 11757 11738
4 11753 11693 11755 11757
4 11757 11755 11694 11756
4 11738 11757 11756 11689
4 11689 11756 11760 11741
4 11756 11694 11758 11760
4 11760 11758 11695 11759
4 11741 11760 11759 11690
4 11690 11759 11763 11744
4 11759 11695 11761 11763
4 11763 11761 11696 11762
4 11744 11763 11762 11691
4 11691 11762 11766 11747
4 11762 11696 11764 11766
4 11766 11764 11697 11765
4 11747 11766 11765 11692
4 11692 11765 11768 11750
4 11765 11697 11767 11768
4 11768 11767 1449 1450
4 11750 11768 1450 1451
4 1430 1431 11771 11752
4 1431 1432 11769 11771
4 11771 11769 11698 11770
4 11752 11771 11770 11693
4 11693 11770 11774 11755
4 11770 11698 11772 11774
4 11774 11772 11699 11773
4 11755 11774 11773 11694
4 11694 11773 11777 11758
4 11773 11699 11775 11777
4 11777 11775 11700 11776
4 11758 11777 11776 11695
4 11695 11776 11780 11761
4 11776 11700 11778 11780
4 11780 11778 11701 11779
4 11761 11780 11779 11696
4 11696 11779 11783 11764
4 11779 11701 11781 11783
4 11783 11781 11702 11782
4 11764 11783 11782 11697
4 11697 11782 11785 11767
4 11782 11702 11784 11785
4 11785 11784 1447 1448
4 11767 11785 1448 1449
4 1432 1433 11788 11769
4 1433 1434 11786 11788
4 11788 11786 11703 11787
4 11769 11788 11787 11698
4 11698 11787 11791 11772
4 11787 11703 11789 11791
4 11791 11789 11704 11790
4 11772 11791 11790 11699
4 11699 11790 11794 11775
4 11790 11704 11792 11794
4 11794 11792 11705 11793
4 11775 11794 11793 11700
4 11700 11793 11797 11778
4 11793 11705 11795 11797
4 11797 11795 11706 11796
4 11778 11797 11796 11701
4 11701 11796 11800 11781
4 11796 11706 11798 11800
4 11800 11798 11707 11799
4 11781 11800 11799 11702
4 11702 11799 11802 11784
4 11799 11707 11801 11802
4 11802 11801 1445 1446
4 11784 11802 1446 1447
4 1434 1435 11805 11786
4 1435 1436 11803 11805
4 11805 11803 11708 11804
4 11786 11805 11804 11703
4 11703 11804 11808 11789
4 11804 11708 11806 11808
4 11808 11806 11709 11807
4 11789 11808 11807 11704
4 11704 11807 11811 11792
4 11807 11709 11809 11811
4 11811 11809 11710 11810
4 11792 11811 11810 11705
4 11705 11810 11814 11795
4 11810 11710 11812 11814
4 11814 11812 11711 11813
4 11795 11814 11813 11706
4 11706 11813 11817 11798
4 11813 11711 11815 11817
4 11817 11815 11712 11816
4 11798 11817 11816 11707
4 11707 11816 11819 11801
4 11816 11712 11818 11819
4 11819 11818 1443 1444
4 11801 11819 1444 1445
4 1436 1437 11822 11803
4 1437 1438 11820 11822
4 11822 11820 11713 11821
4 11803 11822 11821 11708
4 11708 11821 11825 11806
4 11821 11713 11823 11825
4 11825 11823 11714 11824
4 11806 11825 11824 11709
4 11709 11824 11828 11809
4 11824 11714 11826 11828
4 11828 11826 11715 11827
4 11809 11828 11827 11710
4 11710 11827 11831 11812
4 11827 11715 11829 11831
4 11831 11829 11716 11830
4 11812 11831 11830 11711
4 11711 11830 11834 11815
4 11830 11716 11832 11834
4 11834 11832 11717 11833
4 11815 11834 11833 11712
4 11712 11833 11836 11818
4 11833 11717 11835 11836
4 11836 11835 1441 1442
4 11818 11836 1442 1443
4 1438 1439 11838 11820
4 1439 45 895 11838
4 11838 895 894 11837
4 11820 11838 11837 11713
4 11713 11837 11840 11823
4 11837 894 893 11840
4 11840 893 892 11839
4 11823 11840 11839 11714
4 11714 11839 11842 11826
4 11839 892 891 11842
4 11842 891 890 11841
4 11826 11842 11841 11715
4 11715 11841 11844 11829
4 11841 890 889 11844
4 11844 889 888 11843
4 11829 11844 11843 11716
4 11716 11843 11846 11832
4 11843 888 887 11846
4 11846 887 886 11845
4 11832 11846 11845 11717
4 11717 11845 11847 11835
4 11845 886 885 11847
4 11847 885 44 1440
4 11835 11847 1440 1441
4 42 1455 11885 863
4 1455 1456 11883 11885
4 11885 11883 11848 11884
4 863 11885 11884 864
4 864 11884 11888 865
4 11884 11848 11886 11888
4 11888 11886 11849 11887
4 865 11888 11887 866
4 866 11887 11891 867
4 11887 11849 11889 11891
4 11891 11889 11850 11890
4 867 11891 11890 868
4 868 11890 11894 869
4 11890 11850 11892 11894
4 11894 11892 11851 11893
4 869 11894 11893 870
4 870 11893 11897 871
4 11893 11851 11895 11897
4 11897 11895 11852 11896
4 871 11897 11896 872
4 872 11896 11899 873
4 11896 11852 11898 11899
4 11899 11898 1483 1484
4 873 11899 1484 43
4 1456 1457 11902 11883
4 1457 1458 11900 11902
4 11902 11900 11853 11901
4 11883 11902 11901 11848
4 11848 11901 11905 11886
4 11901 11853 11903 11905
4 11905 11903 11854 11904
4 11886 11905 11904 11849
4 11849 11904 11908 11889
4 11904 11854 11906 11908
4 11908 11906 11855 11907
4 11889 11908 11907 11850
4 11850 11907 11911 11892
4 11907 11855 11909 11911
4 11911 11909 11856 11910
4 11892 11911 11910 11851
4 11851 11910 11914 11895
4 11910 11856 11912 11914
4 11914 11912 11857 11913
4 11895 11914 11913 11852
4 11852 11913 11916 11898
4 11913 11857 11915 11916
4 11916 11915 1481 1482
4 11898 11916 1482 1483
4 1458 1459 11919 11900
4 1459 1460 11917 11919
4 11919 11917 11858 11918
4 11900 11919 11918 11853
4 11853 11918 11922 11903
4 11918 11858 11920 11922
4 11922 11920 11859 11921
4 11903 11922 11921 11854
4 11854 11921 11925 11906
4 11921 11859 11923 11925
4 11925 11923 11860 11924
4 11906 11925 11924 11855
4 11855 11924 11928 11909
4 11924 11860 11926 11928
4 11928 11926 11861 11927
4 11909 11928 11927 11856
4 11856 11927 11931 11912
4 11927 11861 11929 11931
4 11931 11929 11862 11930
4 11912 11931 11930 11857
4 11857 11930 11933 11915
4 11930 11862 11932 11933
4 11933 11932 1479 1480
4 11915 11933 1480 1481
4 1460 1461 11936 11917
4 1461 1462 11934 11936
4 11936 11934 11863 11935
4 11917 11936 11935 11858
4 11858 11935 11939 11920
4 11935 11863 11937 11939
4 11939 11937 11864 11938
4 11920 11939 11938 11859
4 11859 11938 11942 11923
4 11938 11864 11940 11942
4 11942 11940 11865 11941
4 11923 11942 11941 11860
4 11860 11941 11945 11926
4 11941 11865 11943 11945
4 11945 11943 11866 11944
4 11926 11945 11944 11861
4 11861 11944 11948 11929
4 11944 11866 11946 11948
4 11948 11946 11867 11947
4 11929 11948 11947 11862
4 11862 11947 11950 11932
4 11947 11867 11949 11950
4 11950 11949 1477 1478
4 11932 11950 1478 1479
4 1462 1463 11953 11934
4 1463 1464 11951 11953
4 11953 11951 11868 11952
4 11934 11953 11952 11863
4 11863 11952 11956 11937
4 11952 11868 11954 11956
4 11956 11954 11869 11955
4 11937 11956 11955 11864
4 11864 11955 11959 11940
4 11955 11869 11957 11959
4 11959 11957 11870 11958
4 11940 11959 11958 11865
4 11865 11958 11962 11943
4 11958 11870 11960 11962
4 11962 11960 11871 11961
4 11943 11962 11961 11866
4 11866 11961 11965 11946
4 11961 11871 11963 11965
4 11965 11963 11872 11964
4 11946 11965 11964 11867
4 11867 11964 11967 11949
4 11964 11872 11966 11967
4 11967 11966 1475 1476
4 11949 11967 1476 1477
4 1464 1465 11970 11951
4 1465 1466 11968 11970
4 11970 11968 11873 11969
4 11951 11970 11969 11868
4 11868 11969 11973 11954
4 11969 11873 11971 11973
4 11973 11971 11874 11972
4 11954 11973 11972 11869
4 11869 11972 11976 11957
4 11972 11874 11974 11976
4 11976 11974 11875 11975
4 11957 11976 11975 11870
4 11870 11975 11979 11960
4 11975 11875 11977 11979
4 11979 11977 11876 11978
4 11960 11979 11978 11871
4 11871 11978 11982 11963
4 11978 11876 11980 11982
4 11982 11980 11877 11981
4 11963 11982 11981 11872
4 11872 11981 11984 11966
4 11981 11877 11983 11984
4 11984 11983 1473 1474
4 11966 11984 1474 1475
4 1466 1467 11987 11968
4 1467 1468 11985 11987
4 11987 11985 11878 11986
4 11968 11987 11986 11873
4 11873 11986 11990 11971
4 11986 11878 11988 11990
4 11990 11988 11879 11989
4 11971 11990 11989 11874
4 11874 11989 11993 11974
4 11989 11879 11991 11993
4 11993 11991 11880 11992
4 11974 11993 11992 11875
4 11875 11992 11996 11977
4 11992 11880 11994 11996
4 11996 11994 11881 11995
4 11977 11996 11995 11876
4 11876 11995 11999 11980
4 11995 11881 11997 11999
4 11999 11997 11882 11998
4 11980 11999 11998 11877
4 11877 11998 12001 11983
4 11998 11882 12000 12001
4 12001 12000 1471 1472
4 11983 12001 1472 1473
4 1468 1469 12003 11985
4 1469 51 987 12003
4 12003 987 986 12002
4 11985 12003 12002 11878
4 11878 12002 12005 11988
4 12002 986 985 12005
4 12005 985 984 12004
4 11988 12005 12004 11879
4 11879 12004 12007 11991
4 12004 984 983 12007
4 12007 983 982 12006
4 11991 12007 12006 11880
4 11880 12006 12009 11994
4 12006 982 981 12009
4 12009 981 980 12008
4 11994 12009 12008 11881
4 11881 12008 12011 11997
4 12008 980 979 12011
4 12011 979 978 12010
4 11997 12011 12010 11882
4 11882 12010 12012 12000
4 12010 978 977 12012
4 12012 977 50 1470
4 12000 12012 1470 1471
4 48 1485 12050 955
4 1485 1486 12048 12050
4 12050 12048 12013 12049
4 955 12050 12049 956
4 956 12049 12053 957
4 12049 12013 12051 12053
4 12053 12051 12014 12052
4 957 12053 12052 958
4 958 12052 12056 959
4 12052 12014 12054 12056
4 12056 12054 12015 12055
4 959 12056 12055 960
4 960 12055 12059 961
4 12055 12015 12057 12059
4 12059 12057 12016 12058
4 961 12059 12058 962
4 962 12058 12062 963
4 12058 12016 12060 12062
4 12062 12060 12017 12061
4 963 12062 12061 964
4 964 12061 12064 965
4 12061 12017 12063 12064
4 12064 12063 1513 1514
4 965 12064 1514 49
4 1486 1487 12067 12048
4 1487 1488 12065 12067
4 12067 12065 12018 12066
4 12048 12067 12066 12013
4 12013 12066 12070 12051
4 12066 12018 12068 12070
4 12070 12068 12019 12069
4 12051 12070 12069 12014
4 12014 12069 12073 12054
4 12069 12019 12071 12073
4 12073 12071 12020 12072
4 12054 12073 12072 12015
4 12015 12072 12076 12057
4 12072 12020 12074 12076
4 12076 12074 12021 12075
4 12057 12076 12075 12016
4 12016 12075 12079 12060
4 12075 12021 12077 12079
4 12079 12077 12022 12078
4 12060 12079 12078 12017
4 12017 12078 12081 12063
4 12078 12022 12080 12081
4 12081 12080 1511 1512
4 12063 12081 1512 1513
4 1488 1489 12084 12065
4 1489 1490 12082 12084
4 12084 12082 12023 12083
4 12065 12084 12083 12018
4 12018 12083 12087 12068
4 12083 12023 12085 12087
4 12087 12085 12024 12086
4 12068 12087 12086 12019
4 12019 12086 12090 12071
4 12086 12024 12088 12090
4 12090 12088 12025 12089
4 12071 12090 12089 12020
4 12020 12089 12093 12074
4 12089 12025 12091 12093
4 12093 12091 12026 12092
4 12074 12093 12092 12021
4 12021 12092 12096 12077
4 12092 12026 12094 12096
4 12096 12094 12027 12095
4 12077 12096 12095 12022
4 12022 12095 12098 12080
4 12095 12027 12097 12098
4 12098 12097 1509 1510
4 12080 12098 1510 1511
4 1490 1491 12101 12082
4 1491 1492 12099 12101
4 12101 12099 12028 12100
4 12082 12101 12100 12023
4 12023 12100 12104 12085
4 12100 12028 12102 12104
4 12104 12102 12029 12103
4 12085 12104 12103 12024
4 12024 12103 12107 12088
4 12103 12029 12105 12107
4 12107 12105 12030 12106
4 12088 12107 12106 12025
4 12025 12106 12110 12091
4 12106 12030 12108 12110
4 12110 12108 12031 12109
4 12091 12110 12109 12026
4 12026 12109 12113 12094
4 12109 12031 12111 12113
4 12113 12111 12032 12112
4 12094 12113 12112 12027
4 12027 12112 12115 12097
4 12112 12032 12114 12115
4 12115 12114 1507 1508
4 12097 12115 1508 1509
4 1492 1493 12118 12099
4 1493 1494 12116 12118
4 12118 12116 12033 12117
4 12099 12118 12117 12028
4 12028 12117 12121 12102
4 12117 12033 12119 12121
4 12121 12119 12034 12120
4 12102 12121 12120 12029
4 12029 12120 12124 12105
4 12120 12034 12122 12124
4 12124 12122 12035 12123
4 12105 12124 12123 12030
4 12030 12123 12127 12108
4 12123 12035 12125 12127
4 12127 12125 12036 12126
4 12108 12127 12126 12031
4 12031 12126 12130 12111
4 12126 12036 12128 12130
4 12130 12128 12037 12129
4 12111 12130 12129 12032
4 12032 12129 12132 12114
4 12129 12037 12131 12132
4 12132 12131 1505 1506
4 12114 12132 1506 1507
4 1494 1495 12135 12116
4 1495 1496 12133 12135
4 12135 12133 12038 12134
4 12116 12135 12134 12033
4 12033 12134 12138 12119
4 12134 12038 12136 12138
4 12138 12136 12039 12137
4 12119 12138 12137 12034
4 12034 12137 12141 12122
4 12137 12039 12139 12141
4 12141 12139 12040 12140
4 12122 12141 12140 12035
4 12035 12140 12144 12125
4 12140 12040 12142 12144
4 12144 12142 12041 12143
4 12125 12144 12143 12036
4 12036 12143 12147 12128
4 12143 12041 12145 12147
4 12147 12145 12042 12146
4 12128 12147 12146 12037
4 12037 12146 12149 12131
4 12146 12042 12148 12149
4 12149 12148 1503 1504
4 12131 12149 1504 1505
4 1496 1497 12152 12133
4 1497 1498 12150 12152
4 12152 12150 12043 12151
4 12133 12152 12151 12038
4 12038 12151 12155 12136
4 12151 12043 12153 12155
4 12155 12153 12044 12154
4 12136 12155 12154 12039
4 12039 12154 12158 12139
4 12154 12044 12156 12158
4 12158 12156 12045 12157
4 12139 12158 12157 12040
4 12040 12157 12161 12142
4 12157 12045 12159 12161
4 12161 12159 12046 12160
4 12142 12161 12160 12041
4 12041 12160 12164 12145
4 12160 12046 12162 12164
4 12164 12162 12047 12163
4 12145 12164 12163 12042
4 12042 12163 12166 12148
4 12163 12047 12165 12166
4 12166 12165 1501 1502
4 12148 12166 1502 1503
4 1498 1499 12168 12150
4 1499 57 1079 12168
4 12168 1079 1078 12167
4 12150 12168 12167 12043
4 12043 12167 12170 12153
4 12167 1078 1077 12170
4 12170 1077 1076 12169
4 12153 12170 12169 12044
4 12044 12169 12172 12156
4 12169 1076 1075 12172
4 12172 1075 1074 12171
4 12156 12172 12171 12045
4 12045 12171 12174 12159
4 12171 1074 1073 12174
4 12174 1073 1072 12173
4 12159 12174 12173 12046
4 12046 12173 12176 12162
4 12173 1072 1071 12176
4 12176 1071 1070 12175
4 12162 12176 12175 12047
4 12047 12175 12177 12165
4 12175 1070 1069 12177
4 12177 1069 56 1500
4 12165 12177 1500 1501
4 54 1515 12215 1047
4 1515 1516 12213 12215
4 12215 12213 12178 12214
4 1047 12215 12214 1048
4 1048 12214 12218 1049
4 12214 12178 12216 12218
4 12218 12216 12179 12217
4 1049 12218 12217 1050
4 1050 12217 12221 1051
4 12217 12179 12219 12221
4 12221 12219 12180 12220
4 1051 12221 12220 1052
4 1052 12220 12224 1053
4 12220 12180 12222 12224
4 12224 12222 12181 12223
4 1053 12224 12223 1054
4 1054 12223 12227 1055
4 12223 12181 12225 12227
4 12227 12225 12182 12226
4 1055 12227 12226 1056
4 1056 12226 12229 1057
4 12226 12182 12228 12229
4 12229 12228 1543 1544
4 1057 12229 1544 55
4 1516 1517 12232 12213
4 1517 1518 12230 12232
4 12232 12230 12183 12231
4 12213 12232 12231 12178
4 12178 12231 12235 12216
4 12231 12183 12233 12235
4 12235 12233 12184 12234
4 12216 12235 12234 12179
4 12179 12234 12238 12219
4 12234 12184 12236 12238
4 12238 12236 12185 12237
4 12219 12238 12237 12180
4 12180 12237 12241 12222
4 12237 12185 12239 12241
4 12241 12239 12186 12240
4 12222 12241 12240 12181
4 12181 12240 12244 12225
4 12240 12186 12242 12244
4 12244 12242 12187 12243
4 12225 12244 12243 12182
4 12182 12243 12246 12228
4 12243 12187 12245 12246
4 12246 12245 1541 1542
4 12228 12246 1542 1543
4 1518 1519 12249 12230
4 1519 1520 12247 12249
4 12249 12247 12188 12248
4 12230 12249 12248 12183
4 12183 12248 12252 12233
4 12248 12188 12250 12252
4 12252 12250 12189 12251
4 12233 12252 12251 12184
4 12184 12251 12255 12236
4 12251 12189 12253 12255
4 12255 12253 12190 12254
4 12236 12255 12254 12185
4 12185 12254 12258 12239
4 12254 12190 12256 12258
4 12258 12256 12191 12257
4 12239 12258 12257 12186
4 12186 12257 12261 12242
4 12257 12191 12259 12261
4 12261 12259 12192 12260
4 12242 12261 12260 12187
4 12187 12260 12263 12245
4 12260 12192 12262 12263
4 12263 12262 1539 1540
4 12245 12263 1540 1541
4 1520 1521 12266 12247
4 1521 1522 12264 12266
4 12266 12264 12193 12265
4 12247 12266 12265 12188
4 12188 12265 12269 12250
4 12265 12193 12267 12269
4 12269 12267 12194 12268
4 12250 12269 12268 12189
4 12189 12268 12272 12253
4 12268 12194 12270 12272
4 12272 12270 12195 12271
4 12253 12272 12271 12190
4 12190 12271 12275 12256
4 12271 12195 12273 12275
4 12275 12273 12196 12274
4 12256 12275 12274 12191
4 12191 12274 12278 12259
4 12274 12196 12276 12278
4 12278 12276 12197 12277
4 12259 12278 12277 12192
4 12192 12277 12280 12262
4 12277 12197 12279 12280
4 12280 12279 1537 1538
4 12262 12280 1538 1539
4 1522 1523 12283 12264
4 1523 1524 12281 12283
4 12283 12281 12198 12282
4 12264 12283 12282 12193
4 12193 12282 12286 12267
4 12282 12198 12284 12286
4 12286 12284 12199 12285
4 12267 12286 12285 12194
4 12194 12285 12289 12270
4 12285 12199 12287 12289
4 12289 12287 12200 12288
4 12270 12289 12288 12195
4 12195 12288 12292 12273
4 12288 12200 12290 12292
4 12292 12290 12201 12291
4 12273 12292 12291 12196
4 12196 12291 12295 12276
4 12291 12201 12293 12295
4 12295 12293 12202 12294
4 12276 12295 12294 12197
4 12197 12294 12297 12279
4 12294 12202 12296 12297
4 12297 12296 1535 1536
4 12279 12297 1536 1537
4 1524 1525 12300 12281
4 1525 1526 12298 12300
4 12300 12298 12203 12299
4 12281 12300 12299 12198
4 12198 12299 12303 12284
4 12299 12203 12301 12303
4 12303 12301 12204 12302
4 12284 12303 12302 12199
4 12199 12302 12306 12287
4 12302 12204 12304 12306
4 12306 12304 12205 12305
4 12287 12306 12305 12200
4 12200 12305 12309 12290
4 12305 12205 12307 12309
4 12309 12307 12206 12308
4 12290 12309 12308 12201
4 12201 12308 12312 12293
4 12308 12206 12310 12312
4 12312 12310 12207 12311
4 12293 12312 12311 12202
4 12202 12311 12314 12296
4 12311 12207 12313 12314
4 12314 12313 1533 1534
4 12296 12314 1534 1535
4 1526 1527 12317 12298
4 1527 1528 12315 12317
4 12317 12315 12208 12316
4 12298 12317 12316 12203
4 12203 12316 12320 12301
4 12316 12208 12318 12320
4 12320 12318 12209 12319
4 12301 12320 12319 12204
4 12204 12319 12323 12304
4 12319 12209 12321 12323
4 12323 12321 12210 12322
4 12304 12323 12322 12205
4 12205 12322 12326 12307
4 12322 12210 12324 12326
4 12326 12324 12211 12325
4 12307 12326 12325 12206
4 12206 12325 12329 12310
4 12325 12211 12327 12329
4 12329 12327 12212 12328
4 12310 12329 12328 12207
4 12207 12328 12331 12313
4 12328 12212 12330 12331
4 12331 12330 1531 1532
4 12313 12331 1532 1533
4 1528 1529 12333 12315
4 1529 63 1171 12333
4 12333 1171 1170 12332
4 12315 12333 12332 12208
4 12208 12332 12335 12318
4 12332 1170 1169 12335
4 12335 1169 1168 12334
4 12318 12335 12334 12209
4 12209 12334 12337 12321
4 12334 1168 1167 12337
4 12337 1167 1166 12336
4 12321 12337 12336 12210
4 12210 12336 12339 12324
4 12336 1166 1165 12339
4 12339 1165 1164 12338
4 12324 12339 12338 12211
4 12211 12338 12341 12327
4 12338 1164 1163 12341
4 12341 1163 1162 12340
4 12327 12341 12340 12212
4 12212 12340 12342 12330
4 12340 1162 1161 12342
4 12342 1161 62 1530
4 12330 12342 1530 1531
4 60 1545 12380 1139
4 1545 1546 12378 12380
4 12380 12378 12343 12379
4 1139 12380 12379 1140
4 1140 12379 12383 1141
4 12379 12343 12381 12383
4 12383 12381 12344 12382
4 1141 12383 12382 1142
4 1142 12382 12386 1143
4 12382 12344 12384 12386
4 12386 12384 12345 12385
4 1143 12386 12385 1144
4 1144 12385 12389 1145
4 12385 12345 12387 12389
4 12389 12387 12346 12388
4 1145 12389 12388 1146
4 1146 12388 12392 1147
4 12388 12346 12390 12392
4 12392 12390 12347 12391
4 1147 12392 12391 1148
4 1148 12391 12394 1149
4 12391 12347 12393 12394
4 12394 12393 1573 1574
4 1149 12394 1574 61
4 1546 1547 12397 12378
4 1547 1548 12395 12397
4 12397 12395 12348 12396
4 12378 12397 12396 12343
4 12343 12396 12400 12381
4 12396 12348 12398 12400
4 12400 12398 12349 12399
4 12381 12400 12399 12344
4 12344 12399 12403 12384
4 12399 12349 12401 12403
4 12403 12401 12350 12402
4 12384 12403 12402 12345
4 12345 12402 12406 12387
4 12402 12350 12404 12406
4 12406 12404 12351 12405
4 12387 12406 12405 12346
4 12346 12405 12409 12390
4 12405 12351 12407 12409
4 12409 12407 12352 12408
4 12390 12409 12408 12347
4 12347 12408 12411 12393
4 12408 12352 12410 12411
4 12411 12410 1571 1572
4 12393 12411 1572 1573
4 1548 1549 12414 12395
4 1549 1550 12412 12414
4 12414 12412 12353 12413
4 12395 12414 12413 12348
4 12348 12413 12417 12398
4 12413 12353 12415 12417
4 12417 12415 12354 12416
4 12398 12417 12416 12349
4 12349 12416 12420 12401
4 12416 12354 12418 12420
4 12420 12418 12355 12419
4 12401 12420 12419 12350
4 12350 12419 12423 12404
4 12419 12355 12421 12423
4 12423 12421 12356 12422
4 12404 12423 12422 12351
4 12351 12422 12426 12407
4 12422 12356 12424 12426
4 12426 12424 12357 12425
4 12407 12426 12425 12352
4 12352 12425 12428 12410
4 12425 12357 12427 12428
4 12428 12427 1569 1570
4 12410 12428 1570 1571
4 1550 1551 12431 12412
4 1551 1552 12429 12431
4 12431 12429 12358 12430
4 12412 12431 12430 12353
4 12353 12430 12434 12415
4 12430 12358 12432 12434
4 12434 12432 12359 12433
4 12415 12434 12433 12354
4 12354 12433 12437 12418
4 12433 12359 12435 12437
4 12437 12435 12360 12436
4 12418 12437 12436 12355
4 12355 12436 12440 12421
4 12436 12360 12438 12440
4 12440 12438 12361 12439
4 12421 12440 12439 12356
4 12356 12439 12443 12424
4 12439 12361 12441 12443
4 12443 12441 12362 12442
4 12424 12443 12442 12357
4 12357 12442 12445 12427
4 12442 12362 12444 12445
4 12445 12444 1567 1568
4 12427 12445 1568 1569
4 1552 1553 12448 12429
4 1553 1554 12446 12448
4 12448 12446 12363 12447
4 12429 12448 12447 12358
4 12358 12447 12451 12432
4 12447 12363 12449 12451
4 12451 12449 12364 12450
4 12432 12451 12450 12359
4 12359 12450 12454 12435
4 12450 12364 12452 12454
4 12454 12452 12365 12453
4 12435 12454 12453 12360
4 12360 12453 12457 12438
4 12453 12365 12455 12457
4 12457 12455 12366 12456
4 12438 12457 12456 12361
4 12361 12456 12460 12441
4 12456 12366 12458 12460
4 12460 12458 12367 12459
4 12441 12460 12459 12362
4 12362 12459 12462 12444
4 12459 12367 12461 12462
4 12462 12461 1565 1566
4 12444 12462 1566 1567
4 1554 1555 12465 12446
4 1555 1556 12463 12465
4 12465 12463 12368 12464
4 12446 12465 12464 12363
4 12363 12464 12468 12449
4 12464 12368 12466 12468
4 12468 12466 12369 12467
4 12449 12468 12467 12364
4 12364 12467 12471 12452
4 12467 12369 12469 12471
4 12471 12469 12370 12470
4 12452 12471 12470 12365
4 12365 12470 12474 12455
4 12470 12370 12472 12474
4 12474 12472 12371 12473
4 12455 12474 12473 12366
4 12366 12473 12477 12458
4 12473 12371 12475 12477
4 12477 12475 12372 12476
4 12458 12477 12476 12367
4 12367 12476 12479 12461
4 12476 12372 12478 12479
4 12479 12478 1563 1564
4 12461 12479 1564 1565
4 1556 1557 12482 12463
4 1557 1558 12480 12482
4 12482 12480 12373 12481
4 12463 12482 12481 12368
4 12368 12481 12485 12466
4 12481 12373 12483 12485
4 12485 12483 12374 12484
4 12466 12485 12484 12369
4 12369 12484 12488 12469
4 12484 12374 12486 12488
4 12488 12486 12375 12487
4 12469 12488 12487 12370
4 12370 12487 12491 12472
4 12487 12375 12489 12491
4 12491 12489 12376 12490
4 12472 12491 12490 12371
4 12371 12490 12494 12475
4 12490 12376 12492 12494
4 12494 12492 12377 12493
4 12475 12494 12493 12372
4 12372 12493 12496 12478
4 12493 12377 12495 12496
4 12496 12495 1561 1562
4 12478 12496 1562 1563
4 1558 1559 12498 12480
4 1559 69 1263 12498
4 12498 1263 1262 12497
4 12480 12498 12497 12373
4 12373 12497 12500 12483
4 12497 1262 1261 12500
4 12500 1261 1260 12499
4 12483 12500 12499 12374
4 12374 12499 12502 12486
4 12499 1260 1259 12502
4 12502 1259 1258 12501
4 12486 12502 12501 12375
4 12375 12501 12504 12489
4 12501 1258 1257 12504
4 12504 1257 1256 12503
4 12489 12504 12503 12376
4 12376 12503 12506 12492
4 12503 1256 1255 12506
4 12506 1255 1254 12505
4 12492 12506 12505 12377
4 12377 12505 12507 12495
4 12505 1254 1253 12507
4 12507 1253 68 1560
4 12495 12507 1560 1561
4 66 1575 12545 1231
4 1575 1576 12543 12545
4 12545 12543 12508 12544
4 1231 12545 12544 1232
4 1232 12544 12548 1233
4 12544 12508 12546 12548
4 12548 12546 12509 12547
4 1233 12548 12547 1234
4 1234 12547 12551 1235
4 12547 12509 12549 12551
4 12551 12549 12510 12550
4 1235 12551 12550 1236
4 1236 12550 12554 1237
4 12550 12510 12552 12554
4 12554 12552 12511 12553
4 1237 12554 12553 1238
4 1238 12553 12557 1239
4 12553 12511 12555 12557
4 12557 12555 12512 12556
4 1239 12557 12556 1240
4 1240 12556 12559 1241
4 12556 12512 12558 12559
4 12559 12558 1603 1604
4 1241 12559 1604 67
4 1576 1577 12562 12543
4 1577 1578 12560 12562
4 12562 12560 12513 12561
4 12543 12562 12561 12508
4 12508 12561 12565 12546
4 12561 12513 12563 12565
4 12565 12563 12514 12564
4 12546 12565 12564 12509
4 12509 12564 12568 12549
4 12564 12514 12566 12568
4 12568 12566 12515 12567
4 12549 12568 12567 12510
4 12510 12567 12571 12552
4 12567 12515 12569 12571
4 12571 12569 12516 12570
4 12552 12571 12570 12511
4 12511 12570 12574 12555
4 12570 12516 12572 12574
4 12574 12572 12517 12573
4 12555 12574 12573 12512
4 12512 12573 12576 12558
4 12573 12517 12575 12576
4 12576 12575 1601 1602
4 12558 12576 1602 1603
4 1578 1579 12579 12560
4 1579 1580 12577 12579
4 12579 12577 12518 12578
4 12560 12579 12578 12513
4 12513 12578 12582 12563
4 12578 12518 12580 12582
4 12582 12580 12519 12581
4 12563 12582 12581 12514
4 12514 12581 12585 12566
4 12581 12519 12583 12585
4 12585 12583 12520 12584
4 12566 12585 12584 12515
4 12515 12584 12588 12569
4 12584 12520 12586 12588
4 12588 12586 12521 12587
4 12569 12588 12587 12516
4 12516 12587 12591 12572
4 12587 12521 12589 12591
4 12591 12589 12522 12590
4 12572 12591 12590 12517
4 12517 12590 12593 12575
4 12590 12522 12592 12593
4 12593 12592 1599 1600
4 12575 12593 1600 1601
4 1580 1581 12596 12577
4 1581 1582 12594 12596
4 12596 12594 12523 12595
4 12577 12596 12595 12518
4 12518 12595 12599 12580
4 12595 12523 12597 12599
4 12599 12597 12524 12598
4 12580 12599 12598 12519
4 12519 12598 12602 12583
4 12598 12524 12600 12602
4 12602 12600 12525 12601
4 12583 12602 12601 12520
4 12520 12601 12605 12586
4 12601 12525 12603 12605
4 12605 12603 12526 12604
4 12586 12605 12604 12521
4 12521 12604 12608 12589
4 12604 12526 12606 12608
4 12608 12606 12527 12607
4 12589 12608 12607 12522
4 12522 12607 12610 12592
4 12607 12527 12609 12610
4 12610 12609 1597 1598
4 12592 12610 1598 1599
4 1582 1583 12613 12594
4 1583 1584 12611 12613
4 12613 12611 12528 12612
4 12594 12613 12612 12523
4 12523 12612 12616 12597
4 12612 12528 12614 12616
4 12616 12614 12529 12615
4 12597 12616 12615 12524
4 12524 12615 12619 12600
4 12615 12529 12617 12619
4 12619 12617 12530 12618
4 12600 12619 12618 12525
4 12525 12618 12622 12603
4 12618 12530 12620 12622
4 12622 12620 12531 12621
4 12603 12622 12621 12526
4 12526 12621 12625 12606
4 12621 12531 12623 12625
4 12625 12623 12532 12624
4 12606 12625 12624 12527
4 12527 12624 12627 12609
4 12624 12532 12626 12627
4 12627 12626 1595 1596
4 12609 12627 1596 1597
4 1584 1585 12630 12611
4 1585 1586 12628 12630
4 12630 12628 12533 12629
4 12611 12630 12629 12528
4 12528 12629 12633 12614
4 12629 12533 12631 12633
4 12633 12631 12534 12632
4 12614 12633 12632 12529
4 12529 12632 12636 12617
4 12632 12534 12634 12636
4 12636 12634 12535 12635
4 12617 12636 12635 12530
4 12530 12635 12639 12620
4 12635 12535 12637 12639
4 12639 12637 12536 12638
4 12620 12639 12638 12531
4 12531 12638 12642 12623
4 12638 12536 12640 12642
4 12642 12640 12537 12641
4 12623 12642 12641 12532
4 12532 12641 12644 12626
4 12641 12537 12643 12644
4 12644 12643 1593 1594
4 12626 12644 1594 1595
4 1586 1587 12647 12628
4 1587 1588 12645 12647
4 12647 12645 12538 12646
4 12628 12647 12646 12533
4 12533 12646 12650 12631
4 12646 12538 12648 12650
4 12650 12648 12539 12649
4 12631 12650 12649 12534
4 12534 12649 12653 12634
4 12649 12539 12651 12653
4 12653 12651 12540 12652
4 12634 12653 12652 12535
4 12535 12652 12656 12637
4 12652 12540 12654 12656
4 12656 12654 12541 12655
4 12637 12656 12655 12536
4 12536 12655 12659 12640
4 12655 12541 12657 12659
4 12659 12657 12542 12658
4 12640 12659 12658 12537
4 12537 12658 12661 12643
4 12658 12542 12660 12661
4 12661 12660 1591 1592
4 12643 12661 1592 1593
4 1588 1589 12663 12645
4 1589 75 1355 12663
4 12663 1355 1354 12662
4 12645 12663 12662 12538
4 12538 12662 12665 12648
4 12662 1354 1353 12665
4 12665 1353 1352 12664
4 12648 12665 12664 12539
4 12539 12664 12667 12651
4 12664 1352 1351 12667
4 12667 1351 1350 12666
4 12651 12667 12666 12540
4 12540 12666 12669 12654
4 12666 1350 1349 12669
4 12669 1349 1348 12668
4 12654 12669 12668 12541
4 12541 12668 12671 12657
4 12668 1348 1347 12671
4 12671 1347 1346 12670
4 12657 12671 12670 12542
4 12542 12670 12672 12660
4 12670 1346 1345 12672
4 12672 1345 74 1590
4 12660 12672 1590 1591
4 72 1605 12710 1323
4 1605 1606 12708 12710
4 12710 12708 12673 12709
4 1323 12710 12709 1324
4 1324 12709 12713 1325
4 12709 12673 12711 12713
4 12713 12711 12674 12712
4 1325 12713 12712 1326
4 1326 12712 12716 1327
4 12712 12674 12714 12716
4 12716 12714 12675 12715
4 1327 12716 12715 1328
4 1328 12715 12719 1329
4 12715 12675 12717 12719
4 12719 12717 12676 12718
4 1329 12719 12718 1330
4 1330 12718 12722 1331
4 12718 12676 12720 12722
4 12722 12720 12677 12721
4 1331 12722 12721 1332
4 1332 12721 12724 1333
4 12721 12677 12723 12724
4 12724 12723 1633 1634
4 1333 12724 1634 73
4 1606 1607 12727 12708
4 1607 1608 12725 12727
4 12727 12725 12678 12726
4 12708 12727 12726 12673
4 12673 12726 12730 12711
4 12726 12678 12728 12730
4 12730 12728 12679 12729
4 12711 12730 12729 12674
4 12674 12729 12733 12714
4 12729 12679 12731 12733
4 12733 12731 12680 12732
4 12714 12733 12732 12675
4 12675 12732 12736 12717
4 12732 12680 12734 12736
4 12736 12734 12681 12735
4 12717 12736 12735 12676
4 12676 12735 12739 12720
4 12735 12681 12737 12739
4 12739 12737 12682 12738
4 12720 12739 12738 12677
4 12677 12738 12741 12723
4 12738 12682 12740 12741
4 12741 12740 1631 1632
4 12723 12741 1632 1633
4 1608 1609 12744 12725
4 1609 1610 12742 12744
4 12744 12742 12683 12743
4 12725 12744 12743 12678
4 12678 12743 12747 12728
4 12743 12683 12745 12747
4 12747 12745 12684 12746
4 12728 12747 12746 12679
4 12679 12746 12750 12731
4 12746 12684 12748 12750
4 12750 12748 12685 12749
4 12731 12750 12749 12680
4 12680 12749 12753 12734
4 12749 12685 12751 12753
4 12753 12751 12686 12752
4 12734 12753 12752 12681
4 12681 12752 12756 12737
4 12752 12686 12754 12756
4 12756 12754 12687 12755
4 12737 12756 12755 12682
4 12682 12755 12758 12740
4 12755 12687 12757 12758
4 12758 12757 1629 1630
4 12740 12758 1630 1631
4 1610 1611 12761 12742
4 1611 1612 12759 12761
4 12761 12759 12688 12760
4 12742 12761 12760 12683
4 12683 12760 12764 12745
4 12760 12688 12762 12764
4 12764 12762 12689 12763
4 12745 12764 12763 12684
4 12684 12763 12767 12748
4 12763 12689 12765 12767
4 12767 12765 12690 12766
4 12748 12767 12766 12685
4 12685 12766 12770 12751
4 12766 12690 12768 12770
4 12770 12768 12691 12769
4 12751 12770 12769 12686
4 12686 12769 12773 12754
4 12769 12691 12771 12773
4 12773 12771 12692 12772
4 12754 12773 12772 12687
4 12687 12772 12775 12757
4 12772 12692 12774 12775
4 12775 12774 1627 1628
4 12757 12775 1628 1629
4 1612 1613 12778 12759
4 1613 1614 12776 12778
4 12778 12776 12693 12777
4 12759 12778 12777 12688
4 12688 12777 12781 12762
4 12777 12693 12779 12781
4 12781 12779 12694 12780
4 12762 12781 12780 12689
4 12689 12780 12784 12765
4 12780 12694 12782 12784
4 12784 12782 12695 12783
4 12765 12784 12783 12690
4 12690 12783 12787 12768
4 12783 12695 12785 12787
4 12787 12785 12696 12786
4 12768 12787 12786 12691
4 12691 12786 12790 12771
4 12786 12696 12788 12790
4 12790 12788 12697 12789
4 12771 12790 12789 12692
4 12692 12789 12792 12774
4 12789 12697 12791 12792
4 12792 12791 1625 1626
4 12774 12792 1626 1627
4 1614 1615 12795 12776
4 1615 1616 12793 12795
4 12795 12793 12698 12794
4 12776 12795 12794 12693
4 12693 12794 12798 12779
4 12794 12698 12796 12798
4 12798 12796 12699 12797
4 12779 12798 12797 12694
4 12694 12797 12801 12782
4 12797 12699 12799 12801
4 12801 12799 12700 12800
4 12782 12801 12800 12695
4 12695 12800 12804 12785
4 12800 12700 12802 12804
4 12804 12802 12701 12803
4 12785 12804 12803 12696
4 12696 12803 12807 12788
4 12803 12701 12805 12807
4 12807 12805 12702 12806
4 12788 12807 12806 12697
4 12697 12806 12809 12791
4 12806 12702 12808 12809
4 12809 12808 1623 1624
4 12791 12809 1624 1625
4 1616 1617 12812 12793
4 1617 1618 12810 12812
4 12812 12810 12703 12811
4 12793 12812 12811 12698
4 12698 12811 12815 12796
4 12811 12703 12813 12815
4 12815 12813 12704 12814
4 12796 12815 12814 12699
4 12699 12814 12818 12799
4 12814 12704 12816 12818
4 12818 12816 12705 12817
4 12799 12818 12817 12700
4 12700 12817 12821 12802
4 12817 12705 12819 12821
4 12821 12819 12706 12820
4 12802 12821 12820 12701
4 12701 12820 12824 12805
4 12820 12706 12822 12824
4 12824 12822 12707 12823
4 12805 12824 12823 12702
4 12702 12823 12826 12808
4 12823 12707 12825 12826
4 12826 12825 1621 1622
4 12808 12826 1622 1623
4 1618 1619 12828 12810
4 1619 78 1400 12828
4 12828 1400 1399 12827
4 12810 12828 12827 12703
4 12703 12827 12830 12813
4 12827 1399 1398 12830
4 12830 1398 1397 12829
4 12813 12830 12829 12704
4 12704 12829 12832 12816
4 12829 1397 1396 12832
4 12832 1396 1395 12831
4 12816 12832 12831 12705
4 12705 12831 12834 12819
4 12831 1395 1394 12834
4 12834 1394 1393 12833
4 12819 12834 12833 12706
4 12706 12833 12836 12822
4 12833 1393 1392 12836
4 12836 1392 1391 12835
4 12822 12836 12835 12707
4 12707 12835 12837 12825
4 12835 1391 1390 12837
4 12837 1390 77 1620
4 12825 12837 1620 1621

CELL_TYPES 13948
1
1
1
1
1
1
1
1
1
1
1
1
1
1
1
1
1
1
1
1
1
1
1
1
1
1
1
1
1
1
1
1
1
1
1
1
1
1
1
1
1
1
1
1
1
1
1
1
1
1
1
1
1
1
1
1
1
1
1
1
1
1
1
1
1
1
1
1
1
1
1
1
1
1
1
1
1
1
1
3
3
3
3
3
3
3
3
3
3
3
3
3
3
3
3
3
3
3
3
3
3
3
3
3
3
3
3
3
3
3
3
3
3
3
3
3
3
3
3
3
3
3
3
3
3
3
3
3
3
3
3
3
3
3
3
3
3
3
3
3
3
3
3
3
3
3
3
3
3
3
3
3
3
3
3
3
3
3
3
3
3
3
3
3
3
3
3
3
3
3
3
3
3
3
3
3
3
3
3
3
3
3
3
3
3
3
3
3
3
3
3
3
3
3
3
3
3
3
3
3
3
3
3
3
3
3
3
3
3
3
3
3
3
3
3
3
3
3
3
3
3
3
3
3
3
3
3
3
3
3
3
3
3
3
3
3
3
3
3
3
3
3
3
3
3
3
3
3
3
3
3
3
3
3
3
3
3
3
3
3
3
3
3
3
3
3
3
3
3
3
3
3
3
3
3
3
3
3
3
3
3
3
3
3
3
3
3
3
3
3
3
3
3
3
3
3
3
3
3
3
3
3
3
3
3
3
3
3
3
3
3
3
3
3
3
3
3
3
3
3
3
3
3
3
3
3
3
3
3
3
3
3
3
3
3
3
3
3
3
3
3
3
3
3
3
3
3
3
3
3
3
3
3
3
3
3
3
3
3
3
3
3
3
3
3
3
3
3
3
3
3
3
3
3
3
3
3
3
3
3
3
3
3
3
3
3
3
3
3
3
3
3
3
3
3
3
3
3
3
3
3
3
3
3
3
3
3
3
3
3
3
3
3
3
3
3
3
3
3
3
3
3
3
3
3
3
3
3
3
3
3
3
3
3
3
3
3
3
3
3
3
3
3
3
3
3
3
3
3
3
3
3
3
3
3
3
3
3
3
3
3
3
3
3
3
3
3
3
3
3
3
3
3
3
3
3
3
3
3
3
3
3
3
3
3
3
3
3
3
3
3
3
3
3
3
3
3
3
3
3
3
3
3
3
3
3
3
3
3
3
3
3
3
3
3
3
3
3
3
3
3
3
3
3
3
3
3
3
3
3
3
3
3
3
3
3
3
3
3
3
3
3
3
3
3
3
3
3
3
3
3
3
3
3
3
3
3
3
3
3
3
3
3
3
3
3
3
3
3
3
3
3
3
3
3
3
3
3
3
3
3
3
3
3
3
3
3
3
3
3
3
3
3
3
3
3
3
3
3
3
3
3
3
3
3
3
3
3
3
3
3
3
3
3
3
3
3
3
3
3
3
3
3
3
3
3
3
3
3
3
3
3
3
3
3
3
3
3
3
3
3
3
3
3
3
3
3
3
3
3
3
3
3
3
3
3
3
3
3
3
3
3
3
3
3
3
3
3
3
3
3
3
3
3
3
3
3
3
3
3
3
3
3
3
3
3
3
3
3
3
3
3
3
3
3
3
3
3
3
3
3
3
3
3
3
3
3
3
3
3
3
3
3
3
3
3
3
3
3
3
3
3
3
3
3
3
3
3
3
3
3
3
3
3
3
3
3
3
3
3
3
3
3
3
3
3
3
3
3
3
3
3
3
3
3
3
3
3
3
3
3
3
3
3
3
3
3
3
3
3
3
3
3
3
3
3
3
3
3
3
3
3
3
3
3
3
3
3
3
3
3
3
3
3
3
3
3
3
3
3
3
3
3
3
3
3
3
3
3
3
3
3
3
3
3
3
3
3
3
3
3
3
3
3
3
3
3
3
3
3
3
3
3
3
3
3
3
3
3
3
3
3
3
3
3
3
3
3
3
3
3
3
3
3
3
3
3
3
3
3
3
3
3
3
3
3
3
3
3
3
3
3
3
3
3
3
3
3
3
3
3
3
3
3
3
3
3
3
3
3
3
3
3
3
3
3
3
3
3
3
3
3
3
3
3
3
3
3
3
3
3
3
3
3
3
3
3
3
3
3
3
3
3
3
3
3
3
3
3
3
3
3
3
3
3
3
3
3
3
3
3
3
3
3
3
3
3
3
3
3
3
3
3
3
3
3
3
3
3
3
3
3
3
3
3
3
3
3
3
3
3
3
3
3
3
3
3
3
3
3
3
3
3
3
3
3
3
3
3
3
3
3
3
3
3
3
3
3
3
3
3
3
3
3
3
3
3
3
3
3
3
3
3
3
3
3
3
3
3
3
3
3
3
3
3
3
3
3
3
3
3
3
3
3
3
3
3
3
3
3
3
3
3
3
3
3
3
3
3
3
3
3
3
3
3
3
3
3
3
3
3
3
3
3
3
3
3
3
3
3
3
3
3
3
3
3
3
3
3
3
3
3
3
3
3
3
3
3
3
3
3
3
3
3
3
3
3
3
3
3
3
3
3
3
3
3
3
3
3
3
3
3
3
3
3
3
3
3
3
3
3
3
3
3
3
3
3
3
3
3
3
3
3
3
3
3
3
3
3
3
3
3
3
3
3
3
3
3
3
3
3
3
3
3
3
3
3
3
3
3
3
3
3
3
3
3
3
3
3
3
3
3
3
3
3
3
3
3
3
3
3
3
3
3
3
3
3
3
3
3
3
3
3
3
3
3
3
3
3
3
3
3
3
3
3
3
3
3
3
3
3
3
3
3
3
3
3
3
3
3
3
3
3
3
3
3
3
3
3
3
3
3
3
3
3
3
3
3
3
3
3
3
3
3
3
3
3
3
3
3
3
3
3
3
3
3
3
3
3
3
3
3
3
3
3
3
3
3
3
3
3
3
3
3
3
3
3
3
3
3
3
3
3
3
3
3
3
3
3
3
3
3
3
3
3
3
3
3
3
3
3
3
3
3
3
3
3
3
3
3
3
3
3
3
3
3
3
3
3
3
3
3
3
3
3
3
3
3
3
3
3
3
3
3
3
3
3
3
3
3
3
3
3
3
3
3
3
3
3
3
3
3
3
3
3
3
3
3
3
3
3
3
3
3
3
3
3
3
3
3
3
3
3
3
3
3
3
3
3
3
3
3
3
3
3
3
3
3
3
3
3
3
3
3
3
3
3
3
3
3
3
3
3
3
3
3
3
3
3
3
3
3
3
3
3
3
3
3
3
3
3
3
3
3
3
3
3
3
3
3
3
3
3
3
3
3
3
3
3
3
3
3
3
3
3
3
3
3
3
3
3
3
3
3
3
3
3
3
3
3
3
3
3
3
3
3
3
3
3
3
3
3
3
3
3
3
3
3
3
3
3
3
3
3
3
3
3
3
3
3
3
3
3
3
3
3
3
3
3
3
3
3
3
3
3
3
3
3
3
3
3
3
3
3
3
3
3
3
3
3
3
3
3
3
3
3
3
3
3
3
3
3
3
3
3
3
3
3
3
3
3
3
3
3
3
3
3
3
3
3
3
3
3
3
3
3
3
3
3
3
3
3
3
3
3
3
3
3
3
3
3
3
3
3
3
3
3
3
3
3
3
3
3
3
3
3
3
3
3
3
3
3
3
3
3
3
3
3
3
3
3
3
3
3
3
3
3
3
3
3
3
3
3
3
3
3
3
3
3
3
3
3
3
3
3
3
3
3
3
3
3
3
3
3
3
3
3
3
3
3
3
3
3
3
3
3
3
3
3
3
3
3
3
3
3
3
3
3
3
3
3
3
3
3
3
3
3
3
3
3
3
3
3
3
3
3
3
3
3
3
3
3
3
3
3
3
3
3
3
3
3
3
3
3
3
3
3
3
3
3
3
3
3
3
3
3
3
3
3
3
3
3
3
3
3
3
3
3
3
3
3
3
3
3
3
3
3
3
3
3
3
3
3
3
3
3
3
3
3
3
3
3
3
9
9
9
9
9
9
9
9
9
9
9
9
9
9
9
9
9
9
9
9
9
9
9
9
9
9
9
9
9
9
9
9
9
9
9
9
9
9
9
9
9
9
9
9
9
9
9
9
9
9
9
9
9
9
9
9
9
9
9
9
9
9
9
9
9
9
9
9
9
9
9
9
9
9
9
9
9
9
9
9
9
9
9
9
9
9
9
9
9
9
9
9
9
9
9
9
9
9
9
9
9
9
9
9
9
9
9
9
9
9
9
9
9
9
9
9
9
9
9
9
9
9
9
9
9
9
9
9
9
9
9
9
9
9
9
9
9
9
9
9
9
9
9
9
9
9
9
9
9
9
9
9
9
9
9
9
9
9
9
9
9
9
9
9
9
9
9
9
9
9
9
9
9
9
9
9
9
9
9
9
9
9
9
9
9
9
9
9
9
9
9
9
9
9
9
9
9
9
9
9
9
9
9
9
9
9
9
9
9
9
9
9
9
9
9
9
9
9
9
9
9
9
9
9
9
9
9
9
9
9
9
9
9
9
9
9
9
9
9
9
9
9
9
9
9
9
9
9
9
9
9
9
9
9
9
9
9
9
9
9
9
9
9
9
9
9
9
9
9
9
9
9
9
9
9
9
9
9
9
9
9
9
9
9
9
9
9
9
9
9
9
9
9
9
9
9
9
9
9
9
9
9
9
9
9
9
9
9
9
9
9
9
9
9
9
9
9
9
9
9
9
9
9
9
9
9
9
9
9
9
9
9
9
9
9
9
9
9
9
9
9
9
9
9
9
9
9
9
9
9
9
9
9
9
9
9
9
9
9
9
9
9
9
9
9
9
9
9
9
9
9
9
9
9
9
9
9
9
9
9
9
9
9
9
9
9
9
9
9
9
9
9
9
9
9
9
9
9
9
9
9
9
9
9
9
9
9
9
9
9
9
9
9
9
9
9
9
9
9
9
9
9
9
9
9
9
9
9
9
9
9
9
9
9
9
9
9
9
9
9
9
9
9
9
9
9
9
9
9
9
9
9
9
9
9
9
9
9
9
9
9
9
9
9
9
9
9
9
9
9
9
9
9
9
9
9
9
9
9
9
9
9
9
9
9
9
9
9
9
9
9
9
9
9
9
9
9
9
9
9
9
9
9
9
9
9
9
9
9
9
9
9
9
9
9
9
9
9
9
9
9
9
9
9
9
9
9
9
9
9
9
9
9
9
9
9
9
9
9
9
9
9
9
9
9
9
9
9
9
9
9
9
9
9
9
9
9
9
9
9
9
9
9
9
9
9
9
9
9
9
9
9
9
9
9
9
9
9
9
9
9
9
9
9
9
9
9
9
9
9
9
9
9
9
9
9
9
9
9
9
9
9
9
9
9
9
9
9
9
9
9
9
9
9
9
9
9
9
9
9
9
9
9
9
9
9
9
9
9
9
9
9
9
9
9
9
9
9
9
9
9
9
9
9
9
9
9
9
9
9
9
9
9
9
9
9
9
9
9
9
9
9
9
9
9
9
9
9
9
9
9
9
9
9
9
9
9
9
9
9
9
9
9
9
9
9
9
9
9
9
9
9
9
9
9
9
9
9
9
9
9
9
9
9
9
9
9
9
9
9
9
9
9
9
9
9
9
9
9
9
9
9
9
9
9
9
9
9
9
9
9
9
9
9
9
9
9
9
9
9
9
9
9
9
9
9
9
9
9
9
9
9
9
9
9
9
9
9
9
9
9
9
9
9
9
9
9
9
9
9
9
9
9
9
9
9
9
9
9
9
9
9
9
9
9
9
9
9
9
9
9
9
9
9
9
9
9
9
9
9
9
9
9
9
9
9
9
9
9
9
9
9
9
9
9
9
9
9
9
9
9
9
9
9
9
9
9
9
9
9
9
9
9
9
9
9
9
9
9
9
9
9
9
9
9
9
9
9
9
9
9
9
9
9
9
9
9
9
9
9
9
9
9
9
9
9
9
9
9
9
9
9
9
9
9
9
9
9
9
9
9
9
9
9
9
9
9
9
9
9
9
9
9
9
9
9
9
9
9
9
9
9
9
9
9
9
9
9
9
9
9
9
9
9
9
9
9
9
9
9
9
9
9
9
9
9
9
9
9
9
9
9
9
9
9
9
9
9
9
9
9
9
9
9
9
9
9
9
9
9
9
9
9
9
9
9
9
9
9
9
9
9
9
9
9
9
9
9
9
9
9
9
9
9
9
9
9
9
9
9
9
9
9
9
9
9
9
9
9
9
9
9
9
9
9
9
9
9
9
9
9
9
9
9
9
9
9
9
9
9
9
9
9
9
9
9
9
9
9
9
9
9
9
9
9
9
9
9
9
9
9
9
9
9
9
9
9
9
9
9
9
9
9
9
9
9
9
9
9
9
9
9
9
9
9
9
9
9
9
9
9
9
9
9
9
9
9
9
9
9
9
9
9
9
9
9
9
9
9
9
9
9
9
9
9
9
9
9
9
9
9
9
9
9
9
9
9
9
9
9
9
9
9
9
9
9
9
9
9
9
9
9
9
9
9
9
9
9
9
9
9
9
9
9
9
9
9
9
9
9
9
9
9
9
9
9
9
9
9
9
9
9
9
9
9
9
9
9
9
9
9
9
9
9
9
9
9
9
9
9
9
9
9
9
9
9
9
9
9
9
9
9
9
9
9
9
9
9
9
9
9
9
9
9
9
9
9
9
9
9
9
9
9
9
9
9
9
9
9
9
9
9
9
9
9
9
9
9
9
9
9
9
9
9
9
9
9
9
9
9
9
9
9
9
9
9
9
9
9
9
9
9
9
9
9
9
9
9
9
9
9
9
9
9
9
9
9
9
9
9
9
9
9
9
9
9
9
9
9
9
9
9
9
9
9
9
9
9
9
9
9
9
9
9
9
9
9
9
9
9
9
9
9
9
9
9
9
9
9
9
9
9
9
9
9
9
9
9
9
9
9
9
9
9
9
9
9
9
9
9
9
9
9
9
9
9
9
9
9
9
9
9
9
9
9
9
9
9
9
9
9
9
9
9
9
9
9
9
9
9
9
9
9
9
9
9
9
9
9
9
9
9
9
9
9
9
9
9
9
9
9
9
9
9
9
9
9
9
9
9
9
9
9
9
9
9
9
9
9
9
9
9
9
9
9
9
9
9
9
9
9
9
9
9
9
9
9
9
9
9
9
9
9
9
9
9
9
9
9
9
9
9
9
9
9
9
9
9
9
9
9
9
9
9
9
9
9
9
9
9
9
9
9
9
9
9
9
9
9
9
9
9
9
9
9
9
9
9
9
9
9
9
9
9
9
9
9
9
9
9
9
9
9
9
9
9
9
9
9
9
9
9
9
9
9
9
9
9
9
9
9
9
9
9
9
9
9
9
9
9
9
9
9
9
9
9
9
9
9
9
9
9
9
9
9
9
9
9
9
9
9
9
9
9
9
9
9
9
9
9
9
9
9
9
9
9
9
9
9
9
9
9
9
9
9
9
9
9
9
9
9
9
9
9
9
9
9
9
9
9
9
9
9
9
9
9
9
9
9
9
9
9
9
9
9
9
9
9
9
9
9
9
9
9
9
9
9
9
9
9
9
9
9
9
9
9
9
9
9
9
9
9
9
9
9
9
9
9
9
9
9
9
9
9
9
9
9
9
9
9
9
9
9
9
9
9
9
9
9
9
9
9
9
9
9
9
9
9
9
9
9
9
9
9
9
9
9
9
9
9
9
9
9
9
9
9
9
9
9
9
9
9
9
9
9
9
9
9
9
9
9
9
9
9
9
9
9
9
9
9
9
9
9
9
9
9
9
9
9
9
9
9
9
9
9
9
9
9
9
9
9
9
9
9
9
9
9
9
9
9
9
9
9
9
9
9
9
9
9
9
9
9
9
9
9
9
9
9
9
9
9
9
9
9
9
9
9
9
9
9
9
9
9
9
9
9
9
9
9
9
9
9
9
9
9
9
9
9
9
9
9
9
9
9
9
9
9
9
9
9
9
9
9
9
9
9
9
9
9
9
9
9
9
9
9
9
9
9
9
9
9
9
9
9
9
9
9
9
9
9
9
9
9
9
9
9
9
9
9
9
9
9
9
9
9
9
9
9
9
9
9
9
9
9
9
9
9
9
9
9
9
9
9
9
9
9
9
9
9
9
9
9
9
9
9
9
9
9
9
9
9
9
9
9
9
9
9
9
9
9
9
9
9
9
9
9
9
9
9
9
9
9
9
9
9
9
9
9
9
9
9
9
9
9
9
9
9
9
9
9
9
9
9
9
9
9
9
9
9
9
9
9
9
9
9
9
9
9
9
9
9
9
9
9
9
9
9
9
9
9
9
9
9
9
9
9
9
9
9
9
9
9
9
9
9
9
9
9
9
9
9
9
9
9
9
9
9
9
9
9
9
9
9
9
9
9
9
9
9
9
9
9
9
9
9
9
9
9
9
9
9
9
9
9
9
9
9
9
9
9
9
9
9
9
9
9
9
9
9
9
9
9
9
9
9
9
9
9
9
9
9
9
9
9
9
9
9
9
9
9
9
9
9
9
9
9
9
9
9
9
9
9
9
9
9
9
9
9
9
9
9
9
9
9
9
9
9
9
9
9
9
9
9
9
9
9
9
9
9
9
9
9
9
9
9
9
9
9
9
9
9
9
9
9
9
9
9
9
9
9
9
9
9
9
9
9
9
9
9
9
9
9
9
9
9
9
9
9
9
9
9
9
9
9
9
9
9
9
9
9
9
9
9
9
9
9
9
9
9
9
9
9
9
9
9
9
9
9
9
9
9
9
9
9
9
9
9
9
9
9
9
9
9
9
9
9
9
9
9
9
9
9
9
9
9
9
9
9
9
9
9
9
9
9
9
9
9
9
9
9
9
9
9
9
9
9
9
9
9
9
9
9
9
9
9
9
9
9
9
9
9
9
9
9
9
9
9
9
9
9
9
9
9
9
9
9
9
9
9
9
9
9
9
9
9
9
9
9
9
9
9
9
9
9
9
9
9
9
9
9
9
9
9
9
9
9
9
9
9
9
9
9
9
9
9
9
9
9
9
9
9
9
9
9
9
9
9
9
9
9
9
9
9
9
9
9
9
9
9
9
9
9
9
9
9
9
9
9
9
9
9
9
9
9
9
9
9
9
9
9
9
9
9
9
9
9
9
9
9
9
9
9
9
9
9
9
9
9
9
9
9
9
9
9
9
9
9
9
9
9
9
9
9
9
9
9
9
9
9
9
9
9
9
9
9
9
9
9
9
9
9
9
9
9
9
9
9
9
9
9
9
9
9
9
9
9
9
9
9
9
9
9
9
9
9
9
9
9
9
9
9
9
9
9
9
9
9
9
9
9
9
9
9
9
9
9
9
9
9
9
9
9
9
9
9
9
9
9
9
9
9
9
9
9
9
9
9
9
9
9
9
9
9
9
9
9
9
9
9
9
9
9
9
9
9
9
9
9
9
9
9
9
9
9
9
9
9
9
9
9
9
9
9
9
9
9
9
9
9
9
9
9
9
9
9
9
9
9
9
9
9
9
9
9
9
9
9
9
9
9
9
9
9
9
9
9
9
9
9
9
9
9
9
9
9
9
9
9
9
9
9
9
9
9
9
9
9
9
9
9
9
9
9
9
9
9
9
9
9
9
9
9
9
9
9
9
9
9
9
9
9
9
9
9
9
9
9
9
9
9
9
9
9
9
9
9
9
9
9
9
9
9
9
9
9
9
9
9
9
9
9
9
9
9
9
9
9
9
9
9
9
9
9
9
9
9
9
9
9
9
9
9
9
9
9
9
9
9
9
9
9
9
9
9
9
9
9
9
9
9
9
9
9
9
9
9
9
9
9
9
9
9
9
9
9
9
9
9
9
9
9
9
9
9
9
9
9
9
9
9
9
9
9
9
9
9
9
9
9
9
9
9
9
9
9
9
9
9
9
9
9
9
9
9
9
9
9
9
9
9
9
9
9
9
9
9
9
9
9
9
9
9
9
9
9
9
9
9
9
9
9
9
9
9
9
9
9
9
9
9
9
9
9
9
9
9
9
9
9
9
9
9
9
9
9
9
9
9
9
9
9
9
9
9
9
9
9
9
9
9
9
9
9
9
9
9
9
9
9
9
9
9
9
9
9
9
9
9
9
9
9
9
9
9
9
9
9
9
9
9
9
9
9
9
9
9
9
9
9
9
9
9
9
9
9
9
9
9
9
9
9
9
9
9
9
9
9
9
9
9
9
9
9
9
9
9
9
9
9
9
9
9
9
9
9
9
9
9
9
9
9
9
9
9
9
9
9
9
9
9
9
9
9
9
9
9
9
9
9
9
9
9
9
9
9
9
9
9
9
9
9
9
9
9
9
9
9
9
9
9
9
9
9
9
9
9
9
9
9
9
9
9
9
9
9
9
9
9
9
9
9
9
9
9
9
9
9
9
9
9
9
9
9
9
9
9
9
9
9
9
9
9
9
9
9
9
9
9
9
9
9
9
9
9
9
9
9
9
9
9
9
9
9
9
9
9
9
9
9
9
9
9
9
9
9
9
9
9
9
9
9
9
9
9
9
9
9
9
9
9
9
9
9
9
9
9
9
9
9
9
9
9
9
9
9
9
9
9
9
9
9
9
9
9
9
9
9
9
9
9
9
9
9
9
9
9
9
9
9
9
9
9
9
9
9
9
9
9
9
9
9
9
9
9
9
9
9
9
9
9
9
9
9
9
9
9
9
9
9
9
9
9
9
9
9
9
9
9
9
9
9
9
9
9
9
9
9
9
9
9
9
9
9
9
9
9
9
9
9
9
9
9
9
9
9
9
9
9
9
9
9
9
9
9
9
9
9
9
9
9
9
9
9
9
9
9
9
9
9
9
9
9
9
9
9
9
9
9
9
9
9
9
9
9
9
9
9
9
9
9
9
9
9
9
9
9
9
9
9
9
9
9
9
9
9
9
9
9
9
9
9
9
9
9
9
9
9
9
9
9
9
9
9
9
9
9
9
9
9
9
9
9
9
9
9
9
9
9
9
9
9
9
9
9
9
9
9
9
9
9
9
9
9
9
9
9
9
9
9
9
9
9
9
9
9
9
9
9
9
9
9
9
9
9
9
9
9
9
9
9
9
9
9
9
9
9
9
9
9
9
9
9
9
9
9
9
9
9
9
9
9
9
9
9
9
9
9
9
9
9
9
9
9
9
9
9
9
9
9
9
9
9
9
9
9
9
9
9
9
9
9
9
9
9
9
9
9
9
9
9
9
9
9
9
9
9
9
9
9
9
9
9
9
9
9
9
9
9
9
9
9
9
9
9
9
9
9
9
9
9
9
9
9
9
9
9
9
9
9
9
9
9
9
9
9
9
9
9
9
9
9
9
9
9
9
9
9
9
9
9
9
9
9
9
9
9
9
9
9
9
9
9
9
9
9
9
9
9
9
9
9
9
9
9
9
9
9
9
9
9
9
9
9
9
9
9
9
9
9
9
9
9
9
9
9
9
9
9
9
9
9
9
9
9
9
9
9
9
9
9
9
9
9
9
9
9
9
9
9
9
9
9
9
9
9
9
9
9
9
9
9
9
9
9
9
9
9
9
9
9
9
9
9
9
9
9
9
9
9
9
9
9
9
9
9
9
9
9
9
9
9
9
9
9
9
9
9
9
9
9
9
9
9
9
9
9
9
9
9
9
9
9
9
9
9
9
9
9
9
9
9
9
9
9
9
9
9
9
9
9
9
9
9
9
9
9
9
9
9
9
9
9
9
9
9
9
9
9
9
9
9
9
9
9
9
9
9
9
9
9
9
9
9
9
9
9
9
9
9
9
9
9
9
9
9
9
9
9
9
9
9
9
9
9
9
9
9
9
9
9
9
9
9
9
9
9
9
9
9
9
9
9
9
9
9
9
9
9
9
9
9
9
9
9
9
9
9
9
9
9
9
9
9
9
9
9
9
9
9
9
9
9
9
9
9
9
9
9
9
9
9
9
9
9
9
9
9
9
9
9
9
9
9
9
9
9
9
9
9
9
9
9
9
9
9
9
9
9
9
9
9
9
9
9
9
9
9
9
9
9
9
9
9
9
9
9
9
9
9
9
9
9
9
9
9
9
9
9
9
9
9
9
9
9
9
9
9
9
9
9
9
9
9
9
9
9
9
9
9
9
9
9
9
9
9
9
9
9
9
9
9
9
9
9
9
9
9
9
9
9
9
9
9
9
9
9
9
9
9
9
9
9
9
9
9
9
9
9
9
9
9
9
9
9
9
9
9
9
9
9
9
9
9
9
9
9
9
9
9
9
9
9
9
9
9
9
9
9
9
9
9
9
9
9
9
9
9
9
9
9
9
9
9
9
9
9
9
9
9
9
9
9
9
9
9
9
9
9
9
9
9
9
9
9
9
9
9
9
9
9
9
9
9
9
9
9
9
9
9
9
9
9
9
9
9
9
9
9
9
9
9
9
9
9
9
9
9
9
9
9
9
9
9
9
9
9
9
9
9
9
9
9
9
9
9
9
9
9
9
9
9
9
9
9
9
9
9
9
9
9
9
9
9
9
9
9
9
9
9
9
9
9
9
9
9
9
9
9
9
9
9
9
9
9
9
9
9
9
9
9
9
9
9
9
9
9
9
9
9
9
9
9
9
9
9
9
9
9
9
9
9
9
9
9
9
9
9
9
9
9
9
9
9
9
9
9
9
9
9
9
9
9
9
9
9
9
9
9
9
9
9
9
9
9
9
9
9
9
9
9
9
9
9
9
9
9
9
9
9
9
9
9
9
9
9
9
9
9
9
9
9
9
9
9
9
9
9
9
9
9
9
9
9
9
9
9
9
9
9
9
9
9
9
9
9
9
9
9
9
9
9
9
9
9
9
9
9
9
9
9
9
9
9
9
9
9
9
9
9
9
9
9
9
9
9
9
9
9
9
9
9
9
9
9
9
9
9
9
9
9
9
9
9
9
9
9
9
9
9
9
9
9
9
9
9
9
9
9
9
9
9
9
9
9
9
9
9
9
9
9
9
9
9
9
9
9
9
9
9
9
9
9
9
9
9
9
9
9
9
9
9
9
9
9
9
9
9
9
9
9
9
9
9
9
9
9
9
9
9
9
9
9
9
9
9
9
9
9
9
9
9
9
9
9
9
9
9
9
9
9
9
9
9
9
9
9
9
9
9
9
9
9
9
9
9
9
9
9
9
9
9
9
9
9
9
9
9
9
9
9
9
9
9
9
9
9
9
9
9
9
9
9
9
9
9
9
9
9
9
9
9
9
9
9
9
9
9
9
9
9
9
9
9
9
9
9
9
9
9
9
9
9
9
9
9
9
9
9
9
9
9
9
9
9
9
9
9
9
9
9
9
9
9
9
9
9
9
9
9
9
9
9
9
9
9
9
9
9
9
9
9
9
9
9
9
9
9
9
9
9
9
9
9
9
9
9
9
9
9
9
9
9
9
9
9
9
9
9
9
9
9
9
9
9
9
9
9
9
9
9
9
9
9
9
9
9
9
9
9
9
9
9
9
9
9
9
9
9
9
9
9
9
9
9
9
9
9
9
9
9
9
9
9
9
9
9
9
9
9
9
9
9
9
9
9
9
9
9
9
9
9
9
9
9
9
9
9
9
9
9
9
9
9
9
9
9
9
9
9
9
9
9
9
9
9
9
9
9
9
9
9
9
9
9
9
9
9
9
9
9
9
9
9
9
9
9
9
9
9
9
9
9
9
9
9
9
9
9
9
9
9
9
9
9
9
9
9
9
9
9
9
9
9
9
9
9
9
9
9
9
9
9
9
9
9
9
9
9
9
9
9
9
9
9
9
9
9
9
9
9
9
9
9
9
9
9
9
9
9
9
9
9
9
9
9
9
9
9
9
9
9
9
9
9
9
9
9
9
9
9
9
9
9
9
9
9
9
9
9
9
9
9
9
9
9
9
9
9
9
9
9
9
9
9
9
9
9
9
9
9
9
9
9
9
9
9
9
9
9
9
9
9
9
9
9
9
9
9
9
9
9
9
9
9
9
9
9
9
9
9
9
9
9
9
9
9
9
9
9
9
9
9
9
9
9
9
9
9
9
9
9
9
9
9
9
9
9
9
9
9
9
9
9
9
9
9
9
9
9
9
9
9
9
9
9
9
9
9
9
9
9
9
9
9
9
9
9
9
9
9
9
9
9
9
9
9
9
9
9
9
9
9
9
9
9
9
9
9
9
9
9
9
9
9
9
9
9
9
9
9
9
9
9
9
9
9
9
9
9
9
9
9
9
9
9
9
9
9
9
9
9
9
9
9
9
9
9
9
9
9
9
9
9
9
9
9
9
9
9
9
9
9
9
9
9
9
9
9
9
9
9
9
9
9
9
9
9
9
9
9
9
9
9
9
9
9
9
9
9
9
9
9
9
9
9
9
9
9
9
9
9
9
9
9
9
9
9
9
9
9
9
9
9
9
9
9
9
9
9
9
9
9
9
9
9
9
9
9
9
9
9
9
9
9
9
9
9
9
9
9
9
9
9
9
9
9
9
9
9
9
9
9
9
9
9
9
9
9
9
9
9
9
9
9
9
9
9
9
9
9
9
9
9
9
9
9
9
9
9
9
9
9
9
9
9
9
9
9
9
9
9
9
9
9
9
9
9
9
9
9
9
9
9
9
9
9
9
9
9
9
9
9
9
9
9
9
9
9
9
9
9
9
9
9
9
9
9
9
9
9
9
9
9
9
9
9
9
9
9
9
9
9
9
9
9
9
9
9
9
9
9
9
9
9
9
9
9
9
9
9
9
9
9
9
9
9
9
9
9
9
9
9
9
9
9
9
9
9
9
9
9
9
9
9
9
9
9
9
9
9
9
9
9
9
9
9
9
9
9
9
9
9
9
9
9
9
9
9
9
9
9
9
9
9
9
9
9
9
9
9
9
9
9
9
9
9
9
9
9
9
9
9
9
9
9
9
9
9
9
9
9
9
9
9
9
9
9
9
9
9
9
9
9
9
9
9
9
9
9
9
9
9
9
9
9
9
9
9
9
9
9
9
9
9
9
9
9
9
9
9
9
9
9
9
9
9
9
9
9
9
9
9
9
9
9
9
9
9
9
9
9
9
9
9
9
9
9
9
9
9
9
9
9
9
9
9
9
9
9
9
9
9
9
9
9
9
9
9
9
9
9
9
9
9
9
9
9
9
9
9
9
9
9
9
9
9
9
9
9
9
9
9
9
9
9
9
9
9
9
9
9
9
9
9
9
9
9
9
9
9
9
9
9
9
9
9
9
9
9
9
9
9
9
9
9
9
9
9
9
9
9
9
9
9
9
9
9
9
9
9
9
9
9
9
9
9
9
9
9
9
9
9
9
9
9
9
9
9
9
9
9
9
9
9
9
9
9
9
9
9
9
9
9
9
9
9
9
9
9
9
9
9
9
9
9
9
9
9
9
9
9
9
9
9
9
9
9
9
9
9
9
9
9
9
9
9
9
9
9
9
9
9
9
9
9
9
9
9
9
9
9
9
9
9
9
9
9
9
9
9
9
9
9
9
9
9
9
9
9
9
9
9
9
9
9
9
9
9
9
9
9
9
9
9
9
9
9
9
9
9
9
9
9
9
9
9
9
9
9
9
9
9
9
9
9
9
9
9
9
9
9
9
9
9
9
9
9
9
9
9
9
9
9
9
9
9
9
9
9
9
9
9
9
9
9
9
9
9
9
9
9
9
9
9
9
9
9
9
9
9
9
9
9
9
9
9
9
9
9
9
9
9
9
9
9
9
9
9
9
9
9
9
9
9
9
9
9
9
9
9
9
9
9
9
9
9
9
9
9
9
9
9
9
9
9
9
9
9
9
9
9
9
9
9
9
9
9
9
9
9
9
9
9
9
9
9
9
9
9
9
9
9
9
9
9
9
9
9
9
9
9
9
9
9
9
9
9
9
9
9
9
9
9
9
9
9
9
9
9
9
9
9
9
9
9
9
9
9
9
9
9
9
9
9
9
9
9
9
9
9
9
9
9
9
9
9
9
9
9
9
9
9
9
9
9
9
9
9
9
9
9
9
9
9
9
9
9
9
9
9
9
9
9
9
9
9
9
9
9
9
9
9
9
9
9
9
9
9
9
9
9
9
9
9
9
9
9
9
9
9
9
9
9
9
9
9
9
9
9
9
9
9
9
9
9
9
9
9
9
9
9
9
9
9
9
9
9
9
9
9
9
9
9
9
9
9
9
9
9
9
9
9
9
9
9
9
9
9
9
9
9
9
9
9
9
9
9
9
9
9
9
9
9
9
9
9
9
9
9
9
9
9
9
9
9
9
9
9
9
9
9
9
9
9
9
9
9
9
9
9
9
9
9
9
9
9
9
9
9
9
9
9
9
9
9
9
9
9
9
9
9
9
9
9
9
9
9
9
9
9
9
9
9
9
9
9
9
9
9
9
9
9
9
9
9
9
9
9
9
9
9
9
9
9
9
9
9
9
9
9
9
9
9
9
9
9
9
9
9
9
9
9
9
9
9
9
9
9
9
9
9
9
9
9
9
9
9
9
9
9
9
9
9
9
9
9
9
9
9
9
9
9
9
9
9
9
9
9
9
9
9
9
9
9
9
9
9
9
9
9
9
9
9
9
9
9
9
9
9
9
9
9
9
9
9
9
9
9
9
9
9
9
9
9
9
9
9
9
9
9
9
9
9
9
9
9
9
9
9
9
9
9
9
9
9
9
9
9
9
9
9
9
9
9
9
9
9
9
9
9
9
9
9
9
9
9
9
9
9
9
9
9
9
9
9
9
9
9
9
9
9
9
9
9
9
9
9
9
9
9
9
9
9
9
9
9
9
9
9
9
9
9
9
9
9
9
9
9
9
9
9
9
9
9
9
9
9
9
9
9
9
9
9
9
9
9
9
9
9
9
9
9
9
9
9
9
9
9
9
9
9
9
9
9
9
9
9
9
9
9
9
9
9
9
9
9
9
9
9
9
9
9
9
9
9
9
9
9
9
9
9
9
9
9
9
9
9
9
9
9
9
9
9
9
9
9
9
9
9
9
9
9
9
9
9
9
9
9
9
9
9
9
9
9
9
9
9
9
9
9
9
9
9
9
9
9
9
9
9
9
9
9
9
9
9
9
9
9
9
9
9
9
9
9
9
9
9
9
9
9
9
9
9
9
9
9
9
9
9
9
9
9
9
9
9
9
9
9
9
9
9
9
9
9
9
9
9
9
9
9
9
9
9
9
9
9
9
9
9
9
9
9
9
9
9
9
9
9
9
9
9
9
9
9
9
9
9
9
9
9
9
9
9
9
9
9
9
9
9
9
9
9
9
9
9
9
9
9
9
9
9
9
9
9
9
9
9
9
9
9
9
9
9
9
9
9
9
9
9
9
9
9
9
9
9
9
9
9
9
9
9
9
9
9
9
9
9
9
9
9
9
9
9
9
9
9
9
9
9
9
9
9
9
9
9
9
9
9
9
9
9
9
9
9
9
9
9
9
9
9
9
9
9
9
9
9
9
9
9
9
9
9
9
9
9
9
9
9
9
9
9
9
9
9
9
9
9
9
9
9
9
9
9
9
9
9
9
9
9
9
9
9
9
9
9
9
9
9
9
9
9
9
9
9
9
9
9
9
9
9
9
9
9
9
9
9
9
9
9
9
9
9
9
9
9
9
9
9
9
9
9
9
9
9
9
9
9
9
9
9
9
9
9
9
9
9
9
9
9
9
9
9
9
9
9
9
9
9
9
9
9
9
9
9
9
9
9
9
9
9
9
9
9
9
9
9
9
9
9
9
9
9
9
9
9
9
9
9
9
9
9
9
9
9
9
9
9
9
9
9
9
9
9
9
9
9
9
9
9
9
9
9
9
9
9
9
9
9
9
9
9
9
9
9
9
9
9
9
9
9
9
9
9
9
9
9
9
9
9
9
9
9
9
9
9
9
9
9
9
9
9
9
9
9
9
9
9
9
9
9
9
9
9
9
9
9
9
9
9
9
9
9
9
9
9
9
9
9
9
9
9
9
9
9
9
9
9
9
9
9
9
9
9
9
9
9
9
9
9
9
9
9
9
9
9
9
9
9
9
9
9
9
9
9
9
9
9
9
9
9
9
9
9
9
9
9
9
9
9
9
9
9
9
9
9
9
9
9
9
9
9
9
9
9
9
9
9
9
9
9
9
9
9
9
9
9
9
9
9
9
9
9
9
9
9
9
9
9
9
9
9
9
9
9
9
9
9
9
9
9
9
9
9
9
9
9
9
9
9
9
9
9
9
9
9
9
9
9
9
9
9
9
9
9
9
9
9
9
9
9
9
9
9
9
9
9
9
9
9
9
9
9
9
9
9
9
9
9
9
9
9
9
9
9
9
9
9
9
9
9
9
9
9
9
9
9
9
9
9
9
9
9
9
9
9
9
9
9
9
9
9
9
9
9
9
9
9
9
9
9
9
9
9
9
9
9
9
9
9
9
9
9
9
9
9
9
9
9
9
9
9
9
9
9
9
9
9
9
9
9
9
9
9
9
9
9
9
9
9
9
9
9
9
9
9
9
9
9
9
9
9
9
9
9
9
9
9
9
9
9
9
9
9
9
9
9
9
9
9
9
9
9
9
9
9
9
9
9
9
9
9
9
9
9
9
9
9
9
9
9
9
9
9
9
9
9
9
9
9
9
9
9
9
9
9
9
9
9
9
9
9
9
9
9
9
9
9
9
9
9
9
9
9
9
9
9
9
9
9
9
9
9
9
9
9
9
9
9
9
9
9
9
9
9
9
9
9
9
9
9
9
9
9
9
9
9
9
9
9
9
9
9
9
9
9
9
9
9
9
9
9
9
9
9
9
9
9
9
9
9
9
9
9
9
9
9
9
9
9
9
9
9
9
9
9
9
9
9
9
9
9
9
9
9
9
9
9
9
9
9
9
9
9
9
9
9
9
9
9
9
9
9
9
9
9
9
9
9
9
9
9
9
9
9
9
9
9
9
9
9
9
9
9
9
9
9
9
9
9
9
9
9
9
9
9
9
9
9
9
9
9
9
9
9
9
9
9
9
9
9
9
9
9
9
9
9
9
9
9
9
9
9
9
9
9
9
9
9
9
9
9
9
9
9
9
9
9
9
9
9
9
9
9
9
9
9
9
9
9
9
9
9
9
9
9
9
9
9
9
9
9
9
9
9
9
9
9
9
9
9
9
9
9
9
9
9
9
9
9
9
9
9
9
9
9
9
9
9
9
9
9
9
9
9
9
9
9
9
9
9
9
9
9
9
9
9
9
9
9
9
9
9
9
9
9
9
9
9
9
9
9
9
9
9
9
9
9
9
9
9
9
9
9
9
9
9
9
9
9
9
9
9
9
9
9
9
9
9
9
9
9
9
9
9
9
9
9
9
9
9
9
9
9
9
9
9
9
9
9
9
9
9
9
9
9
9
9
9
9
9
9
9
9
9
9
9
9
9
9
9
9
9
9
9
9
9
9
9
9
9
9
9
9
9
9
9
9
9
9
9
9
9
9
9
9
9
9
9
9
9
9
9
9
9
9
9
9
9
9
9
9
9
9
9
9
9
9
9
9
9
9
9
9
9
9
9
9
9
9
9
9
9
9
9
9
9
9
9
9
9
9
9
9
9
9
9
9
9
9
9
9
9
9
9
9
9
9
9
9
9
9
9
9
9
9
9
9
9
9
9
9
9
9
9
9
9
9
9
9
9
9
9
9
9
9
9
9
9
9
9
9
9
9
9
9
9
9
9
9
9
9
9
9
9
9
9
9
9
9
9
9
9
9
9
9
9
9
9
9
9
9
9
9
9
9
9
9
9
9
9
9
9
9
9
9
9
9
9
9
9
9
9
9
9
9
9
9
9
9
9
9
9
9
9
9
9
9
9
9
9
9
9
9
9
9
9
9
9
9
9
9
9
9
9
9
9
9
9
9
9
9
9
9
9
9
9
9
9
9
9
9
9
9
9
9
9
9
9
9
9
9
9
9
9
9
9
9
9
9
9
9
9
9
9
9
9
9
9
9
9
9
9
9
9
9
9
9
9
9
9
9
9
9
9
9
9
9
9
9
9
9
9
9
9
9
9
9
9
9
9
9
9
9
9
9
9
9
9
9
9
9
9
9
9
9
9
9
9
9
9
9
9
9
9
9
9
9
9
9
9
9
9
9
9
9
9
9
9
9
9
9
9
9
9
9
9
9
9
9
9
9
9
9
9
9
9
9
9
9
9
9
9
9
9
9
9
9
9
9
9
9
9
9
9
9
9
9
9
9
9
9
9
9
9
9
9
9
9
9
9
9
9
9
9
9
9
9
9
9
9
9
9
9
9
9
9
9
9
9
9
9
9
9
9
9
9
9
9
9
9
9
9
9
9
9
9
9
9
9
9
9
9
9
9
9
9
9
9
9
9
9
9
9
9
9
9
9
9
9
9
9
9
9
9
9
9
9
9
9
9
9
9
9
9
9
9
9
9
9
9
9
9
9
9
9
9
9
9
9
9
9
9
9
9
9
9
9
9
9
9
9
9
9
9
9
9
9
9
9
9
9
9
9
9
9
9
9
9
9
9
9
9
9
9
9
9
9
9
9
9
9
9
9
9
9
9
9
9
9
9
9
9
9
9
9
9
9
9
9
9
9
9
9
9
9
9
9
9
9
9
9
9
9
9
9
9
9
9
9
9
9
9
9
9
9
9
9
9
9
9
9
9
9
9
9
9
9
9
9
9
9
9
9
9
9
9
9
9
9
9
9
9
9
9
9
9
9
9
9
9
9
9
9
9
9
9
9
9
9
9
9
9
9
9
9
9
9
9
9
9
9
9
9
9
9
9
9
9
9
9
9
9
9
9
9
9
9
9
9
9
9
9
9
9
9
9
9
9
9
9
9
9
9
9
9
9
9
9
9
9
9
9
9
9
9
9
9
9
9
9
9
9
9
9
9
9
9
9
9
9
9
9
9
9
9
9
9
9
9
9
9
9
9
9
9
9
9
9
9
9
9
9
9
9
9
9
9
9
9
9
9
9
9
9
9
9
9
9
9
9
9
9
9
9
9
9
9
9
9
9
9
9
9
9
9
9
9
9
9
9
9
9
9
9
9
9
9
9
9
9
9
9
9
9
9
9
9
9
9
9
9
9
9
9
9
9
9
9
9
9
9
9
9
9
9
9
9
9
9
9
9
9
9
9
9
9
9
9
9
9
9
9
9
9
9
9
9
9
9
9
9
9
9
9
9
9
9
9
9
9
9
9
9
9
9
9
9
9
9
9
9
9
9
9
9
9
9
9
9
9
9
9
9
9
9
9
9
9
9
9
9
9
9
9
9
9
9
9
9
9
9
9
9
9
9
9
9
9
9
9
9
9
9
9
9
9
9
9
9
9
9
9
9
9
9
9
9
9
9
9
9
9
9
9
9
9
9
9
9
9
9
9
9
9
9
9
9
9
9
9
9
9
9
9
9
9
9
9
9
9
9
9
9
9
9
9
9
9
9
9
9
9
9
9
9
9
9
9
9
9
9
9
9
9
9
9
9
9
9
9
9
9
9
9
9
9
9
9
9
9
9
9
9
9
9
9
9
9
9
9
9
9
9
9
9
9
9
9
9
9
9
9
9
9
9
9
9
9
9
9
9
9
9
9
9
9
9
9
9
9
9
9
9
9
9
9
9
9
9
9
9
9
9
9
9
9
9
9
9
9
9
9
9
9
9
9
9
9
9
9
9
9
9
9
9
9
9
9
9
9
9
9
9
9
9
9
9
9
9
9
9
9
9
9
9
9
9
9
9
9
9
9
9
9
9
9
9
9
9
9
9
9
9
9
9
9
9
9
9
9
9
9
9
9
9
9
9
9
9
9
9
9
9
9
9
9
9
9
9
9
9
9
9
9
9
9
9
9
9
9
9
9
9
9
9
9
9
9
9
9
9
9
9
9
9
9
9
9
9
9
9
9
9
9
9
9
9
9
9
9
9
9
9
9
9
9
9
9
9
9
9
9
9
9
9
9
9
9
9
9
9
9
9
9
9
9
9
9
9
9
9
9
9
9
9
9
9
9
9
9
9
9
9
9
9
9
9
9
9
9
9
9
9
9
9
9
9
9
9
9
9
9
9
9
9
9
9
9
9
9
9
9
9
9
9
9
9
9
9
9
9
9
9
9
9
9
9
9
9
9
9
9
9
9
9
9
9
9
9
9
9
9
9
9
9
9
9
9
9
9
9
9
9
9
9
9
9
9
9
9
9
9
9
9
9
9
9
9
9
9
9
9
9
9
9
9
9
9
9
9
9
9
9
9
9
9
9
9
9
9
9
9
9
9
9
9
9
9
9
9
9
9
9
9
9
9
9
9
9
9
9
9
9
9
9
9
9
9
9
9
9
9
9
9
9
9
9
9
9
9
9
9
9
9
9
9
9
9
9
9
9
9
9
9
9
9
9
9
9
9
9
9
9
9
9
9
9
9
9
9
9
9
9
9
9
9
9
9
9
9
9
9
9
9
9
9
9
9
9
9
9
9
9
9
9
9
9
9
9
9
9
9
9
9
9
9
9
9
9
9
9
9
9
9
9
9
9
9
9
9
9
9
9
9
9
9
9
9
9
9
9
9
9
9
9
9
9
9
9
9
9
9
9
9
9
9
9
9
9
9
9
9
9
9
9
9
9
9
9
9
9
9
9
9
9
9
9
9
9
9
9
9
9
9
9
9
9
9
9
9
9
9
9
9
9
9
9
9
9
9
9
9
9
9
9
9
9
9
9
9
9
9
9
9
9
9
9
9
9
9
9
9
9
9
9
9
9
9
9
9
9
9
9
9
9
9
9
9
9
9
9
9
9
9
9
9
9
9
9
9
9
9
9
9
9
9
9
9
9
9
9
9
9
9
9
9
9
9
9
9
9
9
9
9
9
9
9
9
9
9
9
9
9
9
9
9
9
9
9
9
9
9
9
9
9
9
9
9
9
9
9
9
9
9
9
9
9
9
9
9
9
9
9
9
9
9
9
9
9
9
9
9
9
9
9
9
9
9
9
9
9
9
9
9
9
9
9
9
9
9
9
9
9
9
9
9
9
9
9
9
9
9
9
9
9
9
9
9
9
9
9
9
9
9
9
9
9
9
9
9
9
9
9
9
9
9
9
9
9
9
9
9
9
9
9
9
9
9
9
9
9
9
9
9
9
9
9
9
9
9
9
9
9
9
9
9
9
9
9
9
9
9
9
9
9
9
9
9
9
9
9
9
9
9
9
9
9
9
9
9
9
9
9
9
9
9
9
9
9
9
9
9
9
9
9
9
9
9
9
9
9
9
9
9
9
9
9
9
9
9
9
9
9
9
9
9
9
9
9
9
9
9
9
9
9
9
9
9
9
9
9
9
9
9
9
9
9
9
9
9
9
9
9
9
9
9
9
9
9
9
9
9
9
9
9
9
9
9
9
9
9
9
9
9
9
9
9
9
9
9
9
9
9
9
9
9
9
9
9
9
9
9
9
9
9
9
9
9
9
9
9
9
9
9
9
9
9
9
9
9
9
9
9
9
9
9
9
9
9
9
9
9
9
9
9
9
9
9
9
9
9
9
9
9
9
9
9
9
9
9
9
9
9
9
9
9
9
9
9
9
9
9
9
9
9
9
9
9
9
9
9
9
9
9
9
9
9
9
9
9
9
9
9
9
9
9
9
9
9
9
9
9
9
9
9
9
9
9
9
9
9
9
9
9
9
9
9
9
9
9
9
9
9
9
9
9
9
9
9
9
9
9
9
9
9
9
9
9
9
9
9
9
9
9
9
9
9
9
9
9
9
9
9
9
9
9
9
9
9
9
9
9
9
9
9
9
9
9
9
9
9
9
9
9
9
9
9
9
9
9
9
9
9
9
9
9
9
9
9
9
9
9
9
9
9
9
9
9
9
9
9
9
9
9
9
9
9
9
9
9
9
9
9
9
9
9
9
9
9
9
9
9
9
9
9
9
9
9
9
9
9
9
9
9
9
9
9
9
9
9
9
9
9
9
9
9
9
9
9
9
9
9
9
9
9
9
9
9
9
9
9
9
9
9
9
9
9
9
9
9
9
9
9
9
9
9
9
9
9
9
9
9
9
9
9
9
9
9
9
9
9
9
9
9
9
9
9
9
9
9
9
9
9
9
9
9
9
9
9
9
9
9
9
9
9
9
9
9
9
9
9
9
9
9
9
9
9
9
9
9
9
9
9
9
9
9
9
9
9
9
9
9
9
9
9
9
9
9
9
9
9
9
9
9
9
9
9
9
9
9
9
9
9
9
9
9
9
9
9
9
9
9
9
9
9
9
9
9
9
9
9
9
9
9
9
9
9
9
9
9
9
9
9
9
9
9
9
9
9
9
9
9
9
9
9
9
9
9
9
9
9
9
9
9
9
9
9
9
9
9
9
9
9
9
9
9
9
9
9
9
9
9
9
9
9
9
9
9
9
9
9
9
9
9
9
9
9
9
9
9
9
9
9
9
9
9
9
9
9
9
9
9
9
9
9
9
9
9
9
9
9
9
9
9
9
9
9
9
9
9
9
9
9
9
9
9
9
9
9
9
9
9
9
9
9
9
9
9
9
9
9
9
9
9
9
9
9
9
9
9
9
9
9
9
9
9
9
9
9
9
9
9
9
9
9
9
9
9
9
9
9
9
9
9
9
9
9
9
9
9
9
9
9
9
9
9
9
9
9
9
9
9
9
9
9
9
9
9
9
9
9
9
9
9
9
9
9
9
9
9
9
9
9
9
9
9
9
9
9
9
9
9
9
9
9
9
9
9
9
9
9
9
9
9
9
9
9
9
9
9
9
9
9
9
9
9
9
9
9
9
9
9
9
9
9
9
9
9
9
9
9
9
9
9
9
9
9
9
9
9
9
9
9
9
9
9
9
9
9
9
9
9
9
9
9
9
9
9
9
9
9
9
9
9
9
9
9
9
9
9
9
9
9
9
9
9
9
9
9
9
9
9
9
9
9
9
9
9
9
9
9
9
9
9
9
9
9
9
9
9
9
9
9
9
9
9
9
9
9
9
9
9
9
9
9
9
9
9
9
9
9
9
9
9
9
9
9
9
9
9
9
9
9
9
9
9
9
9
9
9
9
9
9
9
9
9
9
9
9
9
9
9
9
9
9
9
9
9
9
9
9
9
9
9
9
9
9
9
9
9
9
9
9
9
9
9
9
9
9
9
9
9
9
9
9
9
9
9
9
9
9
9
9
9
9
9
9
9
9
9
9
9
9
9
9
9
9
9
9
9
9
9
9
9
9
9
9
9
9
9
9
9
9
9
9
9
9
9
9
9
9
9
9
9
9
9
9
9
9
9
9
9
9
9
9
9
9
9
9
9
9
9
9
9
9
9
9
9
9
9
9
9
9
9
9
9
9
9
9
9
9
9
9
9
9
9
9
9
9
9
9
9
9
9
9
9
9
9
9
9
9
9
9
9
9
9
9
9
9
9
9
9
9
9
9
9
9
9
9
9
9
9
9
9
9
9
9
9
9
9
9
9
9
9
9
9
9
9
9
9
9
9
9
9
9
9
9
9
9
9
9
9
9
9
9
9
9
9
9
9
9
9
9
9
9
9
9
9
9
9
9
9
9
9
9
9
9
9
9
9
9
9
9
9
9
9
9
9
9
9
9
9
9
9
9
9
9
9
9
9
9
9
9
9
9
9
9
9
9
9
9
9
9
9
9
9
9
9
9
9
9
9
9
9
9
9
9
9
9
9
9
9
9
9
9
9
9
9
9
9
9
9
9
9
9
9
9
9
9
9
9
9
9
9
9
9
9
9
9
9
9
9
9
9
9
9
9
9
9
9
9
9
9
9
9
9
9
9
9
9
9
9
9
9
9
9
9
9
9
9
9
9
9
9
9
9
9
9
9
9
9
9
9
9
9
9
9
9
9
9
9
9
9
9
9
9
9
9
9
9
9
9
9
9
9
9
9
9
9
9
9
9
9
9
9
9
9
9
9
9
9
9
9
9
9
9
9
9
9
9
9
9
9
9
9
9
9
9
9
9
9
9
9
9
9
9
9
9
9
9
9
9
9
9
9
9
9
9
9
9
9
9
9
9
9
9
9
9
9
9
9
9
9
9
9
9
9
9
9
9
9
9
9
9
9
9
9
9
9
9
9
9
9
9
9
9
9
9
9
9
9
9
9
9
9
9
9
9
9
9
9
9
9
9
9
9
9
9
9
9
9
9
9
9
9
9
9
9
9
9
9
9
9
9
9
9
9
9
9
9
9
9
9
9
9
9
9
9
9
9
9
9
9
9
9
9
9
9
9
9
9
9
9
9
9
9
9
9
9
9
9
9
9
9
9
9
9
9
9
9
9
9
9
9
9
9
9
9
9
9
9
9
9
9
9
9
9
9
9
9
9
9
9
9
9
9
9
9
9
9
9
9
9
9
9
9
9
9
9
9
9
9
9
9
9
9
9
9
9
9
9
9
9
9
9
9
9
9
9
9
9
9
9
9
9
9
9
9
9
9
9
9
9
9
9
9
9
9
9
9
9
9
9
9
9
9
9
9
9
9
9
9
9
9
9
9
9
9
9
9
9
9
9
9
9
9
9
9
9
9
9
9
9
9
9
9
9
9
9
9
9
9
9
9
9
9
9
9
9
9
9
9
9
9
9
9
9
9
9
9
9
9
9
9
9
9
9
9
9
9
9
9
9
9
9
9
9
9
9
9
9
9
9
9
9
9
9
9
9
9
9
9
9
9
9
9
9
9
9
9
9
9
9
9
9
9
9
9
9
9
9
9
9
9
9
9
9
9
9
9
9
9
9
9
9
9
9
9
9
9
9
9
9
9
9
9
9
9
9
9
9
9
9
9
9
9
9
9
9
9
9
9
9
9
9
9
9
9
9
9
9
9
9
9
9
9
9
9
9
9
9
9
9
9
9
9
9
9
9
9
9
9
9
9
9
9
9
9
9
9
9
9
9
9
9
9
9
9
9
9
9
9
9
9
9
9
9
9
9
9
9
9
9
9
9
9
9
9
9
9
9
9
9
9
9
9
9
9
9
9
9
9
9
9
9
9
9
9
9
9
9
9
9
9
9
9
9
9
9
9
9
9
9
9
9
9
9
9
9
9
9
9
9
9
9
9
9
9
9
9
9
9
9
9
9
9
9
9
9
9
9
9
9
9
9
9
9
9
9
9
9
9
9
9
9
9
9
9
9
9
9
9
9
9
9
9
9
9
9
9
9
9
9
9
9
9
9
9
9
9
9
9
9
9
9
9
9
9
9
9
9
9
9
9
9
9
9
9
9
9
9
9
9
9
9
9
9
9
9
9
9
9
9
9
9
9
9
9
9
9
9
9
9
9
9
9
9
9
9
9
9
9
9
9
9
9
9
9
9
9
9
9
9
9
9
9
9
9
9
9
9
9
9
9
9
9
9
9
9
9
9
9
9
9
9
9
9
9
9
9
9
9
9
9
9
9
9
9
9
9
9
9
9
9
9
9
9
9
9
9
9
9
9
9
9
9
9
9
9
9
9
9
9
9
9
9
9
9
9
9
9
9
9
9
9
9
9
9
9
9
9
9
9
9
9
9
9
9
9
9
9
9
9
9
9
9
9
9
9
9
9
9
9
9
9
9
9
9
9
9
9
9
9
9
9
9
9
9
9
9
9
9
9
9
9
9
9
9
9
9
9
9
9
9
9
9
9
9
9
9
9
9
9
9
9
9
9
9
9
9
9
9
9
9
9
9
9
9
9
9
9
9
9
9
9
9
9
9
9
9
9
9
9
9
9
9
9
9
9
9
9
9
9
9
9
9
9
9
9
9
9
9
9
9
9
9
9
9
9
9
9
9
9
9
9
9
9
9
9
9
9
9
9
9
9
9
9
9
9
9
9
9
9
9
9
9
9
9
9
9
9
9
9
9
9
9
9
9
9
9
9
9
9
9
9
9
9
9
9
9
9
9
9
9
9
9
9
9
9
9
9
9
9
9
9
9
9
9
9
9
9
9
9
9
9
9
9
9
9
9
9
9
9
9
9
9
9
9
9
9
9
9
9
9
9
9
9
9
9
9
9
9
9
9
9
9
9
9
9
9
9
9
9
9
9
9
9
9
9
9
9
9
9
9
9
9
9
9
9
9
9
9
9
9
9
9
9
9
9
9
9
9
9
9
9
9
9
9
9
9
9
9
9
9
9
9
9
9
9
9
9
9
9
9
9
9
9
9
9
9
9
9
9
9
9
9
9
9
9
9
9
9
9
9
9
9
9
9
9
9
9
9
9
9
9
9
9
9
9
9
9
9
9
9
9
9
9
9
9
9
9
9
9
9
9
9
9
9
9
9
9
9
9
9
9
9
9
9
9
9
9
9
9
9
9
9
9
9
9
9
9
9
9
9
9
9
9
9
9
9
9
9
9
9
9
9
9
9
9
9
9
9
9
9
9
9
9
9
9
9
9
9
9
9
9
9
9
9
9
9
9
9
9
9
9
9
9
9
9
9
9
9
9
9
9
9
9
9
9
9
9
9
9
9
9
9
9
9
9
9
9
9
9
9
9
9
9
9
9
9
9
9
9
9
9
9
9
9
9
9
9
9
9
9
9
9
9
9
9
9
9
9
9
9
9
9
9
9
9
9
9
9
9
9
9
9
9
9
9
9
9
9
9
9
9
9
9
9
9
9
9
9
9
9
9
9
9
9
9
9
9
9
9
9
9
9
9
9
9
9
9
9
9
9
9
9
9
9
9
9
9
9
9
9
9
9
9
9
9
9
9
9
9
9
9
9
9
9
9
9
9
9
9
9
9
9
9
9
9
9
9
9
9
9
9
9
9
9
9
9
9
9
9
9
9
9
9
9
9
9
9
9
9
9
9
9
9
9
9
9
9
9
9
9
9
9
9
9
9
9
9
9
9
9
9
9
9
9
9
9
9
9
9
9
9
9
9
9
9
9
9
9
9
9
9
9
9
9
9
9
9
9
9
9
9
9
9
9
9
9
9
9
9
9
9
9
9
9
9
9
9
9
9
9
9
9
9
9
9
9
9
9
9
9
9
9
9
9
9
9
9
9
9
9
9
9
9
9
9
9
9
9
9
9
9
9
9
9
9
9
9
9
9
9
9
9
9
9
9
9
9
9
9
9
9
9
9
9
9
9
9
9
9
9
9
9
9
9
9
9
9
9
9
9
9
9
9
9
9
9
9
9
9
9
9
9
9
9
9
9
9
9
9
9
9
9
9
9
9
9
9
9
9
9
9
9
9
9
9
9
9
9
9
9
9
9
9
9
9
9
9
9
9
9
9
9
9
9
9
9
9
9
9
9
9
9
9
9
9
9
9
9
9
9
9
9
9
9
9
9
9
9
9
9
9
9
9
9
9
9
9
9
9
9
9
9
9
9
9
9
9
9
9
9
9
9
9
9
9
9
9
9
9
9
9
9
9
9
9
9
9
9
9
9
9
9
9
9
9
9
9
9
9
9
9
9
9
9
9
9
9
9
9
9
9
9
9
9
9
9
9
9
9
9
9
9
9
9
9
9
9
9
9
9
9
9
9
9
9
9
9
9
9
9
9
9
9
9
9
9
9
9
9
9
9
9
9
9
9
9
9
9
9
9
9
9
9
9
9
9
9
9
9
9
9
9
9
9
9
9
9
9
9
9
9
9
9
9
9
9
9
9
9
9
9
9
9
9
9
9
9
9
9
9
9
9
9
9
9
9
9
9
9
9
9
9
9
9
9
9
9
9
9
9
9
9
9
9
9
9
9
9
9
9
9
9
9
9
9
9
9
9
9
9
9
9
9
9
9
9
9
9
9
9
9
9
9
9
9
9
9
9
9
9
9
9
9
9
9
9
9
9
9
9
9
9
9
9
9
9
9
9
9
9
9
9
9
9
9
9
9
9
9
9
9
9
9
9
9
9
9
9
9
9
9
9
9
9
9
9
9
9
9
9
9
9
9
9
9
9
9
9
9
9
9
9
9
9
9
9
9
9
9
9
9
9
9
9
9
9
9
9
9
9
9
9
9
9
9
9
9
9
9
9
9
9
9
9
9
9
9
9
9
9
9
9
9
9
9
9
9
9
9
9
9
9
9
9
9
9
9
9
9
9
9
9
9
9
9
9
9
9
9
9
9
9
9
9
9
9
9
9
9
9
9
9
9
9
9
9
9
9
9
9
9
9
9
9
9
9
9
9
9
9
9
9
9
9
9
9
9
9
9
9
9
9
9
9
9
9
9
9
9
9
9
9
9
9
9
9
9
9
9
9
9
9
9
9
9
9
9
9
9
9
9
9
9
9
9
9
9
9
9
9
9
9
9
9
9
9
9
9
9
9
9
9
9
9
9
9
9
9
9
9
9
9
9
9
9
9
9
9
9
9
9
9
9
9
9
9
9
9
9
9
9
9
9
9
9
9
9
9
9
9
9
9
9
9
9
9
9
9
9
9
9
9
9
9
9
9
9
9
9
9
9
9
9
9
9
9
9
9
9
9
9
9
9
9
9
9
9
9
9
9
9
9
9
9
9
9
9
9
9
9
9
9
9
9
9
9
9
9
9
9
9
9
9
9
9
9
9
9
9
9
9
9
9
9
9
9
9
9
9
9
9
9
9
9
9
9
9
9
9
9
9
9
9
9
9
9
9
9
9
9
9
9
9
9
9
9
9
9
9
9
9
9
9
9
9
9
9
9
9
9
9
9
9
9
9
9
9
9
9
9
9
9
9
9
9
9
9
9
9
9
9
9
9
9
9
9
9
9
9
9
9
9
9
9
9
9
9
9
9
9
9
9
9
9
9
9
9
9
9
9
9
9
9
9
9
9
9
9
9
9
9
9
9
9
9
9
9
9
9
9
9
9
9
9
9
9
9
9
9
9
9
9
9
9
9
9
9
9
9
9
9
9
9
9
9
9
9
9
9
9
9
9
9
9
9
9
9
9
9
9
9
9
9
9
9
9
9
9
9
9
9
9
9
9
9
9
9
9
9
9
9
9
9
9
9
9
9
9
9
9
9
9
9
9
9
9
9
9
9
9
9
9
9
9
9
9
9
9
9
9
9
9
9
9
9
9
9
9
9
9
9
9
9
9
9
9
9
9
9
9
9
9
9
9
9
9
9
9
9
9
9
9
9
9
9
9
9
9
9
9
9
9
9
9
9
9
9
9
9
9
9
9
9
9
9
9
9
9
9
9
9
9
9
9
9
9
9
9
9
9
9
9
9
9
9
9
9
9
9
9
9
9
9
9
9
9
9
9
9
9
9
9
9
9
9
9
9
9
9
9
9
9
9
9
9
9
9
9
9
9
9
9
9
9
9
9
9
9
9
9
9
9
9
9
9
9
9
9
9
9
9
9
9
9
9
9
9
9
9
9
9
9
9
9
9
9
9
9
9
9
9
9
9
9
9
9
9
9
9
9
9
9
9
9
9
9
9
9
9
9
9
9
9
9
9
9
9
9
9
9
9
9
9
9
9
9
9
9
9
9
9
9
9
9
9
9
9
9
9
9
9
9
9
9
9
9
9
9
9
9
9
9
9
9
9
9
9
9
9
9
9
9
9
9
9
9
9
9
9
9
9
9
9
9
9
9
9
9
9
9
9
