sheet,material,vw_fraction,ab_fraction,shifted_freq_hz,storage_modulus_MPa
Supp.Fig. 27a,VeroWhite_100VW,1.0,0.0,7.8536210813527e+18,2062.87100375314
Supp.Fig. 27a,VeroWhite_100VW,1.0,0.0,1.59661544956228e+19,2077.7373506175
Supp.Fig. 27a,VeroWhite_100VW,1.0,0.0,2.3953658193732e+19,2084.60698103565
Supp.Fig. 27a,VeroWhite_100VW,1.0,0.0,3.21474960841495e+19,2089.74741212053
Supp.Fig. 27a,VeroWhite_100VW,1.0,0.0,4.01494898074373e+19,2091.25737470392
Supp.Fig. 27a,VeroWhite_100VW,1.0,0.0,4.78878280935223e+19,2094.97217380021
Supp.Fig. 27a,VeroWhite_100VW,1.0,0.0,5.61703823204152e+19,2097.16438698857
Supp.Fig. 27a,VeroWhite_100VW,1.0,0.0,6.42271703083583e+19,2099.53797946342
Supp.Fig. 27a,VeroWhite_100VW,1.0,0.0,7.22236450059557e+19,2101.61044128718
Supp.Fig. 27a,VeroWhite_100VW,1.0,0.0,8.08703622926743e+19,2103.84536806013
Supp.Fig. 27a,VeroWhite_100VW,1.0,0.0,8.87204438437905e+19,2104.86223748086
Supp.Fig. 27a,VeroWhite_100VW,1.0,0.0,9.68806054973055e+19,2107.64527877741
Supp.Fig. 27a,VeroWhite_100VW,1.0,0.0,1.05473790751693e+20,2109.1425808059
Supp.Fig. 27a,VeroWhite_100VW,1.0,0.0,3.60914675297987e+18,2060.40510128713
Supp.Fig. 27a,VeroWhite_100VW,1.0,0.0,6.39562375372071e+18,2072.60806251038
Supp.Fig. 27a,VeroWhite_100VW,1.0,0.0,9.35395705919858e+18,2079.42855787189
Supp.Fig. 27a,VeroWhite_100VW,1.0,0.0,1.22709893989594e+19,2084.54902819069
Supp.Fig. 27a,VeroWhite_100VW,1.0,0.0,1.51713626454247e+19,2085.69653600298
Supp.Fig. 27a,VeroWhite_100VW,1.0,0.0,1.78425788355307e+19,2089.09661246278
Supp.Fig. 27a,VeroWhite_100VW,1.0,0.0,2.11104222139789e+19,2091.18906106792
Supp.Fig. 27a,VeroWhite_100VW,1.0,0.0,2.37515398705143e+19,2094.25794398611
Supp.Fig. 27a,VeroWhite_100VW,1.0,0.0,2.65238548674329e+19,2096.35745789208
Supp.Fig. 27a,VeroWhite_100VW,1.0,0.0,2.98708515425588e+19,2098.24544659164
Supp.Fig. 27a,VeroWhite_100VW,1.0,0.0,3.23585560664718e+19,2098.78948073661
Supp.Fig. 27a,VeroWhite_100VW,1.0,0.0,3.47921222577214e+19,2101.33439932588
Supp.Fig. 27a,VeroWhite_100VW,1.0,0.0,3.80529218098275e+19,2103.1199162567
Supp.Fig. 27a,VeroWhite_100VW,1.0,0.0,3661590143256830.0,1981.29336395016
Supp.Fig. 27a,VeroWhite_100VW,1.0,0.0,6560941876536590.0,1995.92449822337
Supp.Fig. 27a,VeroWhite_100VW,1.0,0.0,9850484205274540.0,2004.37518931342
Supp.Fig. 27a,VeroWhite_100VW,1.0,0.0,1.31709652324424e+16,2011.043597463
Supp.Fig. 27a,VeroWhite_100VW,1.0,0.0,1.64455850365446e+16,2014.55252266546
Supp.Fig. 27a,VeroWhite_100VW,1.0,0.0,1.97172698802506e+16,2016.7197962011
Supp.Fig. 27a,VeroWhite_100VW,1.0,0.0,2.29341404608004e+16,2019.85860426415
Supp.Fig. 27a,VeroWhite_100VW,1.0,0.0,2.6333839678192e+16,2023.71903654115
Supp.Fig. 27a,VeroWhite_100VW,1.0,0.0,2.94232582404787e+16,2026.54308656503
Supp.Fig. 27a,VeroWhite_100VW,1.0,0.0,3.26957493361886e+16,2028.6890916123
Supp.Fig. 27a,VeroWhite_100VW,1.0,0.0,3.62031917173134e+16,2029.71141428426
Supp.Fig. 27a,VeroWhite_100VW,1.0,0.0,3.95792214658596e+16,2032.33574248969
Supp.Fig. 27a,VeroWhite_100VW,1.0,0.0,4.29645104391111e+16,2034.33908247757
Supp.Fig. 27a,VeroWhite_100VW,1.0,0.0,11218940093776.6,1858.10083311178
Supp.Fig. 27a,VeroWhite_100VW,1.0,0.0,20796992439657.5,1878.90910319894
Supp.Fig. 27a,VeroWhite_100VW,1.0,0.0,31665003996944.3,1890.95385988649
Supp.Fig. 27a,VeroWhite_100VW,1.0,0.0,42429073143013.7,1898.77711224338
Supp.Fig. 27a,VeroWhite_100VW,1.0,0.0,53428772998199.3,1906.31331528448
Supp.Fig. 27a,VeroWhite_100VW,1.0,0.0,64333902573617.2,1908.23730764583
Supp.Fig. 27a,VeroWhite_100VW,1.0,0.0,75042978596413.0,1913.52601570842
Supp.Fig. 27a,VeroWhite_100VW,1.0,0.0,86393590808304.0,1918.20690246259
Supp.Fig. 27a,VeroWhite_100VW,1.0,0.0,97776399447636.7,1922.10821490373
Supp.Fig. 27a,VeroWhite_100VW,1.0,0.0,108101588234695.0,1923.97711869528
Supp.Fig. 27a,VeroWhite_100VW,1.0,0.0,118841827894994.0,1926.81226673726
Supp.Fig. 27a,VeroWhite_100VW,1.0,0.0,130110957590778.0,1928.73228311142
Supp.Fig. 27a,VeroWhite_100VW,1.0,0.0,141074144738859.0,1932.1316975108
Supp.Fig. 27a,VeroWhite_100VW,1.0,0.0,64960048879.5993,1693.34175375206
Supp.Fig. 27a,VeroWhite_100VW,1.0,0.0,119801763239.438,1722.16845023205
Supp.Fig. 27a,VeroWhite_100VW,1.0,0.0,179593217943.01,1739.2503833217
Supp.Fig. 27a,VeroWhite_100VW,1.0,0.0,241291516316.904,1750.53323557677
Supp.Fig. 27a,VeroWhite_100VW,1.0,0.0,304481313423.939,1759.96068670991
Supp.Fig. 27a,VeroWhite_100VW,1.0,0.0,365389824078.015,1764.60201759351
Supp.Fig. 27a,VeroWhite_100VW,1.0,0.0,427594090983.652,1769.19756721957
Supp.Fig. 27a,VeroWhite_100VW,1.0,0.0,490642574233.962,1776.37538079216
Supp.Fig. 27a,VeroWhite_100VW,1.0,0.0,555705177072.795,1781.77950842931
Supp.Fig. 27a,VeroWhite_100VW,1.0,0.0,617247736982.639,1785.87125436576
Supp.Fig. 27a,VeroWhite_100VW,1.0,0.0,674660460111.23,1788.0138967186
Supp.Fig. 27a,VeroWhite_100VW,1.0,0.0,739155491854.759,1792.17595023978
Supp.Fig. 27a,VeroWhite_100VW,1.0,0.0,805183226770.039,1795.14196846176
Supp.Fig. 27a,VeroWhite_100VW,1.0,0.0,5954371727.3368,1571.73129123226
Supp.Fig. 27a,VeroWhite_100VW,1.0,0.0,10680381381.8176,1605.10782709244
Supp.Fig. 27a,VeroWhite_100VW,1.0,0.0,15588055182.2204,1623.94441810755
Supp.Fig. 27a,VeroWhite_100VW,1.0,0.0,20598450137.6531,1635.99936767894
Supp.Fig. 27a,VeroWhite_100VW,1.0,0.0,25621534692.457,1647.09371763768
Supp.Fig. 27a,VeroWhite_100VW,1.0,0.0,30691351968.4132,1652.55097294397
Supp.Fig. 27a,VeroWhite_100VW,1.0,0.0,36016545657.2449,1662.15951656418
Supp.Fig. 27a,VeroWhite_100VW,1.0,0.0,41210207445.9187,1666.32071576171
Supp.Fig. 27a,VeroWhite_100VW,1.0,0.0,46368225747.4838,1673.17514942886
Supp.Fig. 27a,VeroWhite_100VW,1.0,0.0,51570105188.3617,1676.55406330211
Supp.Fig. 27a,VeroWhite_100VW,1.0,0.0,56779966522.4768,1681.39017362091
Supp.Fig. 27a,VeroWhite_100VW,1.0,0.0,61924517513.3106,1684.43393126912
Supp.Fig. 27a,VeroWhite_100VW,1.0,0.0,67425909304.9207,1688.8464924787
Supp.Fig. 27a,VeroWhite_100VW,1.0,0.0,562851409.618469,1459.26581897618
Supp.Fig. 27a,VeroWhite_100VW,1.0,0.0,1025643500.1152,1496.81259897896
Supp.Fig. 27a,VeroWhite_100VW,1.0,0.0,1476440314.93072,1517.95965943075
Supp.Fig. 27a,VeroWhite_100VW,1.0,0.0,1942396085.63304,1531.98503603035
Supp.Fig. 27a,VeroWhite_100VW,1.0,0.0,2420575142.63641,1543.64082864879
Supp.Fig. 27a,VeroWhite_100VW,1.0,0.0,2908602405.32073,1551.9220959068
Supp.Fig. 27a,VeroWhite_100VW,1.0,0.0,3388404503.06533,1560.36108909416
Supp.Fig. 27a,VeroWhite_100VW,1.0,0.0,3850513579.925,1565.61460109491
Supp.Fig. 27a,VeroWhite_100VW,1.0,0.0,4324427889.62481,1572.48879055914
Supp.Fig. 27a,VeroWhite_100VW,1.0,0.0,4811552325.48758,1577.80677293732
Supp.Fig. 27a,VeroWhite_100VW,1.0,0.0,5323033335.84086,1581.77388454565
Supp.Fig. 27a,VeroWhite_100VW,1.0,0.0,5786834058.56405,1586.63035807287
Supp.Fig. 27a,VeroWhite_100VW,1.0,0.0,6256108044.53028,1591.57199467321
Supp.Fig. 27a,VeroWhite_100VW,1.0,0.0,58060439.0713747,1317.60508719599
Supp.Fig. 27a,VeroWhite_100VW,1.0,0.0,104098820.251841,1358.97451978485
Supp.Fig. 27a,VeroWhite_100VW,1.0,0.0,149686085.009622,1381.68340496638
Supp.Fig. 27a,VeroWhite_100VW,1.0,0.0,196384150.104576,1397.6864528101
Supp.Fig. 27a,VeroWhite_100VW,1.0,0.0,242357738.45678,1411.35980024599
Supp.Fig. 27a,VeroWhite_100VW,1.0,0.0,289329257.752507,1419.34926681461
Supp.Fig. 27a,VeroWhite_100VW,1.0,0.0,336934017.174562,1430.21161201086
Supp.Fig. 27a,VeroWhite_100VW,1.0,0.0,383718126.763851,1435.08428090134
Supp.Fig. 27a,VeroWhite_100VW,1.0,0.0,431478973.683369,1441.62624865715
Supp.Fig. 27a,VeroWhite_100VW,1.0,0.0,480209211.933944,1448.44095224195
Supp.Fig. 27a,VeroWhite_100VW,1.0,0.0,527249135.524474,1452.86100258046
Supp.Fig. 27a,VeroWhite_100VW,1.0,0.0,572749328.844737,1457.68852443246
Supp.Fig. 27a,VeroWhite_100VW,1.0,0.0,619795155.426879,1462.95857377959
Supp.Fig. 27a,VeroWhite_100VW,1.0,0.0,5988310.74436045,1089.55716534636
Supp.Fig. 27a,VeroWhite_100VW,1.0,0.0,12046124.5973546,1138.22553056182
Supp.Fig. 27a,VeroWhite_100VW,1.0,0.0,17598731.5221557,1164.37691516408
Supp.Fig. 27a,VeroWhite_100VW,1.0,0.0,22918728.2410593,1181.87626425887
Supp.Fig. 27a,VeroWhite_100VW,1.0,0.0,28000460.2341824,1195.41377712102
Supp.Fig. 27a,VeroWhite_100VW,1.0,0.0,33112933.9846365,1205.75663592119
Supp.Fig. 27a,VeroWhite_100VW,1.0,0.0,38530650.5031994,1215.36682297299
Supp.Fig. 27a,VeroWhite_100VW,1.0,0.0,43882997.1558294,1221.64107891757
Supp.Fig. 27a,VeroWhite_100VW,1.0,0.0,49100810.5715108,1229.88525663613
Supp.Fig. 27a,VeroWhite_100VW,1.0,0.0,54287114.342064,1234.55273178402
Supp.Fig. 27a,VeroWhite_100VW,1.0,0.0,59323500.1390629,1239.88752719682
Supp.Fig. 27a,VeroWhite_100VW,1.0,0.0,64292465.9035776,1245.61574334636
Supp.Fig. 27a,VeroWhite_100VW,1.0,0.0,69274071.2423789,1251.68505033314
Supp.Fig. 27a,VeroWhite_100VW,1.0,0.0,640707.715787861,733.815203857018
Supp.Fig. 27a,VeroWhite_100VW,1.0,0.0,1415975.1479563,780.35327189891
Supp.Fig. 27a,VeroWhite_100VW,1.0,0.0,2145141.83366409,805.880868871456
Supp.Fig. 27a,VeroWhite_100VW,1.0,0.0,2857411.36892827,822.556536645191
Supp.Fig. 27a,VeroWhite_100VW,1.0,0.0,3553716.64191248,835.419580240357
Supp.Fig. 27a,VeroWhite_100VW,1.0,0.0,4228016.47664788,845.938212409593
Supp.Fig. 27a,VeroWhite_100VW,1.0,0.0,4886794.64111763,854.27831242947
Supp.Fig. 27a,VeroWhite_100VW,1.0,0.0,5553835.17791236,859.157104089387
Supp.Fig. 27a,VeroWhite_100VW,1.0,0.0,6192092.35879214,869.761269562655
Supp.Fig. 27a,VeroWhite_100VW,1.0,0.0,6867827.55144388,872.751910717769
Supp.Fig. 27a,VeroWhite_100VW,1.0,0.0,7510723.74106386,878.669872319064
Supp.Fig. 27a,VeroWhite_100VW,1.0,0.0,8136530.40288718,883.597209637465
Supp.Fig. 27a,VeroWhite_100VW,1.0,0.0,8748760.45601656,887.79761567798
Supp.Fig. 27a,VeroWhite_100VW,1.0,0.0,73744.2291981282,429.124490079819
Supp.Fig. 27a,VeroWhite_100VW,1.0,0.0,159062.862367761,465.35990878743
Supp.Fig. 27a,VeroWhite_100VW,1.0,0.0,247876.454558832,488.071745660779
Supp.Fig. 27a,VeroWhite_100VW,1.0,0.0,340704.828197876,503.504132853231
Supp.Fig. 27a,VeroWhite_100VW,1.0,0.0,431283.743018624,515.587825486261
Supp.Fig. 27a,VeroWhite_100VW,1.0,0.0,523799.065306457,524.04275547454
Supp.Fig. 27a,VeroWhite_100VW,1.0,0.0,610711.450065077,531.52518409589
Supp.Fig. 27a,VeroWhite_100VW,1.0,0.0,698801.341592093,538.063722917364
Supp.Fig. 27a,VeroWhite_100VW,1.0,0.0,787916.58197448,545.888061794857
Supp.Fig. 27a,VeroWhite_100VW,1.0,0.0,877524.788444153,549.472352314826
Supp.Fig. 27a,VeroWhite_100VW,1.0,0.0,960901.320506494,555.425447626222
Supp.Fig. 27a,VeroWhite_100VW,1.0,0.0,1044495.74218656,559.343926450351
Supp.Fig. 27a,VeroWhite_100VW,1.0,0.0,1135978.07472764,564.006213093563
Supp.Fig. 27a,VeroWhite_100VW,1.0,0.0,9819.20672571484,261.620433015502
Supp.Fig. 27a,VeroWhite_100VW,1.0,0.0,19629.1984437813,291.010128071347
Supp.Fig. 27a,VeroWhite_100VW,1.0,0.0,30223.3894045851,310.006438875504
Supp.Fig. 27a,VeroWhite_100VW,1.0,0.0,41435.5026319464,322.697538972701
Supp.Fig. 27a,VeroWhite_100VW,1.0,0.0,52546.7109605517,333.721455614443
Supp.Fig. 27a,VeroWhite_100VW,1.0,0.0,64380.9602292206,342.421790743911
Supp.Fig. 27a,VeroWhite_100VW,1.0,0.0,76121.162973085,347.863190655836
Supp.Fig. 27a,VeroWhite_100VW,1.0,0.0,87940.5974125232,355.045270274277
Supp.Fig. 27a,VeroWhite_100VW,1.0,0.0,99748.1927761468,360.08010881193
Supp.Fig. 27a,VeroWhite_100VW,1.0,0.0,112250.662830156,365.694509612066
Supp.Fig. 27a,VeroWhite_100VW,1.0,0.0,123516.090669635,370.524033373427
Supp.Fig. 27a,VeroWhite_100VW,1.0,0.0,135763.854639332,375.900785458996
Supp.Fig. 27a,VeroWhite_100VW,1.0,0.0,148068.207046629,379.159239944457
Supp.Fig. 27a,VeroWhite_100VW,1.0,0.0,1388.87720910339,163.329058444366
Supp.Fig. 27a,VeroWhite_100VW,1.0,0.0,2744.90095872353,187.757342673913
Supp.Fig. 27a,VeroWhite_100VW,1.0,0.0,4169.32585686059,202.969336422401
Supp.Fig. 27a,VeroWhite_100VW,1.0,0.0,5699.93263911003,213.770838696923
Supp.Fig. 27a,VeroWhite_100VW,1.0,0.0,7187.61619223633,222.916918081689
Supp.Fig. 27a,VeroWhite_100VW,1.0,0.0,8728.34484269729,229.731332389137
Supp.Fig. 27a,VeroWhite_100VW,1.0,0.0,10275.7396469867,236.399297359318
Supp.Fig. 27a,VeroWhite_100VW,1.0,0.0,11891.8326764185,242.290327739287
Supp.Fig. 27a,VeroWhite_100VW,1.0,0.0,13527.0222879564,246.623463435924
Supp.Fig. 27a,VeroWhite_100VW,1.0,0.0,15169.2443316319,251.707820055939
Supp.Fig. 27a,VeroWhite_100VW,1.0,0.0,16931.0822069467,255.010832224639
Supp.Fig. 27a,VeroWhite_100VW,1.0,0.0,18601.603902058,259.51567839175
Supp.Fig. 27a,VeroWhite_100VW,1.0,0.0,20258.525391292,262.873764779292
Supp.Fig. 27a,VeroWhite_100VW,1.0,0.0,213.180058353916,96.4492644807403
Supp.Fig. 27a,VeroWhite_100VW,1.0,0.0,412.068811679858,115.863563270167
Supp.Fig. 27a,VeroWhite_100VW,1.0,0.0,621.842060428253,127.150037403197
Supp.Fig. 27a,VeroWhite_100VW,1.0,0.0,834.09722469028,135.822304060064
Supp.Fig. 27a,VeroWhite_100VW,1.0,0.0,1044.92163324762,142.700797545879
Supp.Fig. 27a,VeroWhite_100VW,1.0,0.0,1265.1952940061,148.797421987112
Supp.Fig. 27a,VeroWhite_100VW,1.0,0.0,1486.50594985177,154.724638187373
Supp.Fig. 27a,VeroWhite_100VW,1.0,0.0,1712.69745698574,158.276953688237
Supp.Fig. 27a,VeroWhite_100VW,1.0,0.0,1944.54501695979,162.345765484471
Supp.Fig. 27a,VeroWhite_100VW,1.0,0.0,2177.11070009816,166.812577583739
Supp.Fig. 27a,VeroWhite_100VW,1.0,0.0,2409.0169349723,168.495104045246
Supp.Fig. 27a,VeroWhite_100VW,1.0,0.0,2644.74555178101,172.740076252598
Supp.Fig. 27a,VeroWhite_100VW,1.0,0.0,2882.87192039154,175.450246673379
Supp.Fig. 27a,VeroWhite_100VW,1.0,0.0,35.328356163511,51.1813287369443
Supp.Fig. 27a,VeroWhite_100VW,1.0,0.0,68.1457853901616,61.3118197020095
Supp.Fig. 27a,VeroWhite_100VW,1.0,0.0,99.4930569886138,72.2973231929111
Supp.Fig. 27a,VeroWhite_100VW,1.0,0.0,130.230488720412,78.1827358259744
Supp.Fig. 27a,VeroWhite_100VW,1.0,0.0,161.80292166133,82.8443052482399
Supp.Fig. 27a,VeroWhite_100VW,1.0,0.0,193.920740434546,87.0257317585121
Supp.Fig. 27a,VeroWhite_100VW,1.0,0.0,226.642751392274,91.2508121162196
Supp.Fig. 27a,VeroWhite_100VW,1.0,0.0,258.957184319203,94.3844585275433
Supp.Fig. 27a,VeroWhite_100VW,1.0,0.0,292.280947358785,96.8073535606138
Supp.Fig. 27a,VeroWhite_100VW,1.0,0.0,325.137177693486,100.127108168308
Supp.Fig. 27a,VeroWhite_100VW,1.0,0.0,358.702363182287,101.95627602306
Supp.Fig. 27a,VeroWhite_100VW,1.0,0.0,391.431129131524,104.491817553043
Supp.Fig. 27a,VeroWhite_100VW,1.0,0.0,425.386739066512,107.432072312163
Supp.Fig. 27a,VeroWhite_100VW,1.0,0.0,2.111241177292,27.0531765151935
Supp.Fig. 27a,VeroWhite_100VW,1.0,0.0,3.09894369063859,31.3720628396503
Supp.Fig. 27a,VeroWhite_100VW,1.0,0.0,3.96797849978999,42.84827568114
Supp.Fig. 27a,VeroWhite_100VW,1.0,0.0,4.6631039095658,45.1852816010339
Supp.Fig. 27a,VeroWhite_100VW,1.0,0.0,5.56610816944902,46.3002967436088
Supp.Fig. 27a,VeroWhite_100VW,1.0,0.0,6.40704386786905,49.5054394831114
Supp.Fig. 27a,VeroWhite_100VW,1.0,0.0,7.180738681524,51.4363158627014
Supp.Fig. 27a,VeroWhite_100VW,1.0,0.0,7.99227317614292,55.0061642350784
Supp.Fig. 27a,VeroWhite_100VW,1.0,0.0,8.90962118271714,56.9066848355303
Supp.Fig. 27a,VeroWhite_100VW,1.0,0.0,9.84810005048955,58.4307705618847
Supp.Fig. 27a,VeroWhite_100VW,1.0,0.0,10.7378652486994,61.2270443838235
Supp.Fig. 27a,VeroWhite_100VW,1.0,0.0,11.68732233355,63.8335310534997
Supp.Fig. 27a,VeroWhite_100VW,1.0,0.0,0.00310476370207188,12.9016002725876
Supp.Fig. 27a,VeroWhite_100VW,1.0,0.0,0.00460239379616906,13.1491391342307
Supp.Fig. 27a,VeroWhite_100VW,1.0,0.0,0.00606160429870513,14.3341685786181
Supp.Fig. 27a,VeroWhite_100VW,1.0,0.0,0.00747742022914119,15.6881437854853
Supp.Fig. 27a,VeroWhite_100VW,1.0,0.0,0.00882493208399915,16.8213514411473
Supp.Fig. 27a,VeroWhite_100VW,1.0,0.0,0.0102032218715032,17.1366025651494
Supp.Fig. 27a,VeroWhite_100VW,1.0,0.0,0.0115656644472264,17.3524980971874
Supp.Fig. 27a,VeroWhite_100VW,1.0,0.0,0.012950127753128,18.3604438115571
Supp.Fig. 27a,VeroWhite_100VW,1.0,0.0,0.0143020010806301,18.6290975253583
Supp.Fig. 27a,VeroWhite_100VW,1.0,0.0,0.0157956937222355,18.687747796009
Supp.Fig. 27a,VeroWhite_100VW,1.0,0.0,0.0172403241462116,19.8593013485281
Supp.Fig. 27a,VeroWhite_100VW,1.0,0.0,0.0186865924484268,20.7969054543639
Supp.Fig. 27a,VeroWhite_100VW,1.0,0.0,2.82307153622747e-05,8.4847279322366
Supp.Fig. 27a,VeroWhite_100VW,1.0,0.0,4.20616724993314e-05,7.90845458208163
Supp.Fig. 27a,VeroWhite_100VW,1.0,0.0,5.55673502382612e-05,7.57728229415446
Supp.Fig. 27a,VeroWhite_100VW,1.0,0.0,6.86163250552711e-05,8.205974024792
Supp.Fig. 27a,VeroWhite_100VW,1.0,0.0,8.08454500864032e-05,8.57917035970998
Supp.Fig. 27a,VeroWhite_100VW,1.0,0.0,9.24722735366242e-05,8.43965896764686
Supp.Fig. 27a,VeroWhite_100VW,1.0,0.0,0.000105030584823242,8.8713685654779
Supp.Fig. 27a,VeroWhite_100VW,1.0,0.0,0.000116920972544908,8.8020791459234
Supp.Fig. 27a,VeroWhite_100VW,1.0,0.0,0.000128919011771838,9.14345670838481
Supp.Fig. 27a,VeroWhite_100VW,1.0,0.0,0.000141042555665589,8.76536961319018
Supp.Fig. 27a,VeroWhite_100VW,1.0,0.0,0.000153357643217526,9.34047891339417
Supp.Fig. 27a,VeroWhite_100VW,1.0,0.0,0.000165462163535603,10.1397373488899
Supp. Fig. 26a,83.5VW_16.5AB,0.835,0.16500000000000004,2.64805730496291e+18,1869.41410773986
Supp. Fig. 26a,83.5VW_16.5AB,0.835,0.16500000000000004,1.48877535271716e+18,1883.79910939919
Supp. Fig. 26a,83.5VW_16.5AB,0.835,0.16500000000000004,1.61706053239767e+18,1891.58249011913
Supp. Fig. 26a,83.5VW_16.5AB,0.835,0.16500000000000004,2.62478196908516e+18,1904.46767399878
Supp. Fig. 26a,83.5VW_16.5AB,0.835,0.16500000000000004,3.51321075975372e+18,1913.98805755542
Supp. Fig. 26a,83.5VW_16.5AB,0.835,0.16500000000000004,7.66092950777966e+18,1924.69156770468
Supp. Fig. 26a,83.5VW_16.5AB,0.835,0.16500000000000004,4.34270184918072e+18,1924.77621670914
Supp. Fig. 26a,83.5VW_16.5AB,0.835,0.16500000000000004,3.54937516221837e+18,1925.40662453143
Supp. Fig. 26a,83.5VW_16.5AB,0.835,0.16500000000000004,3.59558236101768e+18,1914.35352603106
Supp. Fig. 26a,83.5VW_16.5AB,0.835,0.16500000000000004,4.07873864566253e+18,1926.54091219526
Supp. Fig. 26a,83.5VW_16.5AB,0.835,0.16500000000000004,5.00314692668786e+18,1933.96002711278
Supp. Fig. 26a,83.5VW_16.5AB,0.835,0.16500000000000004,5.95106599578096e+18,1937.73687677211
Supp. Fig. 26a,83.5VW_16.5AB,0.835,0.16500000000000004,7.46555888185891e+18,1946.83766093315
Supp. Fig. 26a,83.5VW_16.5AB,0.835,0.16500000000000004,1639939922006350.0,1727.81854110281
Supp. Fig. 26a,83.5VW_16.5AB,0.835,0.16500000000000004,2009942797256760.0,1740.33131435438
Supp. Fig. 26a,83.5VW_16.5AB,0.835,0.16500000000000004,2406187443080410.0,1750.23854167146
Supp. Fig. 26a,83.5VW_16.5AB,0.835,0.16500000000000004,2707054423328210.0,1756.19557303899
Supp. Fig. 26a,83.5VW_16.5AB,0.835,0.16500000000000004,3044918921646800.0,1759.04138083727
Supp. Fig. 26a,83.5VW_16.5AB,0.835,0.16500000000000004,3910693682773780.0,1766.6412611089
Supp. Fig. 26a,83.5VW_16.5AB,0.835,0.16500000000000004,4233886070047960.0,1768.82757594039
Supp. Fig. 26a,83.5VW_16.5AB,0.835,0.16500000000000004,5048224435252320.0,1775.32724603651
Supp. Fig. 26a,83.5VW_16.5AB,0.835,0.16500000000000004,5704705165180900.0,1769.5335442696
Supp. Fig. 26a,83.5VW_16.5AB,0.835,0.16500000000000004,6446082201391600.0,1778.84162492618
Supp. Fig. 26a,83.5VW_16.5AB,0.835,0.16500000000000004,7119630757628680.0,1787.4417202687
Supp. Fig. 26a,83.5VW_16.5AB,0.835,0.16500000000000004,7870788494321780.0,1789.75307072382
Supp. Fig. 26a,83.5VW_16.5AB,0.835,0.16500000000000004,8636525955372950.0,1794.16524827423
Supp. Fig. 26a,83.5VW_16.5AB,0.835,0.16500000000000004,8983056352023.31,1551.08066005266
Supp. Fig. 26a,83.5VW_16.5AB,0.835,0.16500000000000004,13178567253419.9,1568.2840119369
Supp. Fig. 26a,83.5VW_16.5AB,0.835,0.16500000000000004,16416464978949.5,1578.29021527629
Supp. Fig. 26a,83.5VW_16.5AB,0.835,0.16500000000000004,18444794256366.0,1584.20674288602
Supp. Fig. 26a,83.5VW_16.5AB,0.835,0.16500000000000004,19590098098715.8,1589.21205447209
Supp. Fig. 26a,83.5VW_16.5AB,0.835,0.16500000000000004,20146650985158.4,1596.1164948213
Supp. Fig. 26a,83.5VW_16.5AB,0.835,0.16500000000000004,20036388810822.6,1587.26082232738
Supp. Fig. 26a,83.5VW_16.5AB,0.835,0.16500000000000004,20775455551314.8,1589.53372691605
Supp. Fig. 26a,83.5VW_16.5AB,0.835,0.16500000000000004,20563516860004.1,1588.81451711404
Supp. Fig. 26a,83.5VW_16.5AB,0.835,0.16500000000000004,20303976150190.4,1588.93148573164
Supp. Fig. 26a,83.5VW_16.5AB,0.835,0.16500000000000004,20404131924430.8,1591.86320201219
Supp. Fig. 26a,83.5VW_16.5AB,0.835,0.16500000000000004,20658088126730.1,1594.86110405917
Supp. Fig. 26a,83.5VW_16.5AB,0.835,0.16500000000000004,20998609184943.6,1596.95671481829
Supp. Fig. 26a,83.5VW_16.5AB,0.835,0.16500000000000004,31936610189.9874,1289.22319860876
Supp. Fig. 26a,83.5VW_16.5AB,0.835,0.16500000000000004,56165164946.2661,1319.1838381697
Supp. Fig. 26a,83.5VW_16.5AB,0.835,0.16500000000000004,78894957716.8356,1334.5176404732
Supp. Fig. 26a,83.5VW_16.5AB,0.835,0.16500000000000004,102509568082.361,1349.02795226992
Supp. Fig. 26a,83.5VW_16.5AB,0.835,0.16500000000000004,126418911005.039,1359.14733090247
Supp. Fig. 26a,83.5VW_16.5AB,0.835,0.16500000000000004,149036640781.987,1366.6782868938
Supp. Fig. 26a,83.5VW_16.5AB,0.835,0.16500000000000004,172863952205.024,1366.53629384896
Supp. Fig. 26a,83.5VW_16.5AB,0.835,0.16500000000000004,196180693009.025,1374.57145468889
Supp. Fig. 26a,83.5VW_16.5AB,0.835,0.16500000000000004,223493206955.185,1382.41818240547
Supp. Fig. 26a,83.5VW_16.5AB,0.835,0.16500000000000004,241908769384.418,1387.08286608256
Supp. Fig. 26a,83.5VW_16.5AB,0.835,0.16500000000000004,265243652986.582,1394.31241948162
Supp. Fig. 26a,83.5VW_16.5AB,0.835,0.16500000000000004,287044813119.258,1398.94456759232
Supp. Fig. 26a,83.5VW_16.5AB,0.835,0.16500000000000004,310324304029.076,1403.20682980229
Supp. Fig. 26a,83.5VW_16.5AB,0.835,0.16500000000000004,193299991.302881,982.287599606595
Supp. Fig. 26a,83.5VW_16.5AB,0.835,0.16500000000000004,328230409.272671,1020.85038582316
Supp. Fig. 26a,83.5VW_16.5AB,0.835,0.16500000000000004,516843006.859472,1044.19147424389
Supp. Fig. 26a,83.5VW_16.5AB,0.835,0.16500000000000004,658397998.68186,1061.19319846791
Supp. Fig. 26a,83.5VW_16.5AB,0.835,0.16500000000000004,822529356.533844,1073.61907657426
Supp. Fig. 26a,83.5VW_16.5AB,0.835,0.16500000000000004,1000246239.58281,1081.35629645344
Supp. Fig. 26a,83.5VW_16.5AB,0.835,0.16500000000000004,1166558405.38022,1087.50168917823
Supp. Fig. 26a,83.5VW_16.5AB,0.835,0.16500000000000004,1312517877.80822,1099.00542622497
Supp. Fig. 26a,83.5VW_16.5AB,0.835,0.16500000000000004,1465033991.69006,1105.58651879587
Supp. Fig. 26a,83.5VW_16.5AB,0.835,0.16500000000000004,1683426540.33292,1110.27055799902
Supp. Fig. 26a,83.5VW_16.5AB,0.835,0.16500000000000004,1841607813.48069,1118.37815804141
Supp. Fig. 26a,83.5VW_16.5AB,0.835,0.16500000000000004,1976695707.64325,1120.61844089416
Supp. Fig. 26a,83.5VW_16.5AB,0.835,0.16500000000000004,2126190232.43978,1122.21728633879
Supp. Fig. 26a,83.5VW_16.5AB,0.835,0.16500000000000004,1730011.61535235,685.130479823341
Supp. Fig. 26a,83.5VW_16.5AB,0.835,0.16500000000000004,3349003.66788211,725.688370980218
Supp. Fig. 26a,83.5VW_16.5AB,0.835,0.16500000000000004,4616374.33123289,745.123531581053
Supp. Fig. 26a,83.5VW_16.5AB,0.835,0.16500000000000004,6246591.52026202,758.142407669988
Supp. Fig. 26a,83.5VW_16.5AB,0.835,0.16500000000000004,7919592.86824991,769.557088785167
Supp. Fig. 26a,83.5VW_16.5AB,0.835,0.16500000000000004,9522163.20322547,771.520597422638
Supp. Fig. 26a,83.5VW_16.5AB,0.835,0.16500000000000004,10738853.6256357,802.880948999234
Supp. Fig. 26a,83.5VW_16.5AB,0.835,0.16500000000000004,12182266.7611883,798.775396774547
Supp. Fig. 26a,83.5VW_16.5AB,0.835,0.16500000000000004,13709894.1560311,804.943343041413
Supp. Fig. 26a,83.5VW_16.5AB,0.835,0.16500000000000004,15478441.5696201,813.074653678691
Supp. Fig. 26a,83.5VW_16.5AB,0.835,0.16500000000000004,16957861.7890053,817.687737404475
Supp. Fig. 26a,83.5VW_16.5AB,0.835,0.16500000000000004,18596776.4280013,816.200990325392
Supp. Fig. 26a,83.5VW_16.5AB,0.835,0.16500000000000004,19897681.2939759,817.221959848057
Supp. Fig. 26a,83.5VW_16.5AB,0.835,0.16500000000000004,19130.1663202728,324.62849312378
Supp. Fig. 26a,83.5VW_16.5AB,0.835,0.16500000000000004,39741.1314978326,357.735791904264
Supp. Fig. 26a,83.5VW_16.5AB,0.835,0.16500000000000004,63393.6510834036,376.617994153244
Supp. Fig. 26a,83.5VW_16.5AB,0.835,0.16500000000000004,84965.6484438319,387.837997417565
Supp. Fig. 26a,83.5VW_16.5AB,0.835,0.16500000000000004,104862.858717318,407.756433586698
Supp. Fig. 26a,83.5VW_16.5AB,0.835,0.16500000000000004,124032.856231763,430.341213571249
Supp. Fig. 26a,83.5VW_16.5AB,0.835,0.16500000000000004,140397.706134457,433.310377486656
Supp. Fig. 26a,83.5VW_16.5AB,0.835,0.16500000000000004,157996.705900319,434.505042736482
Supp. Fig. 26a,83.5VW_16.5AB,0.835,0.16500000000000004,174390.198464738,438.300548471037
Supp. Fig. 26a,83.5VW_16.5AB,0.835,0.16500000000000004,191916.380957271,439.060128102017
Supp. Fig. 26a,83.5VW_16.5AB,0.835,0.16500000000000004,209713.437307635,440.620972224451
Supp. Fig. 26a,83.5VW_16.5AB,0.835,0.16500000000000004,228923.328107473,441.119632384255
Supp. Fig. 26a,83.5VW_16.5AB,0.835,0.16500000000000004,249561.106402617,443.260920821087
Supp. Fig. 26a,83.5VW_16.5AB,0.835,0.16500000000000004,2312.38784051014,197.614519244078
Supp. Fig. 26a,83.5VW_16.5AB,0.835,0.16500000000000004,4375.80710667981,225.00874080688
Supp. Fig. 26a,83.5VW_16.5AB,0.835,0.16500000000000004,6852.21753818176,240.046526960334
Supp. Fig. 26a,83.5VW_16.5AB,0.835,0.16500000000000004,9958.29340471454,266.972871244534
Supp. Fig. 26a,83.5VW_16.5AB,0.835,0.16500000000000004,13006.3609459176,280.362205277815
Supp. Fig. 26a,83.5VW_16.5AB,0.835,0.16500000000000004,16009.5822376793,285.426962884411
Supp. Fig. 26a,83.5VW_16.5AB,0.835,0.16500000000000004,18776.3763927411,289.302669284098
Supp. Fig. 26a,83.5VW_16.5AB,0.835,0.16500000000000004,21423.9821590777,293.93730509937
Supp. Fig. 26a,83.5VW_16.5AB,0.835,0.16500000000000004,24165.3809957293,297.620577453775
Supp. Fig. 26a,83.5VW_16.5AB,0.835,0.16500000000000004,26369.9960685701,298.575085514927
Supp. Fig. 26a,83.5VW_16.5AB,0.835,0.16500000000000004,28325.997277645,301.680195314989
Supp. Fig. 26a,83.5VW_16.5AB,0.835,0.16500000000000004,30375.4966660341,304.4059068589
Supp. Fig. 26a,83.5VW_16.5AB,0.835,0.16500000000000004,32546.5274704208,307.353998072487
Supp. Fig. 26a,83.5VW_16.5AB,0.835,0.16500000000000004,315.60130704266,110.405540287845
Supp. Fig. 26a,83.5VW_16.5AB,0.835,0.16500000000000004,602.710526242839,145.272134937823
Supp. Fig. 26a,83.5VW_16.5AB,0.835,0.16500000000000004,885.159239922882,158.887285876262
Supp. Fig. 26a,83.5VW_16.5AB,0.835,0.16500000000000004,1188.81036612636,167.856542751595
Supp. Fig. 26a,83.5VW_16.5AB,0.835,0.16500000000000004,1512.47232812439,162.326933266632
Supp. Fig. 26a,83.5VW_16.5AB,0.835,0.16500000000000004,1855.66815146531,176.536453419725
Supp. Fig. 26a,83.5VW_16.5AB,0.835,0.16500000000000004,2232.3151671379,170.254833157848
Supp. Fig. 26a,83.5VW_16.5AB,0.835,0.16500000000000004,2637.61609284786,174.166757077082
Supp. Fig. 26a,83.5VW_16.5AB,0.835,0.16500000000000004,3034.41700629073,175.33022296913
Supp. Fig. 26a,83.5VW_16.5AB,0.835,0.16500000000000004,3442.90437631895,176.583640125545
Supp. Fig. 26a,83.5VW_16.5AB,0.835,0.16500000000000004,3842.77883585473,179.422892235908
Supp. Fig. 26a,83.5VW_16.5AB,0.835,0.16500000000000004,4186.45677968263,182.163933535662
Supp. Fig. 26a,83.5VW_16.5AB,0.835,0.16500000000000004,4538.88991996889,185.16979933973
Supp. Fig. 26a,83.5VW_16.5AB,0.835,0.16500000000000004,86.510296469361,82.3061264189183
Supp. Fig. 26a,83.5VW_16.5AB,0.835,0.16500000000000004,143.153579541196,83.8998462686657
Supp. Fig. 26a,83.5VW_16.5AB,0.835,0.16500000000000004,193.811193410833,78.4786982762692
Supp. Fig. 26a,83.5VW_16.5AB,0.835,0.16500000000000004,243.635907996199,75.3199704603271
Supp. Fig. 26a,83.5VW_16.5AB,0.835,0.16500000000000004,285.840809271851,75.2324514623815
Supp. Fig. 26a,83.5VW_16.5AB,0.835,0.16500000000000004,330.290578990656,80.887673501776
Supp. Fig. 26a,83.5VW_16.5AB,0.835,0.16500000000000004,365.575890831058,78.3249011136795
Supp. Fig. 26a,83.5VW_16.5AB,0.835,0.16500000000000004,399.649436108742,79.4626337178238
Supp. Fig. 26a,83.5VW_16.5AB,0.835,0.16500000000000004,440.478538514083,82.8141910575439
Supp. Fig. 26a,83.5VW_16.5AB,0.835,0.16500000000000004,482.091931987064,82.6995093415045
Supp. Fig. 26a,83.5VW_16.5AB,0.835,0.16500000000000004,517.578148438239,85.1271329535182
Supp. Fig. 26a,83.5VW_16.5AB,0.835,0.16500000000000004,555.189558062573,85.9490982189389
Supp. Fig. 26a,83.5VW_16.5AB,0.835,0.16500000000000004,12.0190950966198,40.9142352844363
Supp. Fig. 26a,83.5VW_16.5AB,0.835,0.16500000000000004,20.090828901157,42.827443400826
Supp. Fig. 26a,83.5VW_16.5AB,0.835,0.16500000000000004,27.6434677871627,40.9381728137184
Supp. Fig. 26a,83.5VW_16.5AB,0.835,0.16500000000000004,35.050217106633,40.5331867357575
Supp. Fig. 26a,83.5VW_16.5AB,0.835,0.16500000000000004,41.7513787595677,41.5284805101653
Supp. Fig. 26a,83.5VW_16.5AB,0.835,0.16500000000000004,48.4192432713111,39.9693002621011
Supp. Fig. 26a,83.5VW_16.5AB,0.835,0.16500000000000004,54.7394752688547,37.153037859508
Supp. Fig. 26a,83.5VW_16.5AB,0.835,0.16500000000000004,60.828384204468,39.6395611831094
Supp. Fig. 26a,83.5VW_16.5AB,0.835,0.16500000000000004,66.8319372963226,44.7026268767488
Supp. Fig. 26a,83.5VW_16.5AB,0.835,0.16500000000000004,72.8185618688291,42.6318063148227
Supp. Fig. 26a,83.5VW_16.5AB,0.835,0.16500000000000004,77.8076800408894,42.8704447812472
Supp. Fig. 26a,83.5VW_16.5AB,0.835,0.16500000000000004,84.0721582696472,45.7978609230256
Supp. Fig. 26a,83.5VW_16.5AB,0.835,0.16500000000000004,1.8069529916103,26.7532702817114
Supp. Fig. 26a,83.5VW_16.5AB,0.835,0.16500000000000004,2.9711270059095,23.0923295368515
Supp. Fig. 26a,83.5VW_16.5AB,0.835,0.16500000000000004,4.05369812229214,24.3460126017635
Supp. Fig. 26a,83.5VW_16.5AB,0.835,0.16500000000000004,5.33026440666195,27.9389905985933
Supp. Fig. 26a,83.5VW_16.5AB,0.835,0.16500000000000004,6.34035354352503,30.4216388944174
Supp. Fig. 26a,83.5VW_16.5AB,0.835,0.16500000000000004,7.35467822837712,23.9482407281616
Supp. Fig. 26a,83.5VW_16.5AB,0.835,0.16500000000000004,8.13616261153876,21.7991393853956
Supp. Fig. 26a,83.5VW_16.5AB,0.835,0.16500000000000004,9.13089467465053,23.5706086450554
Supp. Fig. 26a,83.5VW_16.5AB,0.835,0.16500000000000004,10.1628978094291,29.9933165214787
Supp. Fig. 26a,83.5VW_16.5AB,0.835,0.16500000000000004,10.8379295747198,25.165327373501
Supp. Fig. 26a,83.5VW_16.5AB,0.835,0.16500000000000004,11.8677352255026,27.6928844116222
Supp. Fig. 26a,83.5VW_16.5AB,0.835,0.16500000000000004,12.8402093999267,27.8715430110244
Supp. Fig. 26a,83.5VW_16.5AB,0.835,0.16500000000000004,0.0695779422218565,13.7959789957583
Supp. Fig. 26a,83.5VW_16.5AB,0.835,0.16500000000000004,0.110263383764509,19.6146762268589
Supp. Fig. 26a,83.5VW_16.5AB,0.835,0.16500000000000004,0.142666883805075,20.1502497017095
Supp. Fig. 26a,83.5VW_16.5AB,0.835,0.16500000000000004,0.176966759196701,16.7666434953734
Supp. Fig. 26a,83.5VW_16.5AB,0.835,0.16500000000000004,0.209651695130654,20.222318660965
Supp. Fig. 26a,83.5VW_16.5AB,0.835,0.16500000000000004,0.230564723691618,18.8716197768927
Supp. Fig. 26a,83.5VW_16.5AB,0.835,0.16500000000000004,0.252229943490161,15.1504973905144
Supp. Fig. 26a,83.5VW_16.5AB,0.835,0.16500000000000004,0.240270002407401,15.7273621027914
Supp. Fig. 26a,83.5VW_16.5AB,0.835,0.16500000000000004,0.256833773307611,14.8641280272897
Supp. Fig. 26a,83.5VW_16.5AB,0.835,0.16500000000000004,0.27950946685157,16.3425497420987
Supp. Fig. 26a,83.5VW_16.5AB,0.835,0.16500000000000004,0.308460897863721,19.4323999428756
Supp. Fig. 26a,83.5VW_16.5AB,0.835,0.16500000000000004,0.338429945960583,19.2214495473986
Supp. Fig. 26a,83.5VW_16.5AB,0.835,0.16500000000000004,0.00332309431810936,15.6545172113993
Supp. Fig. 26a,83.5VW_16.5AB,0.835,0.16500000000000004,0.005115252317494,16.3149862433803
Supp. Fig. 26a,83.5VW_16.5AB,0.835,0.16500000000000004,0.00668930670472232,14.5554899790831
Supp. Fig. 26a,83.5VW_16.5AB,0.835,0.16500000000000004,0.00738559137376258,19.4811846257768
Supp. Fig. 26a,83.5VW_16.5AB,0.835,0.16500000000000004,0.00872959921653102,20.1935298783733
Supp. Fig. 26a,83.5VW_16.5AB,0.835,0.16500000000000004,0.0102635381585662,15.8230616596507
Supp. Fig. 26a,83.5VW_16.5AB,0.835,0.16500000000000004,0.011565727430151,14.4448563891798
Supp. Fig. 26a,83.5VW_16.5AB,0.835,0.16500000000000004,0.0127455892846361,14.9318165183177
Supp. Fig. 26a,83.5VW_16.5AB,0.835,0.16500000000000004,0.0143728912364439,14.1478260185455
Supp. Fig. 26a,83.5VW_16.5AB,0.835,0.16500000000000004,0.0159256754185255,18.9287180078741
Supp. Fig. 26a,83.5VW_16.5AB,0.835,0.16500000000000004,0.017399292662757,16.5107995772946
Supp. Fig. 26a,83.5VW_16.5AB,0.835,0.16500000000000004,0.0188742377784634,19.0555851147928
Supp. Fig. 26a,83.5VW_16.5AB,0.835,0.16500000000000004,0.000236283163431794,11.9659241124112
Supp. Fig. 26a,83.5VW_16.5AB,0.835,0.16500000000000004,0.00034618152784447,20.9809913096932
Supp. Fig. 26a,83.5VW_16.5AB,0.835,0.16500000000000004,0.000442405192982799,15.7651909757986
Supp. Fig. 26a,83.5VW_16.5AB,0.835,0.16500000000000004,0.000546594306333751,13.2353066646659
Supp. Fig. 26a,83.5VW_16.5AB,0.835,0.16500000000000004,0.000661270850564829,11.0187273849769
Supp. Fig. 26a,83.5VW_16.5AB,0.835,0.16500000000000004,0.000778344674851389,12.4939024060869
Supp. Fig. 26a,83.5VW_16.5AB,0.835,0.16500000000000004,0.000916056281770583,17.3975042197621
Supp. Fig. 26a,83.5VW_16.5AB,0.835,0.16500000000000004,0.00111700743451028,11.8094382158919
Supp. Fig. 26a,83.5VW_16.5AB,0.835,0.16500000000000004,0.00125537188010135,11.6161226824002
Supp. Fig. 26a,83.5VW_16.5AB,0.835,0.16500000000000004,0.00139615953980008,15.8372127587701
Supp. Fig. 26a,83.5VW_16.5AB,0.835,0.16500000000000004,0.00153648929951959,12.9925730086348
Supp. Fig. 26a,83.5VW_16.5AB,0.835,0.16500000000000004,0.00168515136733459,15.1210872696702
Supp. Fig. 27b,66.7VW_33.3AB,0.667,0.33299999999999996,6.47919887105683e+18,1752.7634100126
Supp. Fig. 27b,66.7VW_33.3AB,0.667,0.33299999999999996,1.35637821838696e+19,1777.85812980956
Supp. Fig. 27b,66.7VW_33.3AB,0.667,0.33299999999999996,2.01537932873316e+19,1791.02205433868
Supp. Fig. 27b,66.7VW_33.3AB,0.667,0.33299999999999996,2.69855881708046e+19,1800.26895940058
Supp. Fig. 27b,66.7VW_33.3AB,0.667,0.33299999999999996,3.36401403125125e+19,1805.81658882389
Supp. Fig. 27b,66.7VW_33.3AB,0.667,0.33299999999999996,4.05888325712092e+19,1810.42574316633
Supp. Fig. 27b,66.7VW_33.3AB,0.667,0.33299999999999996,4.70909321136058e+19,1815.29580497606
Supp. Fig. 27b,66.7VW_33.3AB,0.667,0.33299999999999996,5.35716069018085e+19,1819.283877839
Supp. Fig. 27b,66.7VW_33.3AB,0.667,0.33299999999999996,6.02898156942147e+19,1825.27709963297
Supp. Fig. 27b,66.7VW_33.3AB,0.667,0.33299999999999996,6.75665188917003e+19,1827.21268655087
Supp. Fig. 27b,66.7VW_33.3AB,0.667,0.33299999999999996,7.40959275039863e+19,1829.68222367507
Supp. Fig. 27b,66.7VW_33.3AB,0.667,0.33299999999999996,8.06193039892052e+19,1833.27552057315
Supp. Fig. 27b,66.7VW_33.3AB,0.667,0.33299999999999996,8.67061227821429e+19,1836.16143777332
Supp. Fig. 27b,66.7VW_33.3AB,0.667,0.33299999999999996,2.18972494273435e+18,1740.82452606846
Supp. Fig. 27b,66.7VW_33.3AB,0.667,0.33299999999999996,3.89596272612412e+18,1763.35423326527
Supp. Fig. 27b,66.7VW_33.3AB,0.667,0.33299999999999996,5.53475154182742e+18,1775.51998502417
Supp. Fig. 27b,66.7VW_33.3AB,0.667,0.33299999999999996,7.24745723680381e+18,1784.40532062343
Supp. Fig. 27b,66.7VW_33.3AB,0.667,0.33299999999999996,9.19144792504916e+18,1790.24574622736
Supp. Fig. 27b,66.7VW_33.3AB,0.667,0.33299999999999996,1.08561350638291e+19,1792.82435049522
Supp. Fig. 27b,66.7VW_33.3AB,0.667,0.33299999999999996,1.25203985558426e+19,1798.10158776742
Supp. Fig. 27b,66.7VW_33.3AB,0.667,0.33299999999999996,1.44505095978703e+19,1803.91799683188
Supp. Fig. 27b,66.7VW_33.3AB,0.667,0.33299999999999996,1.59674423817373e+19,1808.76843683753
Supp. Fig. 27b,66.7VW_33.3AB,0.667,0.33299999999999996,1.74495325548994e+19,1811.26926240578
Supp. Fig. 27b,66.7VW_33.3AB,0.667,0.33299999999999996,1.92746582564252e+19,1813.17016206681
Supp. Fig. 27b,66.7VW_33.3AB,0.667,0.33299999999999996,2.08601575154169e+19,1816.21393299947
Supp. Fig. 27b,66.7VW_33.3AB,0.667,0.33299999999999996,2.22149991288487e+19,1819.48621467922
Supp. Fig. 27b,66.7VW_33.3AB,0.667,0.33299999999999996,8.00779867338063e+16,1671.85828657262
Supp. Fig. 27b,66.7VW_33.3AB,0.667,0.33299999999999996,1.23075297176e+17,1691.21306540226
Supp. Fig. 27b,66.7VW_33.3AB,0.667,0.33299999999999996,1.6272392549033e+17,1704.07266755026
Supp. Fig. 27b,66.7VW_33.3AB,0.667,0.33299999999999996,2.10388462510295e+17,1713.2964065345
Supp. Fig. 27b,66.7VW_33.3AB,0.667,0.33299999999999996,2.48580702593241e+17,1719.91843708972
Supp. Fig. 27b,66.7VW_33.3AB,0.667,0.33299999999999996,2.90629335259154e+17,1723.06203433001
Supp. Fig. 27b,66.7VW_33.3AB,0.667,0.33299999999999996,3.30661004418116e+17,1727.23838093443
Supp. Fig. 27b,66.7VW_33.3AB,0.667,0.33299999999999996,3.78754185858927e+17,1733.25850115234
Supp. Fig. 27b,66.7VW_33.3AB,0.667,0.33299999999999996,4.23762220308127e+17,1737.30405829906
Supp. Fig. 27b,66.7VW_33.3AB,0.667,0.33299999999999996,4.64401958489369e+17,1740.87676115062
Supp. Fig. 27b,66.7VW_33.3AB,0.667,0.33299999999999996,5.020740788483e+17,1742.99505844068
Supp. Fig. 27b,66.7VW_33.3AB,0.667,0.33299999999999996,5.34845138452346e+17,1747.03211016366
Supp. Fig. 27b,66.7VW_33.3AB,0.667,0.33299999999999996,5.69330015165152e+17,1750.11991080266
Supp. Fig. 27b,66.7VW_33.3AB,0.667,0.33299999999999996,1011926117500880.0,1537.61523686633
Supp. Fig. 27b,66.7VW_33.3AB,0.667,0.33299999999999996,1869563473691150.0,1565.12343057789
Supp. Fig. 27b,66.7VW_33.3AB,0.667,0.33299999999999996,2746714544173450.0,1581.20387912689
Supp. Fig. 27b,66.7VW_33.3AB,0.667,0.33299999999999996,3589018847486760.0,1591.90528198757
Supp. Fig. 27b,66.7VW_33.3AB,0.667,0.33299999999999996,4444876879900000.0,1600.38272057901
Supp. Fig. 27b,66.7VW_33.3AB,0.667,0.33299999999999996,5275110219508060.0,1608.2339202653
Supp. Fig. 27b,66.7VW_33.3AB,0.667,0.33299999999999996,6094090695705800.0,1612.18879286453
Supp. Fig. 27b,66.7VW_33.3AB,0.667,0.33299999999999996,6923010743550180.0,1618.46458050144
Supp. Fig. 27b,66.7VW_33.3AB,0.667,0.33299999999999996,7760089166690830.0,1623.57624306565
Supp. Fig. 27b,66.7VW_33.3AB,0.667,0.33299999999999996,8559986910275700.0,1628.10231341064
Supp. Fig. 27b,66.7VW_33.3AB,0.667,0.33299999999999996,9401087897747350.0,1632.58179402105
Supp. Fig. 27b,66.7VW_33.3AB,0.667,0.33299999999999996,1.02099830634282e+16,1635.59665881402
Supp. Fig. 27b,66.7VW_33.3AB,0.667,0.33299999999999996,1.10234790051612e+16,1639.53678386765
Supp. Fig. 27b,66.7VW_33.3AB,0.667,0.33299999999999996,44971880270923.7,1404.61663043494
Supp. Fig. 27b,66.7VW_33.3AB,0.667,0.33299999999999996,93049753301642.0,1442.02728092847
Supp. Fig. 27b,66.7VW_33.3AB,0.667,0.33299999999999996,141302217555086.0,1463.00899750748
Supp. Fig. 27b,66.7VW_33.3AB,0.667,0.33299999999999996,187569149471114.0,1476.92719650249
Supp. Fig. 27b,66.7VW_33.3AB,0.667,0.33299999999999996,233726282141818.0,1489.27553277608
Supp. Fig. 27b,66.7VW_33.3AB,0.667,0.33299999999999996,281107930487104.0,1495.26257405276
Supp. Fig. 27b,66.7VW_33.3AB,0.667,0.33299999999999996,326572421498663.0,1500.92110477468
Supp. Fig. 27b,66.7VW_33.3AB,0.667,0.33299999999999996,370419764784795.0,1509.44383570272
Supp. Fig. 27b,66.7VW_33.3AB,0.667,0.33299999999999996,418280675692952.0,1516.17660027907
Supp. Fig. 27b,66.7VW_33.3AB,0.667,0.33299999999999996,465533162296181.0,1521.95914504512
Supp. Fig. 27b,66.7VW_33.3AB,0.667,0.33299999999999996,512662237552439.0,1525.28361742404
Supp. Fig. 27b,66.7VW_33.3AB,0.667,0.33299999999999996,560195111678408.0,1530.56692125237
Supp. Fig. 27b,66.7VW_33.3AB,0.667,0.33299999999999996,601217441586627.0,1534.54964405097
Supp. Fig. 27b,66.7VW_33.3AB,0.667,0.33299999999999996,2940808368420.5,1289.67432355916
Supp. Fig. 27b,66.7VW_33.3AB,0.667,0.33299999999999996,5575584049459.45,1329.88770419603
Supp. Fig. 27b,66.7VW_33.3AB,0.667,0.33299999999999996,8009144228532.13,1351.81274748228
Supp. Fig. 27b,66.7VW_33.3AB,0.667,0.33299999999999996,10463345654687.5,1366.81871568352
Supp. Fig. 27b,66.7VW_33.3AB,0.667,0.33299999999999996,12945083908642.0,1379.47209261488
Supp. Fig. 27b,66.7VW_33.3AB,0.667,0.33299999999999996,15338218730675.3,1388.61051599337
Supp. Fig. 27b,66.7VW_33.3AB,0.667,0.33299999999999996,17740019474307.6,1392.54455903845
Supp. Fig. 27b,66.7VW_33.3AB,0.667,0.33299999999999996,20038023668782.4,1401.27987134461
Supp. Fig. 27b,66.7VW_33.3AB,0.667,0.33299999999999996,22563382633867.2,1409.12921537022
Supp. Fig. 27b,66.7VW_33.3AB,0.667,0.33299999999999996,25040598382309.2,1415.15232038856
Supp. Fig. 27b,66.7VW_33.3AB,0.667,0.33299999999999996,27454037364406.7,1419.14776898124
Supp. Fig. 27b,66.7VW_33.3AB,0.667,0.33299999999999996,29931655291238.5,1424.27012179696
Supp. Fig. 27b,66.7VW_33.3AB,0.667,0.33299999999999996,32436244000291.6,1429.24871454072
Supp. Fig. 27b,66.7VW_33.3AB,0.667,0.33299999999999996,173376141257.553,1156.09388915379
Supp. Fig. 27b,66.7VW_33.3AB,0.667,0.33299999999999996,330132679626.98,1199.00745892294
Supp. Fig. 27b,66.7VW_33.3AB,0.667,0.33299999999999996,470089327952.725,1222.67258811968
Supp. Fig. 27b,66.7VW_33.3AB,0.667,0.33299999999999996,607153395579.659,1239.43399541527
Supp. Fig. 27b,66.7VW_33.3AB,0.667,0.33299999999999996,743469718127.481,1252.537480447
Supp. Fig. 27b,66.7VW_33.3AB,0.667,0.33299999999999996,887549078126.66,1261.40050923568
Supp. Fig. 27b,66.7VW_33.3AB,0.667,0.33299999999999996,1029644641719.09,1270.47370996245
Supp. Fig. 27b,66.7VW_33.3AB,0.667,0.33299999999999996,1177043702233.86,1277.08394825946
Supp. Fig. 27b,66.7VW_33.3AB,0.667,0.33299999999999996,1312593580592.36,1284.01489839088
Supp. Fig. 27b,66.7VW_33.3AB,0.667,0.33299999999999996,1443460862854.22,1290.75109631319
Supp. Fig. 27b,66.7VW_33.3AB,0.667,0.33299999999999996,1582282601897.47,1296.23815246793
Supp. Fig. 27b,66.7VW_33.3AB,0.667,0.33299999999999996,1721323750633.48,1301.4604580723
Supp. Fig. 27b,66.7VW_33.3AB,0.667,0.33299999999999996,1853872430904.02,1306.33443268647
Supp. Fig. 27b,66.7VW_33.3AB,0.667,0.33299999999999996,11079729745.0358,1012.00029876255
Supp. Fig. 27b,66.7VW_33.3AB,0.667,0.33299999999999996,21863109390.0219,1058.43887216899
Supp. Fig. 27b,66.7VW_33.3AB,0.667,0.33299999999999996,31494208871.0171,1083.657819322
Supp. Fig. 27b,66.7VW_33.3AB,0.667,0.33299999999999996,40589400863.2241,1101.5983518339
Supp. Fig. 27b,66.7VW_33.3AB,0.667,0.33299999999999996,49815186608.0534,1115.69455581722
Supp. Fig. 27b,66.7VW_33.3AB,0.667,0.33299999999999996,58863000411.7574,1125.08249787171
Supp. Fig. 27b,66.7VW_33.3AB,0.667,0.33299999999999996,68005545850.2594,1136.26981707787
Supp. Fig. 27b,66.7VW_33.3AB,0.667,0.33299999999999996,76882634544.9083,1142.24083217277
Supp. Fig. 27b,66.7VW_33.3AB,0.667,0.33299999999999996,86225828180.4538,1151.82478265568
Supp. Fig. 27b,66.7VW_33.3AB,0.667,0.33299999999999996,94729650257.705,1156.78534751487
Supp. Fig. 27b,66.7VW_33.3AB,0.667,0.33299999999999996,103586125932.07,1162.606848686
Supp. Fig. 27b,66.7VW_33.3AB,0.667,0.33299999999999996,112874066555.329,1168.64909178519
Supp. Fig. 27b,66.7VW_33.3AB,0.667,0.33299999999999996,121691530283.938,1173.8036876968
Supp. Fig. 27b,66.7VW_33.3AB,0.667,0.33299999999999996,739134183.000882,868.413133941845
Supp. Fig. 27b,66.7VW_33.3AB,0.667,0.33299999999999996,1557632935.3317,916.670671845261
Supp. Fig. 27b,66.7VW_33.3AB,0.667,0.33299999999999996,2304862854.16906,942.289672321865
Supp. Fig. 27b,66.7VW_33.3AB,0.667,0.33299999999999996,2996221366.50043,962.23506681253
Supp. Fig. 27b,66.7VW_33.3AB,0.667,0.33299999999999996,3711084690.47258,976.869387998979
Supp. Fig. 27b,66.7VW_33.3AB,0.667,0.33299999999999996,4382832047.64014,988.495018264009
Supp. Fig. 27b,66.7VW_33.3AB,0.667,0.33299999999999996,5078144815.25007,997.854672400096
Supp. Fig. 27b,66.7VW_33.3AB,0.667,0.33299999999999996,5758507945.68793,1003.80721507314
Supp. Fig. 27b,66.7VW_33.3AB,0.667,0.33299999999999996,6456410500.04721,1013.40198239373
Supp. Fig. 27b,66.7VW_33.3AB,0.667,0.33299999999999996,7169186666.09241,1020.00754612874
Supp. Fig. 27b,66.7VW_33.3AB,0.667,0.33299999999999996,7831021712.1384,1026.50474534482
Supp. Fig. 27b,66.7VW_33.3AB,0.667,0.33299999999999996,8481765464.09283,1032.29681774418
Supp. Fig. 27b,66.7VW_33.3AB,0.667,0.33299999999999996,9142520543.75284,1038.0799933889
Supp. Fig. 27b,66.7VW_33.3AB,0.667,0.33299999999999996,54188989.3520271,724.233156006872
Supp. Fig. 27b,66.7VW_33.3AB,0.667,0.33299999999999996,120707584.145727,770.621764907316
Supp. Fig. 27b,66.7VW_33.3AB,0.667,0.33299999999999996,181067513.675914,798.245493787246
Supp. Fig. 27b,66.7VW_33.3AB,0.667,0.33299999999999996,239340319.686588,817.982219271273
Supp. Fig. 27b,66.7VW_33.3AB,0.667,0.33299999999999996,294677149.83628,833.029655967967
Supp. Fig. 27b,66.7VW_33.3AB,0.667,0.33299999999999996,349851142.477674,845.031560826638
Supp. Fig. 27b,66.7VW_33.3AB,0.667,0.33299999999999996,403712868.035083,855.958477450764
Supp. Fig. 27b,66.7VW_33.3AB,0.667,0.33299999999999996,459426889.358675,861.43667971055
Supp. Fig. 27b,66.7VW_33.3AB,0.667,0.33299999999999996,513379431.141399,871.842032201784
Supp. Fig. 27b,66.7VW_33.3AB,0.667,0.33299999999999996,565619408.562713,877.803420217983
Supp. Fig. 27b,66.7VW_33.3AB,0.667,0.33299999999999996,617400827.291998,883.159866282046
Supp. Fig. 27b,66.7VW_33.3AB,0.667,0.33299999999999996,666159281.447965,889.138795221836
Supp. Fig. 27b,66.7VW_33.3AB,0.667,0.33299999999999996,721895806.293862,894.57785899596
Supp. Fig. 27b,66.7VW_33.3AB,0.667,0.33299999999999996,4298563.45135824,561.91170348101
Supp. Fig. 27b,66.7VW_33.3AB,0.667,0.33299999999999996,9584961.16343,605.870631461635
Supp. Fig. 27b,66.7VW_33.3AB,0.667,0.33299999999999996,15059141.060106,633.16084437554
Supp. Fig. 27b,66.7VW_33.3AB,0.667,0.33299999999999996,20386803.5648833,652.231541914926
Supp. Fig. 27b,66.7VW_33.3AB,0.667,0.33299999999999996,25497055.8261525,667.400736690617
Supp. Fig. 27b,66.7VW_33.3AB,0.667,0.33299999999999996,30553817.4801477,678.784848755574
Supp. Fig. 27b,66.7VW_33.3AB,0.667,0.33299999999999996,35391823.7598153,690.283109759768
Supp. Fig. 27b,66.7VW_33.3AB,0.667,0.33299999999999996,40269584.6247789,695.341133287892
Supp. Fig. 27b,66.7VW_33.3AB,0.667,0.33299999999999996,45400924.8762954,704.076900959633
Supp. Fig. 27b,66.7VW_33.3AB,0.667,0.33299999999999996,50251614.8747144,710.986546443462
Supp. Fig. 27b,66.7VW_33.3AB,0.667,0.33299999999999996,54971213.6014492,716.267106553718
Supp. Fig. 27b,66.7VW_33.3AB,0.667,0.33299999999999996,59589493.0611538,722.779229350285
Supp. Fig. 27b,66.7VW_33.3AB,0.667,0.33299999999999996,64251649.5160309,729.237062898986
Supp. Fig. 27b,66.7VW_33.3AB,0.667,0.33299999999999996,381086.888105611,385.198852196792
Supp. Fig. 27b,66.7VW_33.3AB,0.667,0.33299999999999996,819934.242213329,421.603344548741
Supp. Fig. 27b,66.7VW_33.3AB,0.667,0.33299999999999996,1295055.14365735,443.673429370653
Supp. Fig. 27b,66.7VW_33.3AB,0.667,0.33299999999999996,1773445.47381612,458.510243094949
Supp. Fig. 27b,66.7VW_33.3AB,0.667,0.33299999999999996,2257490.23191342,471.088511433977
Supp. Fig. 27b,66.7VW_33.3AB,0.667,0.33299999999999996,2749818.81024126,479.596503967277
Supp. Fig. 27b,66.7VW_33.3AB,0.667,0.33299999999999996,3242140.67366093,489.823509310023
Supp. Fig. 27b,66.7VW_33.3AB,0.667,0.33299999999999996,3708088.29456912,493.408582467681
Supp. Fig. 27b,66.7VW_33.3AB,0.667,0.33299999999999996,4176454.6726741,501.302311034743
Supp. Fig. 27b,66.7VW_33.3AB,0.667,0.33299999999999996,4631038.97304076,506.595272343223
Supp. Fig. 27b,66.7VW_33.3AB,0.667,0.33299999999999996,5127162.65730741,511.63438152128
Supp. Fig. 27b,66.7VW_33.3AB,0.667,0.33299999999999996,5602157.36092443,517.27983170909
Supp. Fig. 27b,66.7VW_33.3AB,0.667,0.33299999999999996,6072668.19613886,523.011507161347
Supp. Fig. 27b,66.7VW_33.3AB,0.667,0.33299999999999996,37120.953089537,231.746296956097
Supp. Fig. 27b,66.7VW_33.3AB,0.667,0.33299999999999996,76169.621504875,257.544586917171
Supp. Fig. 27b,66.7VW_33.3AB,0.667,0.33299999999999996,117898.448422559,273.914917612116
Supp. Fig. 27b,66.7VW_33.3AB,0.667,0.33299999999999996,159523.721567485,285.352102942324
Supp. Fig. 27b,66.7VW_33.3AB,0.667,0.33299999999999996,203050.011892009,294.346261675321
Supp. Fig. 27b,66.7VW_33.3AB,0.667,0.33299999999999996,244958.092578171,300.797042093464
Supp. Fig. 27b,66.7VW_33.3AB,0.667,0.33299999999999996,287534.239542133,308.827122267741
Supp. Fig. 27b,66.7VW_33.3AB,0.667,0.33299999999999996,331899.292217599,313.810907039309
Supp. Fig. 27b,66.7VW_33.3AB,0.667,0.33299999999999996,377442.020707659,320.196401745606
Supp. Fig. 27b,66.7VW_33.3AB,0.667,0.33299999999999996,421378.410285812,323.06822809507
Supp. Fig. 27b,66.7VW_33.3AB,0.667,0.33299999999999996,466324.61997098,327.123796776954
Supp. Fig. 27b,66.7VW_33.3AB,0.667,0.33299999999999996,511396.050032972,331.184328052704
Supp. Fig. 27b,66.7VW_33.3AB,0.667,0.33299999999999996,558979.875138389,335.70411873492
Supp. Fig. 27b,66.7VW_33.3AB,0.667,0.33299999999999996,3906.45140842462,130.602012383045
Supp. Fig. 27b,66.7VW_33.3AB,0.667,0.33299999999999996,7819.1814876356,148.103391573268
Supp. Fig. 27b,66.7VW_33.3AB,0.667,0.33299999999999996,11832.0209877139,159.709382873259
Supp. Fig. 27b,66.7VW_33.3AB,0.667,0.33299999999999996,15990.8060338788,167.925181946064
Supp. Fig. 27b,66.7VW_33.3AB,0.667,0.33299999999999996,20441.034013037,174.795609877097
Supp. Fig. 27b,66.7VW_33.3AB,0.667,0.33299999999999996,24816.4408873122,180.595356794464
Supp. Fig. 27b,66.7VW_33.3AB,0.667,0.33299999999999996,29279.0504259222,186.154234827316
Supp. Fig. 27b,66.7VW_33.3AB,0.667,0.33299999999999996,33795.6920756846,190.733197543877
Supp. Fig. 27b,66.7VW_33.3AB,0.667,0.33299999999999996,38484.0164426548,195.422947498411
Supp. Fig. 27b,66.7VW_33.3AB,0.667,0.33299999999999996,43029.6252287506,197.980252434904
Supp. Fig. 27b,66.7VW_33.3AB,0.667,0.33299999999999996,47915.9506091266,199.286782385361
Supp. Fig. 27b,66.7VW_33.3AB,0.667,0.33299999999999996,52849.8280470189,203.023812822596
Supp. Fig. 27b,66.7VW_33.3AB,0.667,0.33299999999999996,57545.1098072699,206.245285366529
Supp. Fig. 27b,66.7VW_33.3AB,0.667,0.33299999999999996,467.888806319306,87.6398265832089
Supp. Fig. 27b,66.7VW_33.3AB,0.667,0.33299999999999996,889.139642881843,101.087318815714
Supp. Fig. 27b,66.7VW_33.3AB,0.667,0.33299999999999996,1312.48580847672,109.58611113398
Supp. Fig. 27b,66.7VW_33.3AB,0.667,0.33299999999999996,1746.73327315965,116.203722363884
Supp. Fig. 27b,66.7VW_33.3AB,0.667,0.33299999999999996,2192.95136352503,120.528237246949
Supp. Fig. 27b,66.7VW_33.3AB,0.667,0.33299999999999996,2636.47094491597,123.747813089757
Supp. Fig. 27b,66.7VW_33.3AB,0.667,0.33299999999999996,3097.08183929276,129.273406822958
Supp. Fig. 27b,66.7VW_33.3AB,0.667,0.33299999999999996,3581.60924366585,130.353919338265
Supp. Fig. 27b,66.7VW_33.3AB,0.667,0.33299999999999996,4065.44082914794,136.019292809873
Supp. Fig. 27b,66.7VW_33.3AB,0.667,0.33299999999999996,4566.45460563182,137.733887859453
Supp. Fig. 27b,66.7VW_33.3AB,0.667,0.33299999999999996,5075.70615832218,138.994414384209
Supp. Fig. 27b,66.7VW_33.3AB,0.667,0.33299999999999996,5576.00694599628,142.323127577186
Supp. Fig. 27b,66.7VW_33.3AB,0.667,0.33299999999999996,6092.29862750215,144.941776603683
Supp. Fig. 27b,66.7VW_33.3AB,0.667,0.33299999999999996,58.1022759612753,49.1573981870799
Supp. Fig. 27b,66.7VW_33.3AB,0.667,0.33299999999999996,112.499424777423,56.5622739837665
Supp. Fig. 27b,66.7VW_33.3AB,0.667,0.33299999999999996,163.794170285499,63.220434581965
Supp. Fig. 27b,66.7VW_33.3AB,0.667,0.33299999999999996,216.480085203017,66.6769865907022
Supp. Fig. 27b,66.7VW_33.3AB,0.667,0.33299999999999996,269.946616902454,68.7801581901152
Supp. Fig. 27b,66.7VW_33.3AB,0.667,0.33299999999999996,324.391909291187,72.45728750722
Supp. Fig. 27b,66.7VW_33.3AB,0.667,0.33299999999999996,378.108022186198,74.2932375916307
Supp. Fig. 27b,66.7VW_33.3AB,0.667,0.33299999999999996,430.539484112345,76.8798614503214
Supp. Fig. 27b,66.7VW_33.3AB,0.667,0.33299999999999996,487.003163517202,78.4471838420813
Supp. Fig. 27b,66.7VW_33.3AB,0.667,0.33299999999999996,541.311589405199,81.6346722444975
Supp. Fig. 27b,66.7VW_33.3AB,0.667,0.33299999999999996,597.869429928146,81.3851958359963
Supp. Fig. 27b,66.7VW_33.3AB,0.667,0.33299999999999996,652.208412914456,83.5872493708547
Supp. Fig. 27b,66.7VW_33.3AB,0.667,0.33299999999999996,706.932673716985,84.744860694657
Supp. Fig. 27b,66.7VW_33.3AB,0.667,0.33299999999999996,7.50443887437216,42.0517107822415
Supp. Fig. 27b,66.7VW_33.3AB,0.667,0.33299999999999996,14.176917307691,49.9140736837896
Supp. Fig. 27b,66.7VW_33.3AB,0.667,0.33299999999999996,20.7437832675793,55.5087558569157
Supp. Fig. 27b,66.7VW_33.3AB,0.667,0.33299999999999996,27.2341366880531,59.2026217062493
Supp. Fig. 27b,66.7VW_33.3AB,0.667,0.33299999999999996,33.9007462230314,62.4239814783926
Supp. Fig. 27b,66.7VW_33.3AB,0.667,0.33299999999999996,40.7131970622134,64.0037314762317
Supp. Fig. 27b,66.7VW_33.3AB,0.667,0.33299999999999996,47.6519272590623,67.5963351764666
Supp. Fig. 27b,66.7VW_33.3AB,0.667,0.33299999999999996,54.7348300596698,68.5559805182849
Supp. Fig. 27b,66.7VW_33.3AB,0.667,0.33299999999999996,61.5297056713769,71.2688224522195
Supp. Fig. 27b,66.7VW_33.3AB,0.667,0.33299999999999996,68.8614902402387,73.3564724246243
Supp. Fig. 27b,66.7VW_33.3AB,0.667,0.33299999999999996,76.263151316072,74.3932566731505
Supp. Fig. 27b,66.7VW_33.3AB,0.667,0.33299999999999996,83.5435331009929,77.1268947958662
Supp. Fig. 27b,66.7VW_33.3AB,0.667,0.33299999999999996,91.0448122528416,79.1996572249585
Supp. Fig. 27b,66.7VW_33.3AB,0.667,0.33299999999999996,0.99578516675046,26.0194587469074
Supp. Fig. 27b,66.7VW_33.3AB,0.667,0.33299999999999996,1.86052327417706,29.5207997645719
Supp. Fig. 27b,66.7VW_33.3AB,0.667,0.33299999999999996,2.69839789636088,33.4832767959298
Supp. Fig. 27b,66.7VW_33.3AB,0.667,0.33299999999999996,3.4977931901221,36.5798495061564
Supp. Fig. 27b,66.7VW_33.3AB,0.667,0.33299999999999996,4.31299518439502,38.3483647352873
Supp. Fig. 27b,66.7VW_33.3AB,0.667,0.33299999999999996,5.13579180746453,40.7653296843793
Supp. Fig. 27b,66.7VW_33.3AB,0.667,0.33299999999999996,5.95844801133559,43.1734305347024
Supp. Fig. 27b,66.7VW_33.3AB,0.667,0.33299999999999996,6.74105286002791,43.7326851831597
Supp. Fig. 27b,66.7VW_33.3AB,0.667,0.33299999999999996,7.53393018747035,45.1705831750284
Supp. Fig. 27b,66.7VW_33.3AB,0.667,0.33299999999999996,8.3425384817288,46.4770631373049
Supp. Fig. 27b,66.7VW_33.3AB,0.667,0.33299999999999996,9.18886910068604,45.699702631557
Supp. Fig. 27b,66.7VW_33.3AB,0.667,0.33299999999999996,10.0313098601792,48.3419000467995
Supp. Fig. 27b,66.7VW_33.3AB,0.667,0.33299999999999996,10.7925727960058,49.5573090629581
Supp. Fig. 27b,66.7VW_33.3AB,0.667,0.33299999999999996,0.0295318283469785,18.187387089846
Supp. Fig. 27b,66.7VW_33.3AB,0.667,0.33299999999999996,0.055812503907109,19.3244363852367
Supp. Fig. 27b,66.7VW_33.3AB,0.667,0.33299999999999996,0.081433155064049,21.5191503108653
Supp. Fig. 27b,66.7VW_33.3AB,0.667,0.33299999999999996,0.10512595660427,23.4293037307915
Supp. Fig. 27b,66.7VW_33.3AB,0.667,0.33299999999999996,0.12816891224317,25.4199610679258
Supp. Fig. 27b,66.7VW_33.3AB,0.667,0.33299999999999996,0.147241943970683,26.3301902114808
Supp. Fig. 27b,66.7VW_33.3AB,0.667,0.33299999999999996,0.169074603318449,27.7755339756352
Supp. Fig. 27b,66.7VW_33.3AB,0.667,0.33299999999999996,0.190019699046811,27.9907353207349
Supp. Fig. 27b,66.7VW_33.3AB,0.667,0.33299999999999996,0.211993292559777,29.1115560252838
Supp. Fig. 27b,66.7VW_33.3AB,0.667,0.33299999999999996,0.235322444757724,30.1197868183714
Supp. Fig. 27b,66.7VW_33.3AB,0.667,0.33299999999999996,0.258295017732509,29.022834777089
Supp. Fig. 27b,66.7VW_33.3AB,0.667,0.33299999999999996,0.282218312181938,31.1010403175375
Supp. Fig. 27b,66.7VW_33.3AB,0.667,0.33299999999999996,0.306365717057461,32.0050862010422
Supp. Fig. 27b,66.7VW_33.3AB,0.667,0.33299999999999996,0.00153585720428783,13.9421485975928
Supp. Fig. 27b,66.7VW_33.3AB,0.667,0.33299999999999996,0.00287158261705568,14.3432179425819
Supp. Fig. 27b,66.7VW_33.3AB,0.667,0.33299999999999996,0.00419519091596137,15.2069887243412
Supp. Fig. 27b,66.7VW_33.3AB,0.667,0.33299999999999996,0.00550073807272167,16.3279103404082
Supp. Fig. 27b,66.7VW_33.3AB,0.667,0.33299999999999996,0.00672051792262609,17.7453767105385
Supp. Fig. 27b,66.7VW_33.3AB,0.667,0.33299999999999996,0.00786190691386065,18.0081752231673
Supp. Fig. 27b,66.7VW_33.3AB,0.667,0.33299999999999996,0.00895731523601766,18.8267322491578
Supp. Fig. 27b,66.7VW_33.3AB,0.667,0.33299999999999996,0.0101283927795727,18.9747263258698
Supp. Fig. 27b,66.7VW_33.3AB,0.667,0.33299999999999996,0.0113687747610486,19.3485057592059
Supp. Fig. 27b,66.7VW_33.3AB,0.667,0.33299999999999996,0.0126191228008069,20.0450781906445
Supp. Fig. 27b,66.7VW_33.3AB,0.667,0.33299999999999996,0.013865024647698,19.3720502759804
Supp. Fig. 27b,66.7VW_33.3AB,0.667,0.33299999999999996,0.0151019325587348,20.8064259770359
Supp. Fig. 27b,66.7VW_33.3AB,0.667,0.33299999999999996,0.0164286536194503,21.5469719371644
Supp. Fig. 26b,50VW_50AB,0.5,0.5,2.17280919054243e+20,1642.474576
Supp. Fig. 26b,50VW_50AB,0.5,0.5,4.1244658100451e+20,1673.632417
Supp. Fig. 26b,50VW_50AB,0.5,0.5,5.76269433056643e+20,1687.302168
Supp. Fig. 26b,50VW_50AB,0.5,0.5,7.65178046700374e+20,1696.387619
Supp. Fig. 26b,50VW_50AB,0.5,0.5,9.53647610932249e+20,1704.485973
Supp. Fig. 26b,50VW_50AB,0.5,0.5,1.16523068091936e+21,1707.18513
Supp. Fig. 26b,50VW_50AB,0.5,0.5,1.26698870813764e+21,1712.295914
Supp. Fig. 26b,50VW_50AB,0.5,0.5,1.45839811089435e+21,1718.768887
Supp. Fig. 26b,50VW_50AB,0.5,0.5,1.74378173143508e+21,1722.795811
Supp. Fig. 26b,50VW_50AB,0.5,0.5,1.93007640867032e+21,1726.307283
Supp. Fig. 26b,50VW_50AB,0.5,0.5,1.99728833434301e+21,1728.961482
Supp. Fig. 26b,50VW_50AB,0.5,0.5,2.13614279519214e+21,1733.006534
Supp. Fig. 26b,50VW_50AB,0.5,0.5,2.4085329451586e+21,1737.612611
Supp. Fig. 26b,50VW_50AB,0.5,0.5,7.82487269807759e+16,1491.317341
Supp. Fig. 26b,50VW_50AB,0.5,0.5,1.25338414525067e+17,1515.835768
Supp. Fig. 26b,50VW_50AB,0.5,0.5,1.75226555759554e+17,1528.185248
Supp. Fig. 26b,50VW_50AB,0.5,0.5,2.16779245197783e+17,1539.451533
Supp. Fig. 26b,50VW_50AB,0.5,0.5,2.7066278981555e+17,1548.471156
Supp. Fig. 26b,50VW_50AB,0.5,0.5,3.13429510989515e+17,1552.196983
Supp. Fig. 26b,50VW_50AB,0.5,0.5,3.65297712659402e+17,1558.333558
Supp. Fig. 26b,50VW_50AB,0.5,0.5,4.17782171320927e+17,1564.557093
Supp. Fig. 26b,50VW_50AB,0.5,0.5,4.51943088548218e+17,1569.37458
Supp. Fig. 26b,50VW_50AB,0.5,0.5,5.04159085885291e+17,1573.174342
Supp. Fig. 26b,50VW_50AB,0.5,0.5,5.59347397851276e+17,1576.298676
Supp. Fig. 26b,50VW_50AB,0.5,0.5,5.96179282504542e+17,1580.23057
Supp. Fig. 26b,50VW_50AB,0.5,0.5,6.25178143586129e+17,1584.765111
Supp. Fig. 26b,50VW_50AB,0.5,0.5,77040997886992.3,1256.708382
Supp. Fig. 26b,50VW_50AB,0.5,0.5,139098127028578.0,1292.844427
Supp. Fig. 26b,50VW_50AB,0.5,0.5,198187401035737.0,1310.069257
Supp. Fig. 26b,50VW_50AB,0.5,0.5,260821623233948.0,1326.200575
Supp. Fig. 26b,50VW_50AB,0.5,0.5,314683063269611.0,1337.168301
Supp. Fig. 26b,50VW_50AB,0.5,0.5,367040670926221.0,1345.415524
Supp. Fig. 26b,50VW_50AB,0.5,0.5,426553768605964.0,1350.384145
Supp. Fig. 26b,50VW_50AB,0.5,0.5,490198567903652.0,1359.240736
Supp. Fig. 26b,50VW_50AB,0.5,0.5,553175329749045.0,1364.829043
Supp. Fig. 26b,50VW_50AB,0.5,0.5,610425603616542.0,1371.313187
Supp. Fig. 26b,50VW_50AB,0.5,0.5,663999762410852.0,1374.825128
Supp. Fig. 26b,50VW_50AB,0.5,0.5,716858682883535.0,1380.652853
Supp. Fig. 26b,50VW_50AB,0.5,0.5,766034929189855.0,1386.093977
Supp. Fig. 26b,50VW_50AB,0.5,0.5,151556417218.672,958.9241453
Supp. Fig. 26b,50VW_50AB,0.5,0.5,313005765961.893,1009.874498
Supp. Fig. 26b,50VW_50AB,0.5,0.5,454854049778.449,1037.536598
Supp. Fig. 26b,50VW_50AB,0.5,0.5,592402978084.81,1056.669515
Supp. Fig. 26b,50VW_50AB,0.5,0.5,717232228452.073,1071.338606
Supp. Fig. 26b,50VW_50AB,0.5,0.5,849125700015.628,1080.101191
Supp. Fig. 26b,50VW_50AB,0.5,0.5,974110731276.749,1093.644455
Supp. Fig. 26b,50VW_50AB,0.5,0.5,1108822166173.62,1099.326555
Supp. Fig. 26b,50VW_50AB,0.5,0.5,1237285303507.51,1108.617012
Supp. Fig. 26b,50VW_50AB,0.5,0.5,1368456510097.38,1114.860345
Supp. Fig. 26b,50VW_50AB,0.5,0.5,1485825751156.34,1120.428107
Supp. Fig. 26b,50VW_50AB,0.5,0.5,1620537246431.04,1126.608028
Supp. Fig. 26b,50VW_50AB,0.5,0.5,1747115081782.72,1132.157336
Supp. Fig. 26b,50VW_50AB,0.5,0.5,416055075.118568,659.4884916
Supp. Fig. 26b,50VW_50AB,0.5,0.5,905559992.952878,711.6478268
Supp. Fig. 26b,50VW_50AB,0.5,0.5,1375837147.80241,741.2433379
Supp. Fig. 26b,50VW_50AB,0.5,0.5,1824333420.48535,761.594929
Supp. Fig. 26b,50VW_50AB,0.5,0.5,2251828346.00678,778.7399082
Supp. Fig. 26b,50VW_50AB,0.5,0.5,2681924647.05863,790.8390188
Supp. Fig. 26b,50VW_50AB,0.5,0.5,3080099191.96097,803.5315699
Supp. Fig. 26b,50VW_50AB,0.5,0.5,3499807136.96498,807.9030775
Supp. Fig. 26b,50VW_50AB,0.5,0.5,3922731957.26817,817.2304007
Supp. Fig. 26b,50VW_50AB,0.5,0.5,4353660314.19585,825.7758055
Supp. Fig. 26b,50VW_50AB,0.5,0.5,4757656866.03869,832.2638889
Supp. Fig. 26b,50VW_50AB,0.5,0.5,5179696594.35302,839.5890371
Supp. Fig. 26b,50VW_50AB,0.5,0.5,5577071283.64027,845.5639464
Supp. Fig. 26b,50VW_50AB,0.5,0.5,1663460.65235748,402.5625537
Supp. Fig. 26b,50VW_50AB,0.5,0.5,3629250.24558469,443.8470199
Supp. Fig. 26b,50VW_50AB,0.5,0.5,5673899.50835225,470.1087099
Supp. Fig. 26b,50VW_50AB,0.5,0.5,7752770.76889877,489.2176387
Supp. Fig. 26b,50VW_50AB,0.5,0.5,9783395.63721999,505.2323277
Supp. Fig. 26b,50VW_50AB,0.5,0.5,11897777.378261,515.9640253
Supp. Fig. 26b,50VW_50AB,0.5,0.5,13915998.4922183,528.8148632
Supp. Fig. 26b,50VW_50AB,0.5,0.5,15886465.7577362,534.1978221
Supp. Fig. 26b,50VW_50AB,0.5,0.5,17913233.0343649,543.0392545
Supp. Fig. 26b,50VW_50AB,0.5,0.5,19918424.8060976,548.9977411
Supp. Fig. 26b,50VW_50AB,0.5,0.5,21875945.4296111,556.0035046
Supp. Fig. 26b,50VW_50AB,0.5,0.5,23892960.2547375,563.1878503
Supp. Fig. 26b,50VW_50AB,0.5,0.5,25778893.3903788,569.5084042
Supp. Fig. 26b,50VW_50AB,0.5,0.5,10114.4981945386,218.5734488
Supp. Fig. 26b,50VW_50AB,0.5,0.5,20460.0670229434,244.4360203
Supp. Fig. 26b,50VW_50AB,0.5,0.5,31419.665967347,261.1953637
Supp. Fig. 26b,50VW_50AB,0.5,0.5,42612.1587860348,274.4683946
Supp. Fig. 26b,50VW_50AB,0.5,0.5,54371.9554614088,285.7397927
Supp. Fig. 26b,50VW_50AB,0.5,0.5,66326.1955556808,293.4164593
Supp. Fig. 26b,50VW_50AB,0.5,0.5,78125.3975615589,301.2909342
Supp. Fig. 26b,50VW_50AB,0.5,0.5,90852.8301886351,308.2080431
Supp. Fig. 26b,50VW_50AB,0.5,0.5,103404.712115506,312.2466581
Supp. Fig. 26b,50VW_50AB,0.5,0.5,115355.816893327,319.9292619
Supp. Fig. 26b,50VW_50AB,0.5,0.5,126974.346090376,323.392683
Supp. Fig. 26b,50VW_50AB,0.5,0.5,139608.566139851,328.9152368
Supp. Fig. 26b,50VW_50AB,0.5,0.5,152571.191497156,333.7142019
Supp. Fig. 26b,50VW_50AB,0.5,0.5,884.588722553253,140.9178102
Supp. Fig. 26b,50VW_50AB,0.5,0.5,1720.26094589748,160.1256454
Supp. Fig. 26b,50VW_50AB,0.5,0.5,2579.39529687716,171.669931
Supp. Fig. 26b,50VW_50AB,0.5,0.5,3442.66014401757,182.4208912
Supp. Fig. 26b,50VW_50AB,0.5,0.5,4362.62193145077,189.5765964
Supp. Fig. 26b,50VW_50AB,0.5,0.5,5284.50103810021,196.575277
Supp. Fig. 26b,50VW_50AB,0.5,0.5,6244.92097495966,203.5024639
Supp. Fig. 26b,50VW_50AB,0.5,0.5,7210.20616246074,205.5483948
Supp. Fig. 26b,50VW_50AB,0.5,0.5,8215.35002456242,208.4982085
Supp. Fig. 26b,50VW_50AB,0.5,0.5,9255.7375062188,215.023141
Supp. Fig. 26b,50VW_50AB,0.5,0.5,10303.9878286246,218.4792971
Supp. Fig. 26b,50VW_50AB,0.5,0.5,11325.1258907535,223.3242416
Supp. Fig. 26b,50VW_50AB,0.5,0.5,12429.4789461424,227.3702566
Supp. Fig. 26b,50VW_50AB,0.5,0.5,85.9657089149222,80.22902389
Supp. Fig. 26b,50VW_50AB,0.5,0.5,164.541668940126,92.81286727
Supp. Fig. 26b,50VW_50AB,0.5,0.5,244.173294229106,100.6187131
Supp. Fig. 26b,50VW_50AB,0.5,0.5,326.815078060993,106.6678104
Supp. Fig. 26b,50VW_50AB,0.5,0.5,413.011110527545,112.4040045
Supp. Fig. 26b,50VW_50AB,0.5,0.5,499.933088818803,116.398468
Supp. Fig. 26b,50VW_50AB,0.5,0.5,585.975920392659,121.9483039
Supp. Fig. 26b,50VW_50AB,0.5,0.5,671.831741905333,124.4728927
Supp. Fig. 26b,50VW_50AB,0.5,0.5,761.431632168655,127.0209554
Supp. Fig. 26b,50VW_50AB,0.5,0.5,850.898276664098,130.0914582
Supp. Fig. 26b,50VW_50AB,0.5,0.5,945.624385026363,131.3902203
Supp. Fig. 26b,50VW_50AB,0.5,0.5,1049.27494787474,134.5042726
Supp. Fig. 26b,50VW_50AB,0.5,0.5,1144.02452370806,137.2841449
Supp. Fig. 26b,50VW_50AB,0.5,0.5,9.21328973651839,44.79445895
Supp. Fig. 26b,50VW_50AB,0.5,0.5,17.5466552248392,50.13523629
Supp. Fig. 26b,50VW_50AB,0.5,0.5,25.8725559256535,54.55721074
Supp. Fig. 26b,50VW_50AB,0.5,0.5,34.0974137024957,59.34629911
Supp. Fig. 26b,50VW_50AB,0.5,0.5,42.3145848743174,63.22783894
Supp. Fig. 26b,50VW_50AB,0.5,0.5,50.6086358654323,65.50718752
Supp. Fig. 26b,50VW_50AB,0.5,0.5,58.7929054068438,67.36670773
Supp. Fig. 26b,50VW_50AB,0.5,0.5,66.7827753632446,69.42999204
Supp. Fig. 26b,50VW_50AB,0.5,0.5,74.9895417570958,69.81818379
Supp. Fig. 26b,50VW_50AB,0.5,0.5,83.4073223329571,72.45216742
Supp. Fig. 26b,50VW_50AB,0.5,0.5,91.3675250740252,72.67412179
Supp. Fig. 26b,50VW_50AB,0.5,0.5,100.454168724817,75.55686873
Supp. Fig. 26b,50VW_50AB,0.5,0.5,109.668866751882,77.06394844
Supp. Fig. 26b,50VW_50AB,0.5,0.5,1.04700495440243,24.88215564
Supp. Fig. 26b,50VW_50AB,0.5,0.5,2.02016368038361,25.40999215
Supp. Fig. 26b,50VW_50AB,0.5,0.5,2.96679455413723,27.22146505
Supp. Fig. 26b,50VW_50AB,0.5,0.5,3.844320282574,29.8747415
Supp. Fig. 26b,50VW_50AB,0.5,0.5,4.75979570508493,32.20900502
Supp. Fig. 26b,50VW_50AB,0.5,0.5,5.67146474136527,33.44837441
Supp. Fig. 26b,50VW_50AB,0.5,0.5,6.48252228924865,35.72007745
Supp. Fig. 26b,50VW_50AB,0.5,0.5,7.28498586803382,35.92084529
Supp. Fig. 26b,50VW_50AB,0.5,0.5,8.18841514170714,35.94732102
Supp. Fig. 26b,50VW_50AB,0.5,0.5,9.04492786785487,37.46816343
Supp. Fig. 26b,50VW_50AB,0.5,0.5,9.90259776454709,37.89684352
Supp. Fig. 26b,50VW_50AB,0.5,0.5,10.7760332141164,39.03478362
Supp. Fig. 26b,50VW_50AB,0.5,0.5,11.6370424071288,40.23667077
Supp. Fig. 26b,50VW_50AB,0.5,0.5,0.0614211668965881,15.09002185
Supp. Fig. 26b,50VW_50AB,0.5,0.5,0.08846065711021,16.02014263
Supp. Fig. 26b,50VW_50AB,0.5,0.5,0.115672384113309,17.00582879
Supp. Fig. 26b,50VW_50AB,0.5,0.5,0.141231669525636,18.1280828
Supp. Fig. 26b,50VW_50AB,0.5,0.5,0.165946240275125,18.6652579
Supp. Fig. 26b,50VW_50AB,0.5,0.5,0.188972483872838,19.66050752
Supp. Fig. 26b,50VW_50AB,0.5,0.5,0.211660316876964,20.11249665
Supp. Fig. 26b,50VW_50AB,0.5,0.5,0.233514107948353,19.8659005
Supp. Fig. 26b,50VW_50AB,0.5,0.5,0.25506947567072,20.61018116
Supp. Fig. 26b,50VW_50AB,0.5,0.5,0.274764442281271,20.29208634
Supp. Fig. 26b,50VW_50AB,0.5,0.5,0.297303827359075,21.21523114
Supp. Fig. 26b,50VW_50AB,0.5,0.5,0.321183809048395,21.88380505
Supp. Fig. 26b,50VW_50AB,0.5,0.5,0.00312358121317244,10.15034802
Supp. Fig. 26b,50VW_50AB,0.5,0.5,0.00455114183417374,10.11755537
Supp. Fig. 26b,50VW_50AB,0.5,0.5,0.00590607808904009,11.25912654
Supp. Fig. 26b,50VW_50AB,0.5,0.5,0.0072668304839724,11.63003777
Supp. Fig. 26b,50VW_50AB,0.5,0.5,0.00855431193597597,12.33979058
Supp. Fig. 26b,50VW_50AB,0.5,0.5,0.00982296669177477,12.9896086
Supp. Fig. 26b,50VW_50AB,0.5,0.5,0.011116979365572901,12.96020136
Supp. Fig. 26b,50VW_50AB,0.5,0.5,0.0125288078840864,12.96255292
Supp. Fig. 26b,50VW_50AB,0.5,0.5,0.013862920655754,13.44290559
Supp. Fig. 26b,50VW_50AB,0.5,0.5,0.0150800542283996,12.91937633
Supp. Fig. 26b,50VW_50AB,0.5,0.5,0.0163360534987347,14.03162045
Supp. Fig. 26b,50VW_50AB,0.5,0.5,0.0176496155448178,14.13712101
Supp. Fig. 26b,50VW_50AB,0.5,0.5,1.37608125573689e-05,10.21410079
Supp. Fig. 26b,50VW_50AB,0.5,0.5,2.70966544942534e-05,9.98156446
Supp. Fig. 26b,50VW_50AB,0.5,0.5,4.05150218990717e-05,9.96846083
Supp. Fig. 26b,50VW_50AB,0.5,0.5,5.40495428299461e-05,10.5104543
Supp. Fig. 26b,50VW_50AB,0.5,0.5,6.71152086841039e-05,10.82880759
Supp. Fig. 26b,50VW_50AB,0.5,0.5,8.01124095746597e-05,11.16830591
Supp. Fig. 26b,50VW_50AB,0.5,0.5,9.321185327025e-05,11.90070374
Supp. Fig. 26b,50VW_50AB,0.5,0.5,0.000106003827169026,12.62017014
Supp. Fig. 26b,50VW_50AB,0.5,0.5,0.000119311566973421,11.69120524
Supp. Fig. 26b,50VW_50AB,0.5,0.5,0.000132282407875007,12.3278978
Supp. Fig. 26b,50VW_50AB,0.5,0.5,0.000145496065106924,11.98479284
Supp. Fig. 26b,50VW_50AB,0.5,0.5,0.000158387439389857,12.49429588
Supp. Fig. 26b,50VW_50AB,0.5,0.5,0.000171097799843034,13.3443111
Supp. Fig. 26b,50VW_50AB,0.5,0.5,3.94740996152302e-07,8.355254052
Supp. Fig. 26b,50VW_50AB,0.5,0.5,7.76952799553119e-07,8.025059292
Supp. Fig. 26b,50VW_50AB,0.5,0.5,1.15396288330076e-06,7.531089921
Supp. Fig. 26b,50VW_50AB,0.5,0.5,1.52850173077756e-06,7.623688538
Supp. Fig. 26b,50VW_50AB,0.5,0.5,1.90204195104296e-06,7.649762337
Supp. Fig. 26b,50VW_50AB,0.5,0.5,2.26544124818284e-06,7.883692019
Supp. Fig. 26b,50VW_50AB,0.5,0.5,2.63734021507563e-06,7.752416044
Supp. Fig. 26b,50VW_50AB,0.5,0.5,3.0120324178598e-06,8.995845928
Supp. Fig. 26b,50VW_50AB,0.5,0.5,3.4025735792989e-06,8.205217664
Supp. Fig. 26b,50VW_50AB,0.5,0.5,3.76587688672986e-06,8.600848245
Supp. Fig. 26b,50VW_50AB,0.5,0.5,4.12581506552004e-06,7.884074508
Supp. Fig. 26b,50VW_50AB,0.5,0.5,4.50245039728495e-06,8.440927259
Supp. Fig. 26b,50VW_50AB,0.5,0.5,4.87416802751292e-06,9.110675291
Supp. Fig. 27c,33.3VW_66.7AB,0.333,0.667,1794039122814620.0,1317.28562423554
Supp. Fig. 27c,33.3VW_66.7AB,0.333,0.667,3588964495111340.0,1359.37940595162
Supp. Fig. 27c,33.3VW_66.7AB,0.333,0.667,5360447693034620.0,1382.52341319584
Supp. Fig. 27c,33.3VW_66.7AB,0.333,0.667,7140425164931860.0,1397.93782381192
Supp. Fig. 27c,33.3VW_66.7AB,0.333,0.667,8860603885080570.0,1410.34084414492
Supp. Fig. 27c,33.3VW_66.7AB,0.333,0.667,1.07089357626147e+16,1416.65093531918
Supp. Fig. 27c,33.3VW_66.7AB,0.333,0.667,1.25689927035051e+16,1427.73155995647
Supp. Fig. 27c,33.3VW_66.7AB,0.333,0.667,1.44267547888838e+16,1431.96475193513
Supp. Fig. 27c,33.3VW_66.7AB,0.333,0.667,1.63484505445498e+16,1438.9533340876
Supp. Fig. 27c,33.3VW_66.7AB,0.333,0.667,1.81399455609203e+16,1444.5133748647
Supp. Fig. 27c,33.3VW_66.7AB,0.333,0.667,2.01434041971823e+16,1448.80385144931
Supp. Fig. 27c,33.3VW_66.7AB,0.333,0.667,2.19360760316245e+16,1453.78673071003
Supp. Fig. 27c,33.3VW_66.7AB,0.333,0.667,2.37881162641516e+16,1458.78689076582
Supp. Fig. 27c,33.3VW_66.7AB,0.333,0.667,1135746790154910.0,1307.97712250811
Supp. Fig. 27c,33.3VW_66.7AB,0.333,0.667,2175727039603560.0,1347.26316638243
Supp. Fig. 27c,33.3VW_66.7AB,0.333,0.667,3197358649402880.0,1369.3858564738
Supp. Fig. 27c,33.3VW_66.7AB,0.333,0.667,4212798763182810.0,1383.93355196031
Supp. Fig. 27c,33.3VW_66.7AB,0.333,0.667,5242325697686910.0,1396.77197330953
Supp. Fig. 27c,33.3VW_66.7AB,0.333,0.667,6225485852713080.0,1404.0962874974
Supp. Fig. 27c,33.3VW_66.7AB,0.333,0.667,7305595236139820.0,1413.74073545791
Supp. Fig. 27c,33.3VW_66.7AB,0.333,0.667,8182628496878760.0,1417.66373034329
Supp. Fig. 27c,33.3VW_66.7AB,0.333,0.667,9181711634600640.0,1425.12381151907
Supp. Fig. 27c,33.3VW_66.7AB,0.333,0.667,1.03230138589486e+16,1431.7405220759
Supp. Fig. 27c,33.3VW_66.7AB,0.333,0.667,1.13743441239149e+16,1435.21107389896
Supp. Fig. 27c,33.3VW_66.7AB,0.333,0.667,1.21509246846302e+16,1439.29382283963
Supp. Fig. 27c,33.3VW_66.7AB,0.333,0.667,1.31700386504549e+16,1444.36153471102
Supp. Fig. 27c,33.3VW_66.7AB,0.333,0.667,64729836455034.4,1208.4254252804
Supp. Fig. 27c,33.3VW_66.7AB,0.333,0.667,100893261071298.0,1242.40464747597
Supp. Fig. 27c,33.3VW_66.7AB,0.333,0.667,133167135165257.0,1262.51274493809
Supp. Fig. 27c,33.3VW_66.7AB,0.333,0.667,166573944014697.0,1276.70991640769
Supp. Fig. 27c,33.3VW_66.7AB,0.333,0.667,200482669180955.0,1288.90986927259
Supp. Fig. 27c,33.3VW_66.7AB,0.333,0.667,232306945309413.0,1294.89098386752
Supp. Fig. 27c,33.3VW_66.7AB,0.333,0.667,263630534513534.0,1306.50181681837
Supp. Fig. 27c,33.3VW_66.7AB,0.333,0.667,297599672713161.0,1311.1498091969
Supp. Fig. 27c,33.3VW_66.7AB,0.333,0.667,327258610816867.0,1318.11380666338
Supp. Fig. 27c,33.3VW_66.7AB,0.333,0.667,354774042161220.0,1323.28666873428
Supp. Fig. 27c,33.3VW_66.7AB,0.333,0.667,381089121025581.0,1327.68056213148
Supp. Fig. 27c,33.3VW_66.7AB,0.333,0.667,404746662415629.0,1333.21152908439
Supp. Fig. 27c,33.3VW_66.7AB,0.333,0.667,437293031307021.0,1337.32265497761
Supp. Fig. 27c,33.3VW_66.7AB,0.333,0.667,422598659532.428,946.286818644398
Supp. Fig. 27c,33.3VW_66.7AB,0.333,0.667,769105468066.803,988.853118979802
Supp. Fig. 27c,33.3VW_66.7AB,0.333,0.667,1116925437047.47,1014.8564298336
Supp. Fig. 27c,33.3VW_66.7AB,0.333,0.667,1446457378481.07,1034.06705065227
Supp. Fig. 27c,33.3VW_66.7AB,0.333,0.667,1775168556063.21,1049.04910688954
Supp. Fig. 27c,33.3VW_66.7AB,0.333,0.667,2174995249844.82,1061.89894501643
Supp. Fig. 27c,33.3VW_66.7AB,0.333,0.667,2532911010152.2,1071.15302516889
Supp. Fig. 27c,33.3VW_66.7AB,0.333,0.667,2869404994667.36,1077.10227265392
Supp. Fig. 27c,33.3VW_66.7AB,0.333,0.667,3209751440710.15,1085.15365857348
Supp. Fig. 27c,33.3VW_66.7AB,0.333,0.667,3530177400151.0,1093.26745777346
Supp. Fig. 27c,33.3VW_66.7AB,0.333,0.667,3864186723452.7,1099.14489259084
Supp. Fig. 27c,33.3VW_66.7AB,0.333,0.667,4163403952557.5,1106.07908664169
Supp. Fig. 27c,33.3VW_66.7AB,0.333,0.667,4477646320536.36,1111.34025070166
Supp. Fig. 27c,33.3VW_66.7AB,0.333,0.667,10985469220.7605,701.678946124978
Supp. Fig. 27c,33.3VW_66.7AB,0.333,0.667,22875638746.4914,757.107980017323
Supp. Fig. 27c,33.3VW_66.7AB,0.333,0.667,34137946603.5971,789.574772752613
Supp. Fig. 27c,33.3VW_66.7AB,0.333,0.667,44756655309.5606,811.824803203294
Supp. Fig. 27c,33.3VW_66.7AB,0.333,0.667,55420243318.1872,830.064136224132
Supp. Fig. 27c,33.3VW_66.7AB,0.333,0.667,65957118728.8135,844.006609769322
Supp. Fig. 27c,33.3VW_66.7AB,0.333,0.667,77116374362.6028,855.370860120658
Supp. Fig. 27c,33.3VW_66.7AB,0.333,0.667,86983482531.4607,863.139068089596
Supp. Fig. 27c,33.3VW_66.7AB,0.333,0.667,97166795973.8754,873.329704742046
Supp. Fig. 27c,33.3VW_66.7AB,0.333,0.667,108428057097.299,880.1166089106
Supp. Fig. 27c,33.3VW_66.7AB,0.333,0.667,118838704228.356,888.042024406349
Supp. Fig. 27c,33.3VW_66.7AB,0.333,0.667,129250403333.883,894.328558887804
Supp. Fig. 27c,33.3VW_66.7AB,0.333,0.667,139263007183.917,901.310116037192
Supp. Fig. 27c,33.3VW_66.7AB,0.333,0.667,341343709.444465,496.886685348106
Supp. Fig. 27c,33.3VW_66.7AB,0.333,0.667,731228364.443568,550.842413522135
Supp. Fig. 27c,33.3VW_66.7AB,0.333,0.667,1176520363.80529,584.672312797401
Supp. Fig. 27c,33.3VW_66.7AB,0.333,0.667,1643486205.74669,608.057942267118
Supp. Fig. 27c,33.3VW_66.7AB,0.333,0.667,2097169092.78073,627.908931558688
Supp. Fig. 27c,33.3VW_66.7AB,0.333,0.667,2579732837.8983,642.759614488547
Supp. Fig. 27c,33.3VW_66.7AB,0.333,0.667,3050082197.52378,656.60153722868
Supp. Fig. 27c,33.3VW_66.7AB,0.333,0.667,3517233319.09385,662.467796436028
Supp. Fig. 27c,33.3VW_66.7AB,0.333,0.667,3937911915.20798,674.949965606851
Supp. Fig. 27c,33.3VW_66.7AB,0.333,0.667,4409171143.18776,682.268948131747
Supp. Fig. 27c,33.3VW_66.7AB,0.333,0.667,4864521594.51654,689.811931469593
Supp. Fig. 27c,33.3VW_66.7AB,0.333,0.667,5336651822.62522,697.880881694488
Supp. Fig. 27c,33.3VW_66.7AB,0.333,0.667,5825640293.76345,704.80513644257
Supp. Fig. 27c,33.3VW_66.7AB,0.333,0.667,16226994.9686733,326.111984737322
Supp. Fig. 27c,33.3VW_66.7AB,0.333,0.667,33206310.8974665,369.011461777418
Supp. Fig. 27c,33.3VW_66.7AB,0.333,0.667,51355485.0603544,397.035125493565
Supp. Fig. 27c,33.3VW_66.7AB,0.333,0.667,70807221.2710953,417.251664795011
Supp. Fig. 27c,33.3VW_66.7AB,0.333,0.667,90790842.8124028,434.212230860685
Supp. Fig. 27c,33.3VW_66.7AB,0.333,0.667,110846049.455448,447.252830106185
Supp. Fig. 27c,33.3VW_66.7AB,0.333,0.667,130365322.593689,459.882091468124
Supp. Fig. 27c,33.3VW_66.7AB,0.333,0.667,150293001.80015,467.476901523174
Supp. Fig. 27c,33.3VW_66.7AB,0.333,0.667,169344638.576826,472.579770094103
Supp. Fig. 27c,33.3VW_66.7AB,0.333,0.667,189767883.980672,481.945770725633
Supp. Fig. 27c,33.3VW_66.7AB,0.333,0.667,209011876.40015,489.467651838691
Supp. Fig. 27c,33.3VW_66.7AB,0.333,0.667,228617410.285612,496.51983785462
Supp. Fig. 27c,33.3VW_66.7AB,0.333,0.667,248669500.6013,503.19027723521
Supp. Fig. 27c,33.3VW_66.7AB,0.333,0.667,823106.377137955,193.446258347254
Supp. Fig. 27c,33.3VW_66.7AB,0.333,0.667,1572800.63553795,222.823722290309
Supp. Fig. 27c,33.3VW_66.7AB,0.333,0.667,2377902.48490358,242.274010956224
Supp. Fig. 27c,33.3VW_66.7AB,0.333,0.667,3229451.79595267,255.917009528112
Supp. Fig. 27c,33.3VW_66.7AB,0.333,0.667,4169800.53411776,267.671667924958
Supp. Fig. 27c,33.3VW_66.7AB,0.333,0.667,5032128.21842538,277.773132370723
Supp. Fig. 27c,33.3VW_66.7AB,0.333,0.667,5913217.8433339,286.63088111955
Supp. Fig. 27c,33.3VW_66.7AB,0.333,0.667,6829886.1244335,293.419406653671
Supp. Fig. 27c,33.3VW_66.7AB,0.333,0.667,7736710.5900791,301.537902900141
Supp. Fig. 27c,33.3VW_66.7AB,0.333,0.667,8645904.47890069,303.994356430348
Supp. Fig. 27c,33.3VW_66.7AB,0.333,0.667,9592495.2940364,309.696923774046
Supp. Fig. 27c,33.3VW_66.7AB,0.333,0.667,10511066.8629609,316.126622439104
Supp. Fig. 27c,33.3VW_66.7AB,0.333,0.667,11521874.7174901,321.815772519572
Supp. Fig. 27c,33.3VW_66.7AB,0.333,0.667,28858.2042773372,122.580804919572
Supp. Fig. 27c,33.3VW_66.7AB,0.333,0.667,61706.4846675911,147.055395127301
Supp. Fig. 27c,33.3VW_66.7AB,0.333,0.667,102563.320884079,163.747440692331
Supp. Fig. 27c,33.3VW_66.7AB,0.333,0.667,145740.859728464,175.11542643963
Supp. Fig. 27c,33.3VW_66.7AB,0.333,0.667,188236.438656195,184.890072316004
Supp. Fig. 27c,33.3VW_66.7AB,0.333,0.667,239181.284186412,193.965560374917
Supp. Fig. 27c,33.3VW_66.7AB,0.333,0.667,288931.007011989,199.388452356738
Supp. Fig. 27c,33.3VW_66.7AB,0.333,0.667,341854.44993212,205.974794433994
Supp. Fig. 27c,33.3VW_66.7AB,0.333,0.667,395771.523737734,209.394690719154
Supp. Fig. 27c,33.3VW_66.7AB,0.333,0.667,450586.14392723,217.586417303148
Supp. Fig. 27c,33.3VW_66.7AB,0.333,0.667,508776.071526345,222.171261517847
Supp. Fig. 27c,33.3VW_66.7AB,0.333,0.667,564048.138392976,227.365252545223
Supp. Fig. 27c,33.3VW_66.7AB,0.333,0.667,627030.795523303,232.825727312368
Supp. Fig. 27c,33.3VW_66.7AB,0.333,0.667,2680.20862601865,89.0350886021023
Supp. Fig. 27c,33.3VW_66.7AB,0.333,0.667,5290.03383857458,103.929678314505
Supp. Fig. 27c,33.3VW_66.7AB,0.333,0.667,8003.5027726531,114.237572791709
Supp. Fig. 27c,33.3VW_66.7AB,0.333,0.667,10853.2045632139,121.987064311458
Supp. Fig. 27c,33.3VW_66.7AB,0.333,0.667,13845.2720548319,128.069556705696
Supp. Fig. 27c,33.3VW_66.7AB,0.333,0.667,16776.6957881197,133.039678399685
Supp. Fig. 27c,33.3VW_66.7AB,0.333,0.667,19749.0683739507,139.208399195198
Supp. Fig. 27c,33.3VW_66.7AB,0.333,0.667,23015.7573547597,142.613855039645
Supp. Fig. 27c,33.3VW_66.7AB,0.333,0.667,26293.728139337,147.60346918986
Supp. Fig. 27c,33.3VW_66.7AB,0.333,0.667,29406.7581011485,150.301943989613
Supp. Fig. 27c,33.3VW_66.7AB,0.333,0.667,32539.7630345614,151.591675251265
Supp. Fig. 27c,33.3VW_66.7AB,0.333,0.667,35781.4401475566,155.892142250227
Supp. Fig. 27c,33.3VW_66.7AB,0.333,0.667,38991.0550460446,159.194386491815
Supp. Fig. 27c,33.3VW_66.7AB,0.333,0.667,178.280252772557,55.4779259005225
Supp. Fig. 27c,33.3VW_66.7AB,0.333,0.667,342.300188427164,64.7373306677156
Supp. Fig. 27c,33.3VW_66.7AB,0.333,0.667,507.061545625447,69.8802697220568
Supp. Fig. 27c,33.3VW_66.7AB,0.333,0.667,676.871922781016,73.022728430712
Supp. Fig. 27c,33.3VW_66.7AB,0.333,0.667,849.793738099064,78.5723905089371
Supp. Fig. 27c,33.3VW_66.7AB,0.333,0.667,1017.03324662192,80.2849233238638
Supp. Fig. 27c,33.3VW_66.7AB,0.333,0.667,1192.56760925498,84.6548092159154
Supp. Fig. 27c,33.3VW_66.7AB,0.333,0.667,1379.27572197197,87.6275410527963
Supp. Fig. 27c,33.3VW_66.7AB,0.333,0.667,1557.4303749308,90.1219283115511
Supp. Fig. 27c,33.3VW_66.7AB,0.333,0.667,1754.47658469506,91.3840708441998
Supp. Fig. 27c,33.3VW_66.7AB,0.333,0.667,1952.02761945498,92.7824731887538
Supp. Fig. 27c,33.3VW_66.7AB,0.333,0.667,2159.58438147122,95.5001269527064
Supp. Fig. 27c,33.3VW_66.7AB,0.333,0.667,2361.48258025837,98.3845939586694
Supp. Fig. 27c,33.3VW_66.7AB,0.333,0.667,12.9287018450389,41.8969636750763
Supp. Fig. 27c,33.3VW_66.7AB,0.333,0.667,24.8589025551627,43.488009057065
Supp. Fig. 27c,33.3VW_66.7AB,0.333,0.667,36.3608994791377,48.598111842782
Supp. Fig. 27c,33.3VW_66.7AB,0.333,0.667,47.2779414663513,55.1001994200555
Supp. Fig. 27c,33.3VW_66.7AB,0.333,0.667,58.0920580509736,56.0505804345708
Supp. Fig. 27c,33.3VW_66.7AB,0.333,0.667,69.6355381792867,58.3681069717329
Supp. Fig. 27c,33.3VW_66.7AB,0.333,0.667,80.9811501053207,60.7537136490446
Supp. Fig. 27c,33.3VW_66.7AB,0.333,0.667,92.2447831600574,62.8175425255663
Supp. Fig. 27c,33.3VW_66.7AB,0.333,0.667,103.997135491025,64.644750150847
Supp. Fig. 27c,33.3VW_66.7AB,0.333,0.667,116.437150898466,66.0044988908165
Supp. Fig. 27c,33.3VW_66.7AB,0.333,0.667,129.049635766061,66.9460189309041
Supp. Fig. 27c,33.3VW_66.7AB,0.333,0.667,140.248801043965,68.6765239059306
Supp. Fig. 27c,33.3VW_66.7AB,0.333,0.667,151.549083191828,70.8857112935171
Supp. Fig. 27c,33.3VW_66.7AB,0.333,0.667,1.07815059803134,27.3527272660187
Supp. Fig. 27c,33.3VW_66.7AB,0.333,0.667,2.05126356804001,28.7175987549607
Supp. Fig. 27c,33.3VW_66.7AB,0.333,0.667,2.9761459362543,31.2529985656996
Supp. Fig. 27c,33.3VW_66.7AB,0.333,0.667,3.84772320477274,33.315302012042
Supp. Fig. 27c,33.3VW_66.7AB,0.333,0.667,4.64776073650673,35.1827956126932
Supp. Fig. 27c,33.3VW_66.7AB,0.333,0.667,5.47229869538391,35.9106372663829
Supp. Fig. 27c,33.3VW_66.7AB,0.333,0.667,6.29262491890514,38.7652919091248
Supp. Fig. 27c,33.3VW_66.7AB,0.333,0.667,7.09638790311748,39.0049371072405
Supp. Fig. 27c,33.3VW_66.7AB,0.333,0.667,7.90509889331294,39.6142413766069
Supp. Fig. 27c,33.3VW_66.7AB,0.333,0.667,8.69467687411607,40.4793518432939
Supp. Fig. 27c,33.3VW_66.7AB,0.333,0.667,9.63366615817302,40.8669596834906
Supp. Fig. 27c,33.3VW_66.7AB,0.333,0.667,10.5668989047366,42.1717186639772
Supp. Fig. 27c,33.3VW_66.7AB,0.333,0.667,11.5351510931166,43.6041963699011
Supp. Fig. 27c,33.3VW_66.7AB,0.333,0.667,0.0312511128055378,18.0108718730486
Supp. Fig. 27c,33.3VW_66.7AB,0.333,0.667,0.0594153567427399,18.3484870024397
Supp. Fig. 27c,33.3VW_66.7AB,0.333,0.667,0.0873396567580308,19.2621377753837
Supp. Fig. 27c,33.3VW_66.7AB,0.333,0.667,0.112457770680323,20.2085714120769
Supp. Fig. 27c,33.3VW_66.7AB,0.333,0.667,0.136941012797323,21.6229557186247
Supp. Fig. 27c,33.3VW_66.7AB,0.333,0.667,0.16131156289434,22.111535523779
Supp. Fig. 27c,33.3VW_66.7AB,0.333,0.667,0.186596892450955,22.9434374114692
Supp. Fig. 27c,33.3VW_66.7AB,0.333,0.667,0.210860602699006,23.8885507823004
Supp. Fig. 27c,33.3VW_66.7AB,0.333,0.667,0.235838470789289,23.8477537056435
Supp. Fig. 27c,33.3VW_66.7AB,0.333,0.667,0.260189575984863,24.0840130350783
Supp. Fig. 27c,33.3VW_66.7AB,0.333,0.667,0.285604328330488,23.7524748489788
Supp. Fig. 27c,33.3VW_66.7AB,0.333,0.667,0.311024331377807,24.7485616524551
Supp. Fig. 27c,33.3VW_66.7AB,0.333,0.667,0.336843315498436,25.3767147042088
Supp. Fig. 27c,33.3VW_66.7AB,0.333,0.667,0.00162898230122044,12.7886749069265
Supp. Fig. 27c,33.3VW_66.7AB,0.333,0.667,0.00311766460355715,12.4227829635189
Supp. Fig. 27c,33.3VW_66.7AB,0.333,0.667,0.00455987622905846,12.707905418096
Supp. Fig. 27c,33.3VW_66.7AB,0.333,0.667,0.00592365009253309,12.8175347563242
Supp. Fig. 27c,33.3VW_66.7AB,0.333,0.667,0.0072602034616984,13.3677872229734
Supp. Fig. 27c,33.3VW_66.7AB,0.333,0.667,0.00857306542613027,13.8701804421684
Supp. Fig. 27c,33.3VW_66.7AB,0.333,0.667,0.00989498991169628,14.4085240457602
Supp. Fig. 27c,33.3VW_66.7AB,0.333,0.667,0.0112095745833287,15.1372960922257
Supp. Fig. 27c,33.3VW_66.7AB,0.333,0.667,0.0124474085924247,14.6602268589637
Supp. Fig. 27c,33.3VW_66.7AB,0.333,0.667,0.0136334330944748,14.7023511340239
Supp. Fig. 27c,33.3VW_66.7AB,0.333,0.667,0.014871299241293,15.0253877415701
Supp. Fig. 27c,33.3VW_66.7AB,0.333,0.667,0.0159442237735097,15.2278868463337
Supp. Fig. 27c,33.3VW_66.7AB,0.333,0.667,0.0171822564904883,15.9984467260885
Supp. Fig. 27c,33.3VW_66.7AB,0.333,0.667,0.000127933828586056,10.5645273130822
Supp. Fig. 27c,33.3VW_66.7AB,0.333,0.667,0.000243959005778798,10.0578662691383
Supp. Fig. 27c,33.3VW_66.7AB,0.333,0.667,0.000358626979392303,9.87927028430474
Supp. Fig. 27c,33.3VW_66.7AB,0.333,0.667,0.00046895159777689,9.495468673568
Supp. Fig. 27c,33.3VW_66.7AB,0.333,0.667,0.000578123415571545,9.75548437149658
Supp. Fig. 27c,33.3VW_66.7AB,0.333,0.667,0.000688204032871476,10.2772423998208
Supp. Fig. 27c,33.3VW_66.7AB,0.333,0.667,0.000794924132088458,10.4864566950711
Supp. Fig. 27c,33.3VW_66.7AB,0.333,0.667,0.000896894098330677,11.5888462747312
Supp. Fig. 27c,33.3VW_66.7AB,0.333,0.667,0.00100034660502108,10.8952990214959
Supp. Fig. 27c,33.3VW_66.7AB,0.333,0.667,0.00109851734856028,11.1236633566444
Supp. Fig. 27c,33.3VW_66.7AB,0.333,0.667,0.00119782727987604,10.6945229711862
Supp. Fig. 27c,33.3VW_66.7AB,0.333,0.667,0.00130210795708213,11.2268760986337
Supp. Fig. 27c,33.3VW_66.7AB,0.333,0.667,0.00139896240996341,12.2109176544911
Supp. Fig. 27c,33.3VW_66.7AB,0.333,0.667,4.38491389183964e-05,11.2096374560229
Supp. Fig. 27c,33.3VW_66.7AB,0.333,0.667,5.76937792918934e-05,11.3432660679086
Supp. Fig. 27c,33.3VW_66.7AB,0.333,0.667,7.09027451132447e-05,11.6540140150976
Supp. Fig. 27c,33.3VW_66.7AB,0.333,0.667,8.35442213126804e-05,11.8135621801524
Supp. Fig. 27c,33.3VW_66.7AB,0.333,0.667,9.62183863840368e-05,12.5549425313353
Supp. Fig. 27c,33.3VW_66.7AB,0.333,0.667,0.000108367451983318,13.2269337126364
Supp. Fig. 27c,33.3VW_66.7AB,0.333,0.667,0.000120418429518952,12.2178693525032
Supp. Fig. 27c,33.3VW_66.7AB,0.333,0.667,0.000131870785780916,12.7538298306681
Supp. Fig. 27c,33.3VW_66.7AB,0.333,0.667,0.000143807693380948,12.0740758352246
Supp. Fig. 27c,33.3VW_66.7AB,0.333,0.667,0.00015581116733925,13.2145790680377
Supp. Fig. 27c,33.3VW_66.7AB,0.333,0.667,0.000167232129113058,13.4391393564952
Supp. Fig. 27c,33.3VW_66.7AB,0.333,0.667,2.15629774106167e-06,10.9620025368752
Supp. Fig. 27c,33.3VW_66.7AB,0.333,0.667,4.16547757136216e-06,10.2258880281265
Supp. Fig. 27c,33.3VW_66.7AB,0.333,0.667,6.15037890469068e-06,10.3427536396171
Supp. Fig. 27c,33.3VW_66.7AB,0.333,0.667,8.09235951235487e-06,10.1707970144458
Supp. Fig. 27c,33.3VW_66.7AB,0.333,0.667,9.95693342607651e-06,10.2012221254639
Supp. Fig. 27c,33.3VW_66.7AB,0.333,0.667,1.18156658478742e-05,10.1491111510274
Supp. Fig. 27c,33.3VW_66.7AB,0.333,0.667,1.36385302770008e-05,10.6697520623583
Supp. Fig. 27c,33.3VW_66.7AB,0.333,0.667,1.55156374863489e-05,11.4286555649655
Supp. Fig. 27c,33.3VW_66.7AB,0.333,0.667,1.73549164327561e-05,10.7021420929363
Supp. Fig. 27c,33.3VW_66.7AB,0.333,0.667,1.92052221261472e-05,10.9084852554516
Supp. Fig. 27c,33.3VW_66.7AB,0.333,0.667,2.09910502922901e-05,9.81793489031732
Supp. Fig. 27c,33.3VW_66.7AB,0.333,0.667,2.2731726563128e-05,10.5687367454984
Supp. Fig. 27c,33.3VW_66.7AB,0.333,0.667,2.46963064612767e-05,11.4248881694123
Supp. Fig. 27c,33.3VW_66.7AB,0.333,0.667,8.11299927218859e-07,8.9783435676589
Supp. Fig. 27c,33.3VW_66.7AB,0.333,0.667,1.19066386130371e-06,8.76749140603821
Supp. Fig. 27c,33.3VW_66.7AB,0.333,0.667,1.56502384310921e-06,8.24327687498977
Supp. Fig. 27c,33.3VW_66.7AB,0.333,0.667,1.93056185114661e-06,8.67531822992035
Supp. Fig. 27c,33.3VW_66.7AB,0.333,0.667,2.29058409192104e-06,8.55909632661342
Supp. Fig. 27c,33.3VW_66.7AB,0.333,0.667,2.65258931899296e-06,8.9999714075282
Supp. Fig. 27c,33.3VW_66.7AB,0.333,0.667,2.99848614429197e-06,9.88510585368748
Supp. Fig. 27c,33.3VW_66.7AB,0.333,0.667,3.3651304737935e-06,9.03315016862075
Supp. Fig. 27c,33.3VW_66.7AB,0.333,0.667,3.70033715584163e-06,9.47510466777368
Supp. Fig. 27c,33.3VW_66.7AB,0.333,0.667,4.04361491268369e-06,8.47016046536504
Supp. Fig. 27c,33.3VW_66.7AB,0.333,0.667,4.404601202699e-06,9.0726557810605
Supp. Fig. 27c,33.3VW_66.7AB,0.333,0.667,4.74948550342032e-06,10.1220591244614
Supp. Fig. 26c,16.5VW_83.5AB,0.165,0.835,1062041079683.44,800.4132077
Supp. Fig. 26c,16.5VW_83.5AB,0.165,0.835,1598091453099.68,867.7648683
Supp. Fig. 26c,16.5VW_83.5AB,0.165,0.835,1682323327793.29,897.4936679
Supp. Fig. 26c,16.5VW_83.5AB,0.165,0.835,1887783555056.12,913.404313
Supp. Fig. 26c,16.5VW_83.5AB,0.165,0.835,1878776838791.41,923.6956369
Supp. Fig. 26c,16.5VW_83.5AB,0.165,0.835,1830551351434.43,920.8016432
Supp. Fig. 26c,16.5VW_83.5AB,0.165,0.835,1591629025805.68,924.9105543
Supp. Fig. 26c,16.5VW_83.5AB,0.165,0.835,1358299143559.27,923.293454
Supp. Fig. 26c,16.5VW_83.5AB,0.165,0.835,1265995395036.05,920.6497588
Supp. Fig. 26c,16.5VW_83.5AB,0.165,0.835,1416542119766.51,919.3775043
Supp. Fig. 26c,16.5VW_83.5AB,0.165,0.835,1703658887373.54,920.2466066
Supp. Fig. 26c,16.5VW_83.5AB,0.165,0.835,2785687127308.61,920.2976811
Supp. Fig. 26c,16.5VW_83.5AB,0.165,0.835,4427898721215.83,916.9496459
Supp. Fig. 26c,16.5VW_83.5AB,0.165,0.835,4226859449.7467,624.3590767
Supp. Fig. 26c,16.5VW_83.5AB,0.165,0.835,5648976041.70997,654.0510389
Supp. Fig. 26c,16.5VW_83.5AB,0.165,0.835,5905831790.88891,664.8960492
Supp. Fig. 26c,16.5VW_83.5AB,0.165,0.835,5827679778.28275,665.7099325
Supp. Fig. 26c,16.5VW_83.5AB,0.165,0.835,5490928305.62035,661.2887677
Supp. Fig. 26c,16.5VW_83.5AB,0.165,0.835,6140792618.23159,653.1454025
Supp. Fig. 26c,16.5VW_83.5AB,0.165,0.835,7876139611.85198,672.7430913
Supp. Fig. 26c,16.5VW_83.5AB,0.165,0.835,10146890735.1096,656.9872252
Supp. Fig. 26c,16.5VW_83.5AB,0.165,0.835,9421781349.03116,657.3691968
Supp. Fig. 26c,16.5VW_83.5AB,0.165,0.835,8085868035.45314,656.5037729
Supp. Fig. 26c,16.5VW_83.5AB,0.165,0.835,7778335384.06653,653.6455978
Supp. Fig. 26c,16.5VW_83.5AB,0.165,0.835,7267773497.88075,648.969633
Supp. Fig. 26c,16.5VW_83.5AB,0.165,0.835,7173485466.95778,645.4056383
Supp. Fig. 26c,16.5VW_83.5AB,0.165,0.835,176401095.223459,456.3985967
Supp. Fig. 26c,16.5VW_83.5AB,0.165,0.835,298142834.719534,501.7270177
Supp. Fig. 26c,16.5VW_83.5AB,0.165,0.835,386629336.94338,521.9614674
Supp. Fig. 26c,16.5VW_83.5AB,0.165,0.835,438169002.065576,526.332103
Supp. Fig. 26c,16.5VW_83.5AB,0.165,0.835,507528153.157638,529.1995424
Supp. Fig. 26c,16.5VW_83.5AB,0.165,0.835,521783680.514705,556.7835551
Supp. Fig. 26c,16.5VW_83.5AB,0.165,0.835,549903850.907831,561.2982461
Supp. Fig. 26c,16.5VW_83.5AB,0.165,0.835,537359023.152182,548.723506
Supp. Fig. 26c,16.5VW_83.5AB,0.165,0.835,551450861.260123,547.3802069
Supp. Fig. 26c,16.5VW_83.5AB,0.165,0.835,565093714.197755,541.1070004
Supp. Fig. 26c,16.5VW_83.5AB,0.165,0.835,574032578.362914,533.0457967
Supp. Fig. 26c,16.5VW_83.5AB,0.165,0.835,661872521.524156,528.860406
Supp. Fig. 26c,16.5VW_83.5AB,0.165,0.835,788368750.966918,526.7321458
Supp. Fig. 26c,16.5VW_83.5AB,0.165,0.835,6583227.26600771,277.798546
Supp. Fig. 26c,16.5VW_83.5AB,0.165,0.835,10284483.9728512,313.826522
Supp. Fig. 26c,16.5VW_83.5AB,0.165,0.835,12818682.3785124,325.0133738
Supp. Fig. 26c,16.5VW_83.5AB,0.165,0.835,15583501.8548265,352.5205748
Supp. Fig. 26c,16.5VW_83.5AB,0.165,0.835,17039618.1141786,363.387505
Supp. Fig. 26c,16.5VW_83.5AB,0.165,0.835,18685790.3249147,364.2572769
Supp. Fig. 26c,16.5VW_83.5AB,0.165,0.835,20128575.1216996,353.4781595
Supp. Fig. 26c,16.5VW_83.5AB,0.165,0.835,21251234.1307598,354.6823557
Supp. Fig. 26c,16.5VW_83.5AB,0.165,0.835,22264298.1655115,351.4309651
Supp. Fig. 26c,16.5VW_83.5AB,0.165,0.835,23749306.0131312,346.0998388
Supp. Fig. 26c,16.5VW_83.5AB,0.165,0.835,25229836.6750452,344.3399686
Supp. Fig. 26c,16.5VW_83.5AB,0.165,0.835,25535637.7926978,341.898654
Supp. Fig. 26c,16.5VW_83.5AB,0.165,0.835,27269685.9220249,341.8928613
Supp. Fig. 26c,16.5VW_83.5AB,0.165,0.835,37197.290254316,163.0690392
Supp. Fig. 26c,16.5VW_83.5AB,0.165,0.835,70927.8176202125,144.262485
Supp. Fig. 26c,16.5VW_83.5AB,0.165,0.835,103699.259059123,153.4582483
Supp. Fig. 26c,16.5VW_83.5AB,0.165,0.835,134075.545070505,165.3621562
Supp. Fig. 26c,16.5VW_83.5AB,0.165,0.835,165709.330847908,174.0897576
Supp. Fig. 26c,16.5VW_83.5AB,0.165,0.835,194565.544758925,180.3727817
Supp. Fig. 26c,16.5VW_83.5AB,0.165,0.835,226608.143966523,184.6954356
Supp. Fig. 26c,16.5VW_83.5AB,0.165,0.835,261230.128708374,191.0429434
Supp. Fig. 26c,16.5VW_83.5AB,0.165,0.835,291999.171908451,192.8563201
Supp. Fig. 26c,16.5VW_83.5AB,0.165,0.835,320409.123583205,193.1410813
Supp. Fig. 26c,16.5VW_83.5AB,0.165,0.835,344532.908765975,193.5401629
Supp. Fig. 26c,16.5VW_83.5AB,0.165,0.835,370083.165279301,196.463756
Supp. Fig. 26c,16.5VW_83.5AB,0.165,0.835,396635.066094638,198.6315417
Supp. Fig. 26c,16.5VW_83.5AB,0.165,0.835,631.029901860936,56.5794911
Supp. Fig. 26c,16.5VW_83.5AB,0.165,0.835,1301.57734758384,57.63174955
Supp. Fig. 26c,16.5VW_83.5AB,0.165,0.835,2000.99898014494,67.47484536
Supp. Fig. 26c,16.5VW_83.5AB,0.165,0.835,2704.37105686008,76.13428471
Supp. Fig. 26c,16.5VW_83.5AB,0.165,0.835,3419.09171949472,77.54474309
Supp. Fig. 26c,16.5VW_83.5AB,0.165,0.835,4174.10497479394,73.97788529
Supp. Fig. 26c,16.5VW_83.5AB,0.165,0.835,5050.48266903565,79.26733904
Supp. Fig. 26c,16.5VW_83.5AB,0.165,0.835,5821.90391429914,84.59365602
Supp. Fig. 26c,16.5VW_83.5AB,0.165,0.835,6604.15695700584,87.68538412
Supp. Fig. 26c,16.5VW_83.5AB,0.165,0.835,7530.27491769899,89.64830169
Supp. Fig. 26c,16.5VW_83.5AB,0.165,0.835,8460.13630700619,93.55076482
Supp. Fig. 26c,16.5VW_83.5AB,0.165,0.835,9170.21544869961,95.73755258
Supp. Fig. 26c,16.5VW_83.5AB,0.165,0.835,9988.06163308185,98.68306745
Supp. Fig. 26c,16.5VW_83.5AB,0.165,0.835,25.606008142497,24.76697656
Supp. Fig. 26c,16.5VW_83.5AB,0.165,0.835,54.1267586007631,27.09341663
Supp. Fig. 26c,16.5VW_83.5AB,0.165,0.835,85.9103019456754,28.556591
Supp. Fig. 26c,16.5VW_83.5AB,0.165,0.835,114.61005998394,28.74102456
Supp. Fig. 26c,16.5VW_83.5AB,0.165,0.835,144.508227769356,29.99822625
Supp. Fig. 26c,16.5VW_83.5AB,0.165,0.835,166.453616869571,31.35499057
Supp. Fig. 26c,16.5VW_83.5AB,0.165,0.835,192.226795269498,30.92191747
Supp. Fig. 26c,16.5VW_83.5AB,0.165,0.835,217.454237076573,32.99610346
Supp. Fig. 26c,16.5VW_83.5AB,0.165,0.835,245.405230492051,36.01578237
Supp. Fig. 26c,16.5VW_83.5AB,0.165,0.835,271.651937913444,37.18195802
Supp. Fig. 26c,16.5VW_83.5AB,0.165,0.835,297.589207902594,39.38125157
Supp. Fig. 26c,16.5VW_83.5AB,0.165,0.835,322.176896422705,41.38137897
Supp. Fig. 26c,16.5VW_83.5AB,0.165,0.835,346.5911431592,43.82752771
Supp. Fig. 26c,16.5VW_83.5AB,0.165,0.835,1.77857706057216,15.91701891
Supp. Fig. 26c,16.5VW_83.5AB,0.165,0.835,2.68375373131037,16.66808267
Supp. Fig. 26c,16.5VW_83.5AB,0.165,0.835,3.58399644831148,17.22979274
Supp. Fig. 26c,16.5VW_83.5AB,0.165,0.835,4.51879717159855,17.79076765
Supp. Fig. 26c,16.5VW_83.5AB,0.165,0.835,5.45691335363596,18.11056865
Supp. Fig. 26c,16.5VW_83.5AB,0.165,0.835,6.39610890374204,19.53030523
Supp. Fig. 26c,16.5VW_83.5AB,0.165,0.835,7.37647243024005,18.88141456
Supp. Fig. 26c,16.5VW_83.5AB,0.165,0.835,8.32412380863586,19.95038935
Supp. Fig. 26c,16.5VW_83.5AB,0.165,0.835,9.31442051458945,21.11762354
Supp. Fig. 26c,16.5VW_83.5AB,0.165,0.835,10.1175254289158,22.11056099
Supp. Fig. 26c,16.5VW_83.5AB,0.165,0.835,10.8634749877245,23.42798918
Supp. Fig. 26c,16.5VW_83.5AB,0.165,0.835,11.536397258454,24.94923687
Supp. Fig. 26c,16.5VW_83.5AB,0.165,0.835,0.0528736279239864,10.55381694
Supp. Fig. 26c,16.5VW_83.5AB,0.165,0.835,0.0843105644018864,10.77834816
Supp. Fig. 26c,16.5VW_83.5AB,0.165,0.835,0.11376640936537,9.604270177
Supp. Fig. 26c,16.5VW_83.5AB,0.165,0.835,0.178728512595323,9.565114511
Supp. Fig. 26c,16.5VW_83.5AB,0.165,0.835,0.220237873259657,11.0260862
Supp. Fig. 26c,16.5VW_83.5AB,0.165,0.835,0.256598798892539,9.445775234
Supp. Fig. 26c,16.5VW_83.5AB,0.165,0.835,0.292108475083843,10.40339759
Supp. Fig. 26c,16.5VW_83.5AB,0.165,0.835,0.319869913290332,10.55152093
Supp. Fig. 26c,16.5VW_83.5AB,0.165,0.835,0.350733122767419,10.09228781
Supp. Fig. 26c,16.5VW_83.5AB,0.165,0.835,0.380765350984842,11.43578104
Supp. Fig. 26c,16.5VW_83.5AB,0.165,0.835,0.409424059315626,12.25000598
Supp. Fig. 26c,16.5VW_83.5AB,0.165,0.835,0.436212413813015,13.22136922
Supp. Fig. 26c,16.5VW_83.5AB,0.165,0.835,0.00355334447726705,8.574000625
Supp. Fig. 26c,16.5VW_83.5AB,0.165,0.835,0.00552398840768687,9.15279102
Supp. Fig. 26c,16.5VW_83.5AB,0.165,0.835,0.00819143677107182,7.369253015
Supp. Fig. 26c,16.5VW_83.5AB,0.165,0.835,0.0161997513119209,7.831181266
Supp. Fig. 26c,16.5VW_83.5AB,0.165,0.835,0.0205763215627318,7.483076427
Supp. Fig. 26c,16.5VW_83.5AB,0.165,0.835,0.0255428781157031,9.274006124
Supp. Fig. 26c,16.5VW_83.5AB,0.165,0.835,0.0309415674165647,8.152327023
Supp. Fig. 26c,16.5VW_83.5AB,0.165,0.835,0.0366259072362445,7.784773465
Supp. Fig. 26c,16.5VW_83.5AB,0.165,0.835,0.0417021096490458,7.027262476
Supp. Fig. 26c,16.5VW_83.5AB,0.165,0.835,0.0461898629474729,8.562128259
Supp. Fig. 26c,16.5VW_83.5AB,0.165,0.835,0.0506320761509911,8.934569979
Supp. Fig. 26c,16.5VW_83.5AB,0.165,0.835,0.0547476766990521,9.878254094
Supp. Fig. 27d,Agilus_0VW_100AB,0.0,1.0,45433914530.5585,623.340554062388
Supp. Fig. 27d,Agilus_0VW_100AB,0.0,1.0,90968059647.4852,657.831099487673
Supp. Fig. 27d,Agilus_0VW_100AB,0.0,1.0,138337379972.554,676.997533329796
Supp. Fig. 27d,Agilus_0VW_100AB,0.0,1.0,183574327189.07,689.543314662798
Supp. Fig. 27d,Agilus_0VW_100AB,0.0,1.0,233384294762.484,701.062954412629
Supp. Fig. 27d,Agilus_0VW_100AB,0.0,1.0,279814655190.094,708.931326786829
Supp. Fig. 27d,Agilus_0VW_100AB,0.0,1.0,323935539343.258,712.216966215528
Supp. Fig. 27d,Agilus_0VW_100AB,0.0,1.0,371495354984.638,720.61396364532
Supp. Fig. 27d,Agilus_0VW_100AB,0.0,1.0,421356029359.682,725.986260615431
Supp. Fig. 27d,Agilus_0VW_100AB,0.0,1.0,468264878700.027,731.32155180236
Supp. Fig. 27d,Agilus_0VW_100AB,0.0,1.0,518703962662.595,734.455606148872
Supp. Fig. 27d,Agilus_0VW_100AB,0.0,1.0,566586529265.867,738.515931566352
Supp. Fig. 27d,Agilus_0VW_100AB,0.0,1.0,615699985185.025,743.391810860027
Supp. Fig. 27d,Agilus_0VW_100AB,0.0,1.0,27871681865.6995,598.506211513488
Supp. Fig. 27d,Agilus_0VW_100AB,0.0,1.0,53078923778.4252,629.279411344578
Supp. Fig. 27d,Agilus_0VW_100AB,0.0,1.0,74215044884.8965,647.289227890293
Supp. Fig. 27d,Agilus_0VW_100AB,0.0,1.0,99097050938.2316,658.98153273031
Supp. Fig. 27d,Agilus_0VW_100AB,0.0,1.0,121196178188.241,669.092375193801
Supp. Fig. 27d,Agilus_0VW_100AB,0.0,1.0,144036884894.303,675.180668089433
Supp. Fig. 27d,Agilus_0VW_100AB,0.0,1.0,163821063288.746,680.509829610302
Supp. Fig. 27d,Agilus_0VW_100AB,0.0,1.0,186507881070.789,689.513298472387
Supp. Fig. 27d,Agilus_0VW_100AB,0.0,1.0,209123943291.554,692.809166333987
Supp. Fig. 27d,Agilus_0VW_100AB,0.0,1.0,227885680592.892,696.953853539338
Supp. Fig. 27d,Agilus_0VW_100AB,0.0,1.0,250467520031.418,701.543206369329
Supp. Fig. 27d,Agilus_0VW_100AB,0.0,1.0,276948795147.938,705.684678658014
Supp. Fig. 27d,Agilus_0VW_100AB,0.0,1.0,303645119619.834,708.933179564088
Supp. Fig. 27d,Agilus_0VW_100AB,0.0,1.0,1546497608.6296,488.084295499224
Supp. Fig. 27d,Agilus_0VW_100AB,0.0,1.0,2495249972.85928,512.01100921792
Supp. Fig. 27d,Agilus_0VW_100AB,0.0,1.0,3290740271.06008,526.36492755808
Supp. Fig. 27d,Agilus_0VW_100AB,0.0,1.0,4256913751.66315,536.89416498218
Supp. Fig. 27d,Agilus_0VW_100AB,0.0,1.0,4833406203.95337,545.167451130723
Supp. Fig. 27d,Agilus_0VW_100AB,0.0,1.0,5720201485.00737,553.18317501289
Supp. Fig. 27d,Agilus_0VW_100AB,0.0,1.0,6596503207.00924,554.552880710566
Supp. Fig. 27d,Agilus_0VW_100AB,0.0,1.0,7272754934.38617,561.281435592734
Supp. Fig. 27d,Agilus_0VW_100AB,0.0,1.0,7853212917.93302,564.987921474154
Supp. Fig. 27d,Agilus_0VW_100AB,0.0,1.0,8413187508.65773,569.353244377282
Supp. Fig. 27d,Agilus_0VW_100AB,0.0,1.0,9127861937.8076,572.820549435429
Supp. Fig. 27d,Agilus_0VW_100AB,0.0,1.0,9976675407.74435,577.171569807897
Supp. Fig. 27d,Agilus_0VW_100AB,0.0,1.0,10655493892.9741,579.890886061165
Supp. Fig. 27d,Agilus_0VW_100AB,0.0,1.0,3330448.7704099,257.276740377802
Supp. Fig. 27d,Agilus_0VW_100AB,0.0,1.0,6060692.57287482,279.295665398255
Supp. Fig. 27d,Agilus_0VW_100AB,0.0,1.0,8996259.44231513,292.771707918294
Supp. Fig. 27d,Agilus_0VW_100AB,0.0,1.0,11760918.5416106,302.088814619843
Supp. Fig. 27d,Agilus_0VW_100AB,0.0,1.0,14701746.4548776,310.009332287807
Supp. Fig. 27d,Agilus_0VW_100AB,0.0,1.0,17589876.6911946,316.063868247811
Supp. Fig. 27d,Agilus_0VW_100AB,0.0,1.0,20387443.7346364,318.231250346643
Supp. Fig. 27d,Agilus_0VW_100AB,0.0,1.0,23231732.1163832,325.368446295356
Supp. Fig. 27d,Agilus_0VW_100AB,0.0,1.0,26066068.22183,326.801877803935
Supp. Fig. 27d,Agilus_0VW_100AB,0.0,1.0,29091581.7733929,330.725287345668
Supp. Fig. 27d,Agilus_0VW_100AB,0.0,1.0,31846943.5222449,334.305957720186
Supp. Fig. 27d,Agilus_0VW_100AB,0.0,1.0,35055681.0461184,337.135144903931
Supp. Fig. 27d,Agilus_0VW_100AB,0.0,1.0,37776828.2570144,339.651981118367
Supp. Fig. 27d,Agilus_0VW_100AB,0.0,1.0,42934.613065714,106.338586123737
Supp. Fig. 27d,Agilus_0VW_100AB,0.0,1.0,77662.5278733936,125.575779587767
Supp. Fig. 27d,Agilus_0VW_100AB,0.0,1.0,116257.366252279,135.151644937426
Supp. Fig. 27d,Agilus_0VW_100AB,0.0,1.0,157166.960362183,141.884218948017
Supp. Fig. 27d,Agilus_0VW_100AB,0.0,1.0,199867.227586698,147.772162511356
Supp. Fig. 27d,Agilus_0VW_100AB,0.0,1.0,242240.315715244,151.896651549765
Supp. Fig. 27d,Agilus_0VW_100AB,0.0,1.0,284165.740310269,151.842959589003
Supp. Fig. 27d,Agilus_0VW_100AB,0.0,1.0,329537.314331354,157.547095320687
Supp. Fig. 27d,Agilus_0VW_100AB,0.0,1.0,372375.622268891,159.732587500379
Supp. Fig. 27d,Agilus_0VW_100AB,0.0,1.0,422148.28131015,162.315652021243
Supp. Fig. 27d,Agilus_0VW_100AB,0.0,1.0,469212.662055413,163.467591940161
Supp. Fig. 27d,Agilus_0VW_100AB,0.0,1.0,514245.311742839,165.761117905557
Supp. Fig. 27d,Agilus_0VW_100AB,0.0,1.0,558982.123020584,168.183085877575
Supp. Fig. 27d,Agilus_0VW_100AB,0.0,1.0,1069.40566742509,28.2493612390821
Supp. Fig. 27d,Agilus_0VW_100AB,0.0,1.0,2029.7925126586,38.2414846247043
Supp. Fig. 27d,Agilus_0VW_100AB,0.0,1.0,2912.94173986374,48.6979316071897
Supp. Fig. 27d,Agilus_0VW_100AB,0.0,1.0,3850.90900315215,54.3906935672533
Supp. Fig. 27d,Agilus_0VW_100AB,0.0,1.0,4797.1031420713,57.7867390184786
Supp. Fig. 27d,Agilus_0VW_100AB,0.0,1.0,5753.52638890386,60.5616749430509
Supp. Fig. 27d,Agilus_0VW_100AB,0.0,1.0,6845.09820811579,60.4586093194695
Supp. Fig. 27d,Agilus_0VW_100AB,0.0,1.0,7999.79681371155,65.0034384137113
Supp. Fig. 27d,Agilus_0VW_100AB,0.0,1.0,9092.22738347268,65.9658179593395
Supp. Fig. 27d,Agilus_0VW_100AB,0.0,1.0,10205.8301916205,68.7492092155606
Supp. Fig. 27d,Agilus_0VW_100AB,0.0,1.0,11280.4491970281,70.2142773081492
Supp. Fig. 27d,Agilus_0VW_100AB,0.0,1.0,12469.6736446392,72.7134689128757
Supp. Fig. 27d,Agilus_0VW_100AB,0.0,1.0,13723.0957161995,74.1411110053161
Supp. Fig. 27d,Agilus_0VW_100AB,0.0,1.0,32.6526851937687,8.27603713966936
Supp. Fig. 27d,Agilus_0VW_100AB,0.0,1.0,61.9955586679412,11.8978413599473
Supp. Fig. 27d,Agilus_0VW_100AB,0.0,1.0,91.0256261535391,15.5281477420576
Supp. Fig. 27d,Agilus_0VW_100AB,0.0,1.0,118.539895227763,19.4812555694668
Supp. Fig. 27d,Agilus_0VW_100AB,0.0,1.0,145.898227192518,21.4595139622841
Supp. Fig. 27d,Agilus_0VW_100AB,0.0,1.0,174.666844756223,23.8993988406127
Supp. Fig. 27d,Agilus_0VW_100AB,0.0,1.0,202.08154329993,25.7729960194904
Supp. Fig. 27d,Agilus_0VW_100AB,0.0,1.0,229.827222299149,27.0455677426582
Supp. Fig. 27d,Agilus_0VW_100AB,0.0,1.0,259.01661830468,28.8338279998665
Supp. Fig. 27d,Agilus_0VW_100AB,0.0,1.0,284.46247699351,29.7262419377996
Supp. Fig. 27d,Agilus_0VW_100AB,0.0,1.0,316.315555941054,30.9472234093896
Supp. Fig. 27d,Agilus_0VW_100AB,0.0,1.0,347.083674304647,32.485445888996
Supp. Fig. 27d,Agilus_0VW_100AB,0.0,1.0,376.361779906097,33.8569874292484
Supp. Fig. 27d,Agilus_0VW_100AB,0.0,1.0,1.04423787948674,4.75163182672794
Supp. Fig. 27d,Agilus_0VW_100AB,0.0,1.0,1.97982772508094,5.2726902633861
Supp. Fig. 27d,Agilus_0VW_100AB,0.0,1.0,2.90421362625719,6.31668651594582
Supp. Fig. 27d,Agilus_0VW_100AB,0.0,1.0,3.79258546555384,7.12751467479257
Supp. Fig. 27d,Agilus_0VW_100AB,0.0,1.0,4.65299761899717,7.46470179206008
Supp. Fig. 27d,Agilus_0VW_100AB,0.0,1.0,5.5645087136056,8.60016582685721
Supp. Fig. 27d,Agilus_0VW_100AB,0.0,1.0,6.47089637391763,9.64365983267912
Supp. Fig. 27d,Agilus_0VW_100AB,0.0,1.0,7.3165812912355,9.69088509967536
Supp. Fig. 27d,Agilus_0VW_100AB,0.0,1.0,8.24813604251819,10.7524880076866
Supp. Fig. 27d,Agilus_0VW_100AB,0.0,1.0,9.11877817533775,11.2509975538469
Supp. Fig. 27d,Agilus_0VW_100AB,0.0,1.0,10.0281618940924,11.2852953115274
Supp. Fig. 27d,Agilus_0VW_100AB,0.0,1.0,11.0264426143028,12.3384772004115
Supp. Fig. 27d,Agilus_0VW_100AB,0.0,1.0,11.9844452113532,13.5857613592463
Supp. Fig. 27d,Agilus_0VW_100AB,0.0,1.0,0.0300435497866084,5.31133471989409
Supp. Fig. 27d,Agilus_0VW_100AB,0.0,1.0,0.057646564315757,5.36635334076462
Supp. Fig. 27d,Agilus_0VW_100AB,0.0,1.0,0.0843641985015596,5.22719809207526
Supp. Fig. 27d,Agilus_0VW_100AB,0.0,1.0,0.109755780629651,4.97203429456991
Supp. Fig. 27d,Agilus_0VW_100AB,0.0,1.0,0.135196231498938,4.88455864185218
Supp. Fig. 27d,Agilus_0VW_100AB,0.0,1.0,0.16053100395111,5.14796610505504
Supp. Fig. 27d,Agilus_0VW_100AB,0.0,1.0,0.185705458065806,5.45182456358257
Supp. Fig. 27d,Agilus_0VW_100AB,0.0,1.0,0.211289969303523,5.57608302884707
Supp. Fig. 27d,Agilus_0VW_100AB,0.0,1.0,0.23806110536286,5.69925526869532
Supp. Fig. 27d,Agilus_0VW_100AB,0.0,1.0,0.264782830779109,6.24159031967028
Supp. Fig. 27d,Agilus_0VW_100AB,0.0,1.0,0.289700030762954,5.82621708814058
Supp. Fig. 27d,Agilus_0VW_100AB,0.0,1.0,0.317244944424206,6.30008216346831
Supp. Fig. 27d,Agilus_0VW_100AB,0.0,1.0,0.345628589482628,7.39913266851611
Supp. Fig. 27d,Agilus_0VW_100AB,0.0,1.0,0.00155635829381268,6.89789674407068
Supp. Fig. 27d,Agilus_0VW_100AB,0.0,1.0,0.00299008231303831,6.27319904744049
Supp. Fig. 27d,Agilus_0VW_100AB,0.0,1.0,0.00440623202617274,5.4463311717308
Supp. Fig. 27d,Agilus_0VW_100AB,0.0,1.0,0.00569039506172292,4.65533284735047
Supp. Fig. 27d,Agilus_0VW_100AB,0.0,1.0,0.0069947607415573,5.0085016015257
Supp. Fig. 27d,Agilus_0VW_100AB,0.0,1.0,0.00824581433322425,5.18659509371976
Supp. Fig. 27d,Agilus_0VW_100AB,0.0,1.0,0.00948589220251466,4.84618470256069
Supp. Fig. 27d,Agilus_0VW_100AB,0.0,1.0,0.0107404421246277,5.53468021496284
Supp. Fig. 27d,Agilus_0VW_100AB,0.0,1.0,0.0119887747929792,5.84109547314262
Supp. Fig. 27d,Agilus_0VW_100AB,0.0,1.0,0.013280657431631,6.70194801817447
Supp. Fig. 27d,Agilus_0VW_100AB,0.0,1.0,0.0144444917670896,4.6742860197269
Supp. Fig. 27d,Agilus_0VW_100AB,0.0,1.0,0.0157384980077779,6.11404977212968
Supp. Fig. 27d,Agilus_0VW_100AB,0.0,1.0,0.0171221560914475,7.318519330446
