material,vw_fraction,temperature_C,tan_delta,storage_modulus_MPa,shifted_freq_hz
0% VW (Agilus),0.0,-12.5521799999989,0.15894872084872,623.340554062388,45433914530.5585
0% VW (Agilus),0.0,-12.5534799999996,0.140506364165817,657.831099487673,90968059647.4852
0% VW (Agilus),0.0,-12.56966,0.130351703373217,676.997533329796,138337379972.554
0% VW (Agilus),0.0,-12.564050000001,0.123182441812885,689.543314662798,183574327189.07
0% VW (Agilus),0.0,-12.5840028750004,0.117550866996369,701.062954412629,233384294762.484
0% VW (Agilus),0.0,-12.5829647656247,0.11276893248302,708.931326786829,279814655190.094
0% VW (Agilus),0.0,-12.5738470156251,0.11457511043573,712.216966215528,323935539343.258
0% VW (Agilus),0.0,-12.5779268750001,0.10881155397497,720.61396364532,371495354984.638
0% VW (Agilus),0.0,-12.5875455859375,0.104924439207971,725.986260615431,421356029359.682
0% VW (Agilus),0.0,-12.5877759999997,0.100039840846092,731.32155180236,468264878700.027
0% VW (Agilus),0.0,-12.5960150859386,0.0978122859466465,734.455606148872,518703962662.595
0% VW (Agilus),0.0,-12.5975300000005,0.094170496579316,738.515931566352,566586529265.867
0% VW (Agilus),0.0,-12.6011692734385,0.0911716078672017,743.391810860027,615699985185.025
0% VW (Agilus),0.0,-11.9746799999991,0.161965459113086,598.506211513488,27871681865.6995
0% VW (Agilus),0.0,-11.9166544999999,0.144179370449338,629.279411344578,53078923778.4252
0% VW (Agilus),0.0,-11.83334984375,0.134146347122177,647.289227890293,74215044884.8965
0% VW (Agilus),0.0,-11.835069999999,0.127136362192137,658.98153273031,99097050938.2316
0% VW (Agilus),0.0,-11.8091799999996,0.121458168740434,669.092375193801,121196178188.241
0% VW (Agilus),0.0,-11.7977199999994,0.118984647886028,675.180668089433,144036884894.303
0% VW (Agilus),0.0,-11.7675368749998,0.119978766860716,680.509829610302,163821063288.746
0% VW (Agilus),0.0,-11.76299,0.111190028997115,689.513298472387,186507881070.789
0% VW (Agilus),0.0,-11.7590399999991,0.109095871950638,692.809166333987,209123943291.554
0% VW (Agilus),0.0,-11.73597,0.104353253217208,696.953853539338,227885680592.892
0% VW (Agilus),0.0,-11.7349909999992,0.101688632784456,701.543206369329,250467520031.418
0% VW (Agilus),0.0,-11.7510000000009,0.0981369485015981,705.684678658014,276948795147.938
0% VW (Agilus),0.0,-11.7652183906259,0.0953335100075177,708.933179564088,303645119619.834
0% VW (Agilus),0.0,-8.50418515625078,0.200097500345017,488.084295499224,1546497608.6296
0% VW (Agilus),0.0,-8.24276,0.180170665393232,512.01100921792,2495249972.85928
0% VW (Agilus),0.0,-8.08579,0.168921392638886,526.36492755808,3290740271.06008
0% VW (Agilus),0.0,-8.04887999999978,0.160575284331535,536.89416498218,4256913751.66315
0% VW (Agilus),0.0,-7.93150999999984,0.154433947006373,545.167451130723,4833406203.95337
0% VW (Agilus),0.0,-7.91456925000002,0.148593765358976,553.18317501289,5720201485.00737
0% VW (Agilus),0.0,-7.90038000000017,0.151333630638739,554.552880710566,6596503207.00924
0% VW (Agilus),0.0,-7.85647000000056,0.144635634636669,561.281435592734,7272754934.38617
0% VW (Agilus),0.0,-7.80636,0.140130041579811,564.987921474154,7853212917.93302
0% VW (Agilus),0.0,-7.76175000000025,0.134511735601659,569.353244377282,8413187508.65773
0% VW (Agilus),0.0,-7.74489746093761,0.13198485131348,572.820549435429,9127861937.8076
0% VW (Agilus),0.0,-7.7472300000004,0.127654977911843,577.171569807897,9976675407.74435
0% VW (Agilus),0.0,-7.72983996093766,0.124280783519614,579.890886061165,10655493892.9741
0% VW (Agilus),0.0,-0.819460000000035,0.386378476810971,257.276740377802,3330448.7704099
0% VW (Agilus),0.0,-0.697799203124975,0.345530925565627,279.295665398255,6060692.57287482
0% VW (Agilus),0.0,-0.684290000000018,0.321692955760024,292.771707918294,8996259.44231513
0% VW (Agilus),0.0,-0.658881453125,0.304533004963815,302.088814619843,11760918.5416106
0% VW (Agilus),0.0,-0.658933921874979,0.291362992780332,310.009332287807,14701746.4548776
0% VW (Agilus),0.0,-0.655111960937556,0.280556372735988,316.063868247811,17589876.6911946
0% VW (Agilus),0.0,-0.64666,0.287323936256654,318.231250346643,20387443.7346364
0% VW (Agilus),0.0,-0.64288,0.265890892098624,325.368446295356,23231732.1163832
0% VW (Agilus),0.0,-0.639440000000021,0.266890234323875,326.801877803935,26066068.22183
0% VW (Agilus),0.0,-0.645183203124999,0.255999185863212,330.725287345668,29091581.7733929
0% VW (Agilus),0.0,-0.638971031250007,0.249865401561648,334.305957720186,31846943.5222449
0% VW (Agilus),0.0,-0.650556562500017,0.242926533355104,337.135144903931,35055681.0461184
0% VW (Agilus),0.0,-0.643742625000019,0.236933449053406,339.651981118367,37776828.2570144
0% VW (Agilus),0.0,4.90168000000036,0.772038848839072,106.338586123737,42934.613065714
0% VW (Agilus),0.0,5.03659999999967,0.667845532034061,125.575779587767,77662.5278733936
0% VW (Agilus),0.0,5.03933,0.609286154829597,135.151644937426,116257.366252279
0% VW (Agilus),0.0,5.0207596718751,0.568423311720287,141.884218948017,157166.960362183
0% VW (Agilus),0.0,4.99764992968711,0.539172714343853,147.772162511356,199867.227586698
0% VW (Agilus),0.0,4.98427648437477,0.514373211317673,151.896651549765,242240.315715244
0% VW (Agilus),0.0,4.97692,0.535680969320511,151.842959589003,284165.740310269
0% VW (Agilus),0.0,4.95731000000045,0.48715559383288,157.547095320687,329537.314331354
0% VW (Agilus),0.0,4.95135999999965,0.48239267326982,159.732587500379,372375.622268891
0% VW (Agilus),0.0,4.92437870312482,0.461294230045854,162.315652021243,422148.28131015
0% VW (Agilus),0.0,4.91042982031232,0.452335077876923,163.467591940161,469212.662055413
0% VW (Agilus),0.0,4.90421,0.436293904503158,165.761117905557,514245.311742839
0% VW (Agilus),0.0,4.89968,0.423009534979459,168.183085877575,558982.123020584
0% VW (Agilus),0.0,9.94883,1.39993641147272,28.2493612390821,1069.40566742509
0% VW (Agilus),0.0,10.0216550859369,1.40202303480103,38.2414846247043,2029.7925126586
0% VW (Agilus),0.0,10.0832600000003,1.0691966122992,48.6979316071897,2912.94173986374
0% VW (Agilus),0.0,10.0951513437504,0.980777567847247,54.3906935672533,3850.90900315215
0% VW (Agilus),0.0,10.0999444140625,0.922605701351774,57.7867390184786,4797.1031420713
0% VW (Agilus),0.0,10.1006700000011,0.903026392079133,60.5616749430509,5753.52638890386
0% VW (Agilus),0.0,10.07341,0.940588137202517,60.4586093194695,6845.09820811579
0% VW (Agilus),0.0,10.04228,0.842531566066532,65.0034384137113,7999.79681371155
0% VW (Agilus),0.0,10.0280476562505,0.845157395025041,65.9658179593395,9092.22738347268
0% VW (Agilus),0.0,10.0138752500005,0.793088438545348,68.7492092155606,10205.8301916205
0% VW (Agilus),0.0,10.0071899999989,0.76622647745099,70.2142773081492,11280.4491970281
0% VW (Agilus),0.0,9.98879000000085,0.737927464888485,72.7134689128757,12469.6736446392
0% VW (Agilus),0.0,9.96688384375051,0.707688394023451,74.1411110053161,13723.0957161995
0% VW (Agilus),0.0,14.8889205937505,2.10806634888544,8.27603713966936,32.6526851937687
0% VW (Agilus),0.0,14.96387,1.85298344716014,11.8978413599473,61.9955586679412
0% VW (Agilus),0.0,14.9947,1.69361511538877,15.5281477420576,91.0256261535391
0% VW (Agilus),0.0,15.0286900000002,1.52288555403332,19.4812555694668,118.539895227763
0% VW (Agilus),0.0,15.0510199999992,1.48459351622123,21.4595139622841,145.898227192518
0% VW (Agilus),0.0,15.054409999999,1.37003725098022,23.8993988406127,174.666844756223
0% VW (Agilus),0.0,15.0664678125007,1.35590589959093,25.7729960194904,202.08154329993
0% VW (Agilus),0.0,15.0734995781249,1.27615166689215,27.0455677426582,229.827222299149
0% VW (Agilus),0.0,15.07093,1.20939799970751,28.8338279998665,259.01661830468
0% VW (Agilus),0.0,15.0877376562503,1.18084028188569,29.7262419377996,284.46247699351
0% VW (Agilus),0.0,15.0721165859369,1.18634963908151,30.9472234093896,316.315555941054
0% VW (Agilus),0.0,15.063730000001,1.13515201185559,32.485445888996,347.083674304647
0% VW (Agilus),0.0,15.0623708909724,1.09636772628858,33.8569874292484,376.361779906097
0% VW (Agilus),0.0,19.9354200000002,1.97559688504794,4.75163182672794,1.04423787948674
0% VW (Agilus),0.0,20.0130293125005,1.92775549049524,5.2726902633861,1.97982772508094
0% VW (Agilus),0.0,20.0417300000015,1.86211736863378,6.31668651594582,2.90421362625719
0% VW (Agilus),0.0,20.0685100000016,1.89625792287193,7.12751467479257,3.79258546555384
0% VW (Agilus),0.0,20.0925877499987,2.09592631940708,7.46470179206008,4.65299761899717
0% VW (Agilus),0.0,20.0970042812484,1.85298931316289,8.60016582685721,5.5645087136056
0% VW (Agilus),0.0,20.1011896484374,1.74481411322957,9.64365983267912,6.47089637391763
0% VW (Agilus),0.0,20.115,1.79447741866288,9.69088509967536,7.3165812912355
0% VW (Agilus),0.0,20.1123400000013,1.71036504128743,10.7524880076866,8.24813604251819
0% VW (Agilus),0.0,20.1188089843763,1.6452367174358,11.2509975538469,9.11877817533775
0% VW (Agilus),0.0,20.119129999998,1.72880434609189,11.2852953115274,10.0281618940924
0% VW (Agilus),0.0,20.1089500000013,1.6438170509148,12.3384772004115,11.0264426143028
0% VW (Agilus),0.0,20.1047299999979,1.53583245917503,13.5857613592463,11.9844452113532
0% VW (Agilus),0.0,24.9346188750012,1.30916776319392,5.31133471989409,0.0300435497866084
0% VW (Agilus),0.0,24.9986491406247,1.29862247701172,5.36635334076462,0.057646564315757
0% VW (Agilus),0.0,25.0367869843752,1.41289834897011,5.22719809207526,0.0843641985015596
0% VW (Agilus),0.0,25.0748442499983,1.63438866765287,4.97203429456991,0.109755780629651
0% VW (Agilus),0.0,25.0976,1.74635338614686,4.88455864185218,0.135196231498938
0% VW (Agilus),0.0,25.11399,1.74776297138353,5.14796610505504,0.16053100395111
0% VW (Agilus),0.0,25.1271500000009,1.69107119149928,5.45182456358257,0.185705458065806
0% VW (Agilus),0.0,25.1340799999998,1.7402668172936,5.57608302884707,0.211289969303523
0% VW (Agilus),0.0,25.1317300000015,1.67167354616699,5.69925526869532,0.23806110536286
0% VW (Agilus),0.0,25.1301424999984,1.5380778421932,6.24159031967028,0.264782830779109
0% VW (Agilus),0.0,25.1384906406247,1.845784911391,5.82621708814058,0.289700030762954
0% VW (Agilus),0.0,25.1325614453105,1.62627275577409,6.30008216346831,0.317244944424206
0% VW (Agilus),0.0,25.1237900000002,1.389257440955,7.39913266851611,0.345628589482628
0% VW (Agilus),0.0,29.90199975,0.891082306569777,6.89789674407068,0.00155635829381268
0% VW (Agilus),0.0,29.9754606601562,0.99424453226979,6.27319904744049,0.00299008231303831
0% VW (Agilus),0.0,30.0079496249999,1.31372512045181,5.4463311717308,0.00440623202617274
0% VW (Agilus),0.0,30.0664782421872,1.71999807487922,4.65533284735047,0.00569039506172292
0% VW (Agilus),0.0,30.0972551093751,1.45215974910834,5.0085016015257,0.0069947607415573
0% VW (Agilus),0.0,30.12993,1.42984610763366,5.18659509371976,0.00824581433322425
0% VW (Agilus),0.0,30.1557800000016,1.57605376500106,4.84618470256069,0.00948589220251466
0% VW (Agilus),0.0,30.1729399999994,1.4498304501112,5.53468021496284,0.0107404421246277
0% VW (Agilus),0.0,30.18736,1.18567975831789,5.84109547314262,0.0119887747929792
0% VW (Agilus),0.0,30.1929294687495,0.871531758076934,6.70194801817447,0.013280657431631
0% VW (Agilus),0.0,30.21377,2.07483831425086,4.6742860197269,0.0144444917670896
0% VW (Agilus),0.0,30.2160099999998,1.15466548024209,6.11404977212968,0.0157384980077779
0% VW (Agilus),0.0,30.208227335936,0.903723916885184,7.318519330446,0.0171221560914475
16.5% VW,0.165,-17.24493,0.169424966,800.4132077,1062041079683.44
16.5% VW,0.165,-16.91042,0.145216499,867.7648683,1598091453099.68
16.5% VW,0.165,-16.49289634,0.134541265,897.4936679,1682323327793.29
16.5% VW,0.165,-16.28905978,0.12790007,913.404313,1887783555056.12
16.5% VW,0.165,-16.01916,0.123804546,923.6956369,1878776838791.41
16.5% VW,0.165,-15.77197391,0.12088535,920.8016432,1830551351434.43
16.5% VW,0.165,-15.42231,0.119034134,924.9105543,1591629025805.68
16.5% VW,0.165,-15.07402772,0.118025825,923.293454,1358299143559.27
16.5% VW,0.165,-14.8491473,0.116799631,920.6497588,1265995395036.05
16.5% VW,0.165,-14.85752,0.115097607,919.3775043,1416542119766.51
16.5% VW,0.165,-14.96423,0.113745781,920.2466066,1703658887373.54
16.5% VW,0.165,-15.44700712,0.112064228,920.2976811,2785687127308.61
16.5% VW,0.165,-15.90269245,0.111549502,916.9496459,4427898721215.83
16.5% VW,0.165,-10.58733262,0.219850204,624.3590767,4226859449.7467
16.5% VW,0.165,-10.08810945,0.201797295,654.0510389,5648976041.70997
16.5% VW,0.165,-9.639448313,0.193674089,664.8960492,5905831790.88891
16.5% VW,0.165,-9.26418,0.188757849,665.7099325,5827679778.28275
16.5% VW,0.165,-8.9108,0.185720616,661.2887677,5490928305.62035
16.5% VW,0.165,-8.822559141,0.184882195,653.1454025,6140792618.23159
16.5% VW,0.165,-8.941176703,0.182568777,672.7430913,7876139611.85198
16.5% VW,0.165,-9.091025883,0.181536416,656.9872252,10146890735.1096
16.5% VW,0.165,-8.850873289,0.179369603,657.3691968,9421781349.03116
16.5% VW,0.165,-8.52702,0.177258479,656.5037729,8085868035.45314
16.5% VW,0.165,-8.358570297,0.174891238,653.6455978,7778335384.06653
16.5% VW,0.165,-8.1637,0.174127299,648.969633,7267773497.88075
16.5% VW,0.165,-8.04644,0.173456679,645.4056383,7173485466.95778
16.5% VW,0.165,-6.601601172,0.315278557,456.3985967,176401095.223459
16.5% VW,0.165,-6.387,0.279196612,501.7270177,298142834.719534
16.5% VW,0.165,-6.20114,0.261782397,521.9614674,386629336.94338
16.5% VW,0.165,-5.993303883,0.2513428,526.332103,438169002.065576
16.5% VW,0.165,-5.895764609,0.243629407,529.1995424,507528153.157638
16.5% VW,0.165,-5.697614219,0.23876949,556.7835551,521783680.514705
16.5% VW,0.165,-5.567173672,0.23444116,561.2982461,549903850.907831
16.5% VW,0.165,-5.36598,0.232495888,548.723506,537359023.152182
16.5% VW,0.165,-5.24778,0.229282767,547.3802069,551450861.260123
16.5% VW,0.165,-5.14361,0.227923573,541.1070004,565093714.197755
16.5% VW,0.165,-5.041042188,0.226509363,533.0457967,574032578.362914
16.5% VW,0.165,-5.11239,0.225945145,528.860406,661872521.524156
16.5% VW,0.165,-5.234510469,0.224117155,526.7321458,788368750.966918
16.5% VW,0.165,-2.346104555,0.441346929,277.798546,6583227.26600771
16.5% VW,0.165,-2.020906813,0.391907592,313.826522,10284483.9728512
16.5% VW,0.165,-1.7766,0.368829441,325.0133738,12818682.3785124
16.5% VW,0.165,-1.65458,0.354313397,352.5205748,15583501.8548265
16.5% VW,0.165,-1.477622125,0.344773703,363.387505,17039618.1141786
16.5% VW,0.165,-1.358344375,0.336640226,364.2572769,18685790.3249147
16.5% VW,0.165,-1.252648852,0.330588209,353.4781595,20128575.1216996
16.5% VW,0.165,-1.1475565,0.324554665,354.6823557,21251234.1307598
16.5% VW,0.165,-1.05306,0.320762012,351.4309651,22264298.1655115
16.5% VW,0.165,-0.998902188,0.317522877,346.0998388,23749306.0131312
16.5% VW,0.165,-0.952634141,0.311414358,344.3399686,25229836.6750452
16.5% VW,0.165,-0.853017078,0.310162028,341.898654,25535637.7926978
16.5% VW,0.165,-0.83395,0.305423462,341.8928613,27269685.9220249
16.5% VW,0.165,4.6349,0.819407303,163.0690392,37197.290254316
16.5% VW,0.165,4.700936016,0.718990897,144.262485,70927.8176202125
16.5% VW,0.165,4.73642,0.662935584,153.4582483,103699.259059123
16.5% VW,0.165,4.779032438,0.627602379,165.3621562,134075.545070505
16.5% VW,0.165,4.794699141,0.601297194,174.0897576,165709.330847908
16.5% VW,0.165,4.82488,0.580545502,180.3727817,194565.544758925
16.5% VW,0.165,4.82723168,0.565266226,184.6954356,226608.143966523
16.5% VW,0.165,4.815251187,0.55025747,191.0429434,261230.128708374
16.5% VW,0.165,4.824164094,0.538933858,192.8563201,291999.171908451
16.5% VW,0.165,4.8415,0.526990805,193.1410813,320409.123583205
16.5% VW,0.165,4.872982031,0.517166292,193.5401629,344532.908765975
16.5% VW,0.165,4.894427348,0.509065391,196.463756,370083.165279301
16.5% VW,0.165,4.909333695,0.496554539,198.6315417,396635.066094638
16.5% VW,0.165,10.39174,1.223936545,56.5794911,631.029901860936
16.5% VW,0.165,10.34730552,1.111444959,57.63174955,1301.57734758384
16.5% VW,0.165,10.31185557,1.037317592,67.47484536,2000.99898014494
16.5% VW,0.165,10.29235,0.99227474,76.13428471,2704.37105686008
16.5% VW,0.165,10.275985,0.986443552,77.54474309,3419.09171949472
16.5% VW,0.165,10.25121,0.918374866,73.97788529,4174.10497479394
16.5% VW,0.165,10.19875626,0.89045906,79.26733904,5050.48266903565
16.5% VW,0.165,10.18636,0.864131308,84.59365602,5821.90391429914
16.5% VW,0.165,10.17443,0.839478863,87.68538412,6604.15695700584
16.5% VW,0.165,10.1372,0.824472932,89.64830169,7530.27491769899
16.5% VW,0.165,10.10681,0.804304407,93.55076482,8460.13630700619
16.5% VW,0.165,10.1160397,0.785970616,95.73755258,9170.21544869961
16.5% VW,0.165,10.10829,0.762727759,98.68306745,9988.06163308185
16.5% VW,0.165,15.0873,1.243564969,24.76697656,25.606008142497
16.5% VW,0.165,15.00487,1.281518243,27.09341663,54.1267586007631
16.5% VW,0.165,14.92076795,1.273365843,28.556591,85.9103019456754
16.5% VW,0.165,14.91995,1.253258197,28.74102456,114.61005998394
16.5% VW,0.165,14.90707,1.245460999,29.99822625,144.508227769356
16.5% VW,0.165,14.967991,1.218634594,31.35499057,166.453616869571
16.5% VW,0.165,14.98316,1.178250718,30.92191747,192.226795269498
16.5% VW,0.165,14.99837138,1.162375012,32.99610346,217.454237076573
16.5% VW,0.165,14.99369805,1.123420091,36.01578237,245.405230492051
16.5% VW,0.165,14.99928,1.059832017,37.18195802,271.651937913444
16.5% VW,0.165,15.00541,1.098831629,39.38125157,297.589207902594
16.5% VW,0.165,15.01676134,1.071195603,41.38137897,322.176896422705
16.5% VW,0.165,15.02718,1.030731277,43.82752771,346.5911431592
16.5% VW,0.165,20.15121,1.231800022,15.91701891,1.77857706057216
16.5% VW,0.165,20.14353667,1.26427881,16.66808267,2.68375373131037
16.5% VW,0.165,20.14149525,1.285376067,17.22979274,3.58399644831148
16.5% VW,0.165,20.13035562,1.170974505,17.79076765,4.51879717159855
16.5% VW,0.165,20.1222002,1.280198508,18.11056865,5.45691335363596
16.5% VW,0.165,20.11619,1.228433798,19.53030523,6.39610890374204
16.5% VW,0.165,20.10448,1.215842854,18.88141456,7.37647243024005
16.5% VW,0.165,20.10050762,1.223741853,19.95038935,8.32412380863586
16.5% VW,0.165,20.09142078,1.218454356,21.11762354,9.31442051458945
16.5% VW,0.165,20.10768,1.187701907,22.11056099,10.1175254289158
16.5% VW,0.165,20.12817101,1.178428483,23.42798918,10.8634749877245
16.5% VW,0.165,20.15393576,1.11439848,24.94923687,11.536397258454
16.5% VW,0.165,25.132577,0.963738207,10.55381694,0.0528736279239864
16.5% VW,0.165,25.03777148,1.029246112,10.77834816,0.0843105644018864
16.5% VW,0.165,25.0192652,1.159717865,9.604270177,0.11376640936537
16.5% VW,0.165,24.66783,1.127566174,9.565114511,0.178728512595323
16.5% VW,0.165,24.62734,1.136304395,11.0260862,0.220237873259657
16.5% VW,0.165,24.62939238,1.242287023,9.445775234,0.256598798892539
16.5% VW,0.165,24.6353743,1.157930688,10.40339759,0.292108475083843
16.5% VW,0.165,24.67660215,1.130812129,10.55152093,0.319869913290332
16.5% VW,0.165,24.69686,1.223262298,10.09228781,0.350733122767419
16.5% VW,0.165,24.71698422,1.152792904,11.43578104,0.380765350984842
16.5% VW,0.165,24.7391,1.111953871,12.25000598,0.409424059315626
16.5% VW,0.165,24.76463911,1.009260574,13.22136922,0.436212413813015
16.5% VW,0.165,29.66127,0.673701393,8.574000625,0.00355334447726705
16.5% VW,0.165,29.59659656,0.649724404,9.15279102,0.00552398840768687
16.5% VW,0.165,29.40506358,0.843649249,7.369253015,0.00819143677107182
16.5% VW,0.165,28.59208,0.871662078,7.831181266,0.0161997513119209
16.5% VW,0.165,28.49288752,0.910827946,7.483076427,0.0205763215627318
16.5% VW,0.165,28.38491502,0.96388697,9.274006124,0.0255428781157031
16.5% VW,0.165,28.284003,1.004299642,8.152327023,0.0309415674165647
16.5% VW,0.165,28.19609,0.932655543,7.784773465,0.0366259072362445
16.5% VW,0.165,28.15395467,1.051963606,7.027262476,0.0417021096490458
16.5% VW,0.165,28.14207,0.960965648,8.562128259,0.0461898629474729
16.5% VW,0.165,28.13378,0.894557728,8.934569979,0.0506320761509911
16.5% VW,0.165,28.13704,0.781671804,9.878254094,0.0547476766990521
33.3% VW,0.333,-12.2248499999989,0.0807198086149395,1317.28562423554,1794039122814620.0
33.3% VW,0.333,-12.225180000001,0.0723803045499281,1359.37940595162,3588964495111340.0
33.3% VW,0.333,-12.219459140625,0.0673661089272465,1382.52341319584,5360447693034620.0
33.3% VW,0.333,-12.21818,0.0635555900377357,1397.93782381192,7140425164931860.0
33.3% VW,0.333,-12.2084235468754,0.0604310361546299,1410.34084414492,8860603885080570.0
33.3% VW,0.333,-12.2179676406247,0.0613837649804568,1416.65093531918,1.07089357626147e+16
33.3% VW,0.333,-12.2259900000007,0.0550767028992552,1427.73155995647,1.25689927035051e+16
33.3% VW,0.333,-12.2317624765631,0.0568933645833896,1431.96475193513,1.44267547888838e+16
33.3% VW,0.333,-12.24147,0.0533776507497154,1438.9533340876,1.63484505445498e+16
33.3% VW,0.333,-12.2396299999992,0.0501736268648037,1444.5133748647,1.81399455609203e+16
33.3% VW,0.333,-12.2522554921871,0.048153951143927,1448.80385144931,2.01434041971823e+16
33.3% VW,0.333,-12.24991,0.0456475730300008,1453.78673071003,2.19360760316245e+16
33.3% VW,0.333,-12.2512604296877,0.0434323980290274,1458.78689076582,2.37881162641516e+16
33.3% VW,0.333,-11.6125299999991,0.0817445991661953,1307.97712250811,1135746790154910.0
33.3% VW,0.333,-11.554689999999,0.073581862828024,1347.26316638243,2175727039603560.0
33.3% VW,0.333,-11.5271500000005,0.0686711215671416,1369.3858564738,3197358649402880.0
33.3% VW,0.333,-11.51119,0.064873605539506,1383.93355196031,4212798763182810.0
33.3% VW,0.333,-11.5051365546876,0.0617135528827948,1396.77197330953,5242325697686910.0
33.3% VW,0.333,-11.4911150390624,0.062594170643101,1404.0962874974,6225485852713080.0
33.3% VW,0.333,-11.4989599999999,0.0564818244272133,1413.74073545791,7305595236139820.0
33.3% VW,0.333,-11.4718711874993,0.0580865224327466,1417.66373034329,8182628496878760.0
33.3% VW,0.333,-11.4684,0.054633989079234,1425.12381151907,9181711634600640.0
33.3% VW,0.333,-11.48426,0.0515504194959406,1431.7405220759,1.03230138589486e+16
33.3% VW,0.333,-11.48651,0.0493386176002052,1435.21107389896,1.13743441239149e+16
33.3% VW,0.333,-11.458332710937,0.0470089391918632,1439.29382283963,1.21509246846302e+16
33.3% VW,0.333,-11.459,0.0446825862419201,1444.36153471102,1.31700386504549e+16
33.3% VW,0.333,-7.7091422109375,0.0956998760746474,1208.4254252804,64729836455034.4
33.3% VW,0.333,-7.3639385781249,0.0872284316564124,1242.40464747597,100893261071298.0
33.3% VW,0.333,-7.1864600000005,0.0820695486400994,1262.51274493809,133167135165257.0
33.3% VW,0.333,-7.09779,0.0779512475966107,1276.70991640769,166573944014697.0
33.3% VW,0.333,-7.04518999999984,0.0746099315174094,1288.90986927259,200482669180955.0
33.3% VW,0.333,-6.99655278124989,0.0687639780929278,1294.89098386752,232306945309413.0
33.3% VW,0.333,-6.9580895156254,0.0688593153042505,1306.50181681837,263630534513534.0
33.3% VW,0.333,-6.94093999999964,0.0643936005997262,1311.1498091969,297599672713161.0
33.3% VW,0.333,-6.9092500000004,0.0627424316417822,1318.11380666338,327258610816867.0
33.3% VW,0.333,-6.87498,0.0605507647450556,1323.28666873428,354774042161220.0
33.3% VW,0.333,-6.84191512499962,0.0589052658812717,1327.68056213148,381089121025581.0
33.3% VW,0.333,-6.80463,0.0572018717847298,1333.21152908439,404746662415629.0
33.3% VW,0.333,-6.80086999999959,0.0552502962048631,1337.32265497761,437293031307021.0
33.3% VW,0.333,-0.563919249999989,0.141600458437121,946.286818644398,422598659532.428
33.3% VW,0.333,-0.426270000000033,0.130901860370287,988.853118979802,769105468066.803
33.3% VW,0.333,-0.379025937499999,0.123786863667126,1014.8564298336,1116925437047.47
33.3% VW,0.333,-0.336459999999996,0.118359954316019,1034.06705065227,1446457378481.07
33.3% VW,0.333,-0.30963,0.113874562101463,1049.04910688954,1775168556063.21
33.3% VW,0.333,-0.340030000000027,0.109772266783066,1061.89894501643,2174995249844.82
33.3% VW,0.333,-0.337389132812507,0.107683602467018,1071.15302516889,2532911010152.2
33.3% VW,0.333,-0.324540000000003,0.109805946717198,1077.10227265392,2869404994667.36
33.3% VW,0.333,-0.316221218749993,0.105983879690172,1085.15365857348,3209751440710.15
33.3% VW,0.333,-0.30131,0.100487510670072,1093.26745777346,3530177400151.0
33.3% VW,0.333,-0.294139999999979,0.0977116251670066,1099.14489259084,3864186723452.7
33.3% VW,0.333,-0.275976671874996,0.0949678784783715,1106.07908664169,4163403952557.5
33.3% VW,0.333,-0.265339999999992,0.0918671169419876,1111.34025070166,4477646320536.36
33.3% VW,0.333,4.86468928906213,0.204584559457997,701.678946124978,10985469220.7605
33.3% VW,0.333,4.8034900000003,0.186895304445003,757.107980017323,22875638746.4914
33.3% VW,0.333,4.81126593750019,0.176503721486381,789.574772752613,34137946603.5971
33.3% VW,0.333,4.83682169988266,0.168975415020564,811.824803203294,44756655309.5606
33.3% VW,0.333,4.85113792968749,0.162869850414879,830.064136224132,55420243318.1872
33.3% VW,0.333,4.86367,0.157817162114295,844.006609769322,65957118728.8135
33.3% VW,0.333,4.86039318750002,0.152588647386602,855.370860120658,77116374362.6028
33.3% VW,0.333,4.88031000000038,0.144869409877459,863.139068089596,86983482531.4607
33.3% VW,0.333,4.89104000000041,0.142518158905785,873.329704742046,97166795973.8754
33.3% VW,0.333,4.88451999999951,0.138843539554629,880.1166089106,108428057097.299
33.3% VW,0.333,4.89002737890634,0.137040018566736,888.042024406349,118838704228.356
33.3% VW,0.333,4.89461999999993,0.134568756421739,894.328558887804,129250403333.883
33.3% VW,0.333,4.90285926562527,0.131972417016879,901.310116037192,139263007183.917
33.3% VW,0.333,10.2324400000001,0.272063682505218,496.886685348106,341343709.444465
33.3% VW,0.333,10.12422,0.250767806548546,550.842413522135,731228364.443568
33.3% VW,0.333,10.0138214062506,0.23732913911166,584.672312797401,1176520363.80529
33.3% VW,0.333,9.94054379687457,0.227569374062649,608.057942267118,1643486205.74669
33.3% VW,0.333,9.90810689062503,0.219656366614715,627.908931558688,2097169092.78073
33.3% VW,0.333,9.86915190624987,0.21400055322334,642.759614488547,2579732837.8983
33.3% VW,0.333,9.84819450000022,0.207701024441874,656.60153722868,3050082197.52378
33.3% VW,0.333,9.83408828125003,0.213143458448627,662.467796436028,3517233319.09385
33.3% VW,0.333,9.84164376562452,0.203459596855235,674.949965606851,3937911915.20798
33.3% VW,0.333,9.8295799999998,0.19917427548558,682.268948131747,4409171143.18776
33.3% VW,0.333,9.82491,0.194554039597516,689.811931469593,4864521594.51654
33.3% VW,0.333,9.81607999999894,0.190739017443694,697.880881694488,5336651822.62522
33.3% VW,0.333,9.80409359375045,0.186120234086472,704.80513644257,5825640293.76345
33.3% VW,0.333,15.1163699999994,0.34255741679222,326.111984737322,16226994.9686733
33.3% VW,0.333,15.079,0.323943076347178,369.011461777418,33206310.8974665
33.3% VW,0.333,15.02917,0.310595692719367,397.035125493565,51355485.0603544
33.3% VW,0.333,14.9745662109375,0.300115918354163,417.251664795011,70807221.2710953
33.3% VW,0.333,14.9331,0.291494501823328,434.212230860685,90790842.8124028
33.3% VW,0.333,14.9049852499996,0.284080665664837,447.252830106185,110846049.455448
33.3% VW,0.333,14.89188,0.27817485731987,459.882091468124,130365322.593689
33.3% VW,0.333,14.8776900000007,0.274884430763075,467.476901523174,150293001.80015
33.3% VW,0.333,14.8751400000003,0.280234705996925,472.579770094103,169344638.576826
33.3% VW,0.333,14.8612926093745,0.270970073071259,481.945770725633,189767883.980672
33.3% VW,0.333,14.85921,0.263345596781386,489.467651838691,209011876.40015
33.3% VW,0.333,14.8549000000004,0.258620094805657,496.51983785462,228617410.285612
33.3% VW,0.333,14.8483360937492,0.253070034527712,503.19027723521,248669500.6013
33.3% VW,0.333,20.062099999999,0.405738983544982,193.446258347254,823106.377137955
33.3% VW,0.333,20.1390963671894,0.396209660521653,222.823722290309,1572800.63553795
33.3% VW,0.333,20.1257669609371,0.387151118395624,242.274010956224,2377902.48490358
33.3% VW,0.333,20.0946899999979,0.379086677302857,255.917009528112,3229451.79595267
33.3% VW,0.333,20.0399971406258,0.372166582603419,267.671667924958,4169800.53411776
33.3% VW,0.333,20.030459875001,0.365949492444371,277.773132370723,5032128.21842538
33.3% VW,0.333,20.0183199999994,0.363935182709986,286.63088111955,5913217.8433339
33.3% VW,0.333,20.0004633437497,0.358891134169651,293.419406653671,6829886.1244335
33.3% VW,0.333,19.9888502968751,0.350255323732074,301.537902900141,7736710.5900791
33.3% VW,0.333,19.9791555234371,0.356685023278418,303.994356430348,8645904.47890069
33.3% VW,0.333,19.9646782812512,0.347968954189635,309.696923774046,9592495.2940364
33.3% VW,0.333,19.9571979101567,0.34263549990261,316.126622439104,10511066.8629609
33.3% VW,0.333,19.9373432343754,0.335573798105481,321.815772519572,11521874.7174901
33.3% VW,0.333,25.82706,0.440359806993941,122.580804919572,28858.2042773372
33.3% VW,0.333,25.7098316015613,0.437931292849431,147.055395127301,61706.4846675911
33.3% VW,0.333,25.5300379687509,0.431939332674435,163.747440692331,102563.320884079
33.3% VW,0.333,25.4186055859362,0.425515566753455,175.11542643963,145740.859728464
33.3% VW,0.333,25.36136171875,0.42023530220377,184.890072316004,188236.438656195
33.3% VW,0.333,25.2613559687508,0.413075241873368,193.965560374917,239181.284186412
33.3% VW,0.333,25.2005205351562,0.422982496478724,199.388452356738,288931.007011989
33.3% VW,0.333,25.1399713828123,0.413180617363322,205.974794433994,341854.44993212
33.3% VW,0.333,25.089915062501,0.414223333123152,209.394690719154,395771.523737734
33.3% VW,0.333,25.0474100000012,0.403134839083937,217.586417303148,450586.14392723
33.3% VW,0.333,25.001782085935,0.396439213798947,222.171261517847,508776.071526345
33.3% VW,0.333,24.9736599999986,0.390319384424886,227.365252545223,564048.138392976
33.3% VW,0.333,24.9286391406235,0.383265687981369,232.825727312368,627030.795523303
33.3% VW,0.333,30.0552499999992,0.450115233000072,89.0350886021023,2680.20862601865
33.3% VW,0.333,30.0791000000009,0.459056205810636,103.929678314505,5290.03383857458
33.3% VW,0.333,30.0636,0.45915806384042,114.237572791709,8003.5027726531
33.3% VW,0.333,30.03311,0.456816452049723,121.987064311458,10853.2045632139
33.3% VW,0.333,29.9964199999994,0.438485457897568,128.069556705696,13845.2720548319
33.3% VW,0.333,29.97888,0.434402617111292,133.039678399685,16776.6957881197
33.3% VW,0.333,29.9627134375015,0.437323172834452,139.208399195198,19749.0683739507
33.3% VW,0.333,29.92748,0.439751659721554,142.613855039645,23015.7573547597
33.3% VW,0.333,29.8997764062498,0.432238354015919,147.60346918986,26293.728139337
33.3% VW,0.333,29.8880002578128,0.420701252679511,150.301943989613,29406.7581011485
33.3% VW,0.333,29.8773161484386,0.42575995085737,151.591675251265,32539.7630345614
33.3% VW,0.333,29.8629800000012,0.423003560218655,155.892142250227,35781.4401475566
33.3% VW,0.333,29.8524199999999,0.419088586610351,159.194386491815,38991.0550460446
33.3% VW,0.333,35.0256745781271,0.461308193313972,55.4779259005225,178.280252772557
33.3% VW,0.333,35.1017728750001,0.477610872959185,64.7373306677156,342.300188427164
33.3% VW,0.333,35.1251245937538,0.503430759992811,69.8802697220568,507.061545625447
33.3% VW,0.333,35.1229468124998,0.523650204263849,73.022728430712,676.871922781016
33.3% VW,0.333,35.114799999997,0.507082771407559,78.5723905089371,849.793738099064
33.3% VW,0.333,35.11978,0.517466021344464,80.2849233238638,1017.03324662192
33.3% VW,0.333,35.1103276406264,0.518049012388428,84.6548092159154,1192.56760925498
33.3% VW,0.333,35.088101328122,0.490670871059529,87.6275410527963,1379.27572197197
33.3% VW,0.333,35.0812099999979,0.492101041011427,90.1219283115511,1557.4303749308
33.3% VW,0.333,35.0555308281255,0.492766471961543,91.3840708441998,1754.47658469506
33.3% VW,0.333,35.0343015000002,0.494061830219156,92.7824731887538,1952.02761945498
33.3% VW,0.333,35.0081400000012,0.485273559151776,95.5001269527064,2159.58438147122
33.3% VW,0.333,34.9907499999965,0.475661779793993,98.3845939586694,2361.48258025837
33.3% VW,0.333,39.9954300000041,0.429093308365741,41.8969636750763,12.9287018450389
33.3% VW,0.333,40.0712400000012,0.493555791949214,43.488009057065,24.8589025551627
33.3% VW,0.333,40.1197452734354,0.50923190984926,48.598111842782,36.3608994791377
33.3% VW,0.333,40.1681599999964,0.483583082834558,55.1001994200555,47.2779414663513
33.3% VW,0.333,40.2012225625018,0.521079717681242,56.0505804345708,58.0920580509736
33.3% VW,0.333,40.2032951250019,0.517321905144161,58.3681069717329,69.6355381792867
33.3% VW,0.333,40.20948,0.52987690504212,60.7537136490446,80.9811501053207
33.3% VW,0.333,40.2158439038691,0.507905376689548,62.8175425255663,92.2447831600574
33.3% VW,0.333,40.21173,0.50905296177635,64.644750150847,103.997135491025
33.3% VW,0.333,40.1970301874963,0.496904008321967,66.0044988908165,116.437150898466
33.3% VW,0.333,40.18251,0.499227557756793,66.9460189309041,129.049635766061
33.3% VW,0.333,40.1898139531241,0.492966612661942,68.6765239059306,140.248801043965
33.3% VW,0.333,40.1947300000018,0.485726765689298,70.8857112935171,151.549083191828
33.3% VW,0.333,44.8505857109343,0.430907341511567,27.3527272660187,1.07815059803134
33.3% VW,0.333,44.9497300000028,0.498642027823986,28.7175987549607,2.05126356804001
33.3% VW,0.333,45.0102600000044,0.514607622444949,31.2529985656996,2.9761459362543
33.3% VW,0.333,45.0499208593727,0.531719770967303,33.315302012042,3.84772320477274
33.3% VW,0.333,45.094040000004,0.53027921996449,35.1827956126932,4.64776073650673
33.3% VW,0.333,45.1185655703179,0.542116506306992,35.9106372663829,5.47229869538391
33.3% VW,0.333,45.1372526250005,0.532510179187857,38.7652919091248,6.29262491890514
33.3% VW,0.333,45.1544700000045,0.532496143079825,39.0049371072405,7.09638790311748
33.3% VW,0.333,45.1672200000023,0.527917790778466,39.6142413766069,7.90509889331294
33.3% VW,0.333,45.1803600000026,0.508626105177284,40.4793518432939,8.69467687411607
33.3% VW,0.333,45.1709900000035,0.522735509984504,40.8669596834906,9.63366615817302
33.3% VW,0.333,45.16394,0.513080746886212,42.1717186639772,10.5668989047366
33.3% VW,0.333,45.1540753984397,0.502799704425273,43.6041963699011,11.5351510931166
33.3% VW,0.333,49.8739,0.429469103847976,18.0108718730486,0.0312511128055378
33.3% VW,0.333,49.9519653437513,0.48850834116746,18.3484870024397,0.0594153567427399
33.3% VW,0.333,49.9831800000001,0.506493324928668,19.2621377753837,0.0873396567580308
33.3% VW,0.333,50.037170000003,0.54327105140212,20.2085714120769,0.112457770680323
33.3% VW,0.333,50.0777136953147,0.532675402868765,21.6229557186247,0.136941012797323
33.3% VW,0.333,50.1064615781259,0.538974519178321,22.111535523779,0.16131156289434
33.3% VW,0.333,50.1197140312484,0.538445822433944,22.9434374114692,0.186596892450955
33.3% VW,0.333,50.1372400312513,0.536615893132207,23.8885507823004,0.210860602699006
33.3% VW,0.333,50.1463035937501,0.531557369944672,23.8477537056435,0.235838470789289
33.3% VW,0.333,50.1573350000026,0.513004929817927,24.0840130350783,0.260189575984863
33.3% VW,0.333,50.1606206249991,0.531261220930714,23.7524748489788,0.285604328330488
33.3% VW,0.333,50.1633379999989,0.522869623327437,24.7485616524551,0.311024331377807
33.3% VW,0.333,50.1637982297779,0.498303947013133,25.3767147042088,0.336843315498436
33.3% VW,0.333,54.81886,0.528741048917987,12.7886749069265,0.00162898230122044
33.3% VW,0.333,54.8991004531267,0.463821887707048,12.4227829635189,0.00311766460355715
33.3% VW,0.333,54.9452299218737,0.512691024045361,12.707905418096,0.00455987622905846
33.3% VW,0.333,54.9928400000014,0.544578394077894,12.8175347563242,0.00592365009253309
33.3% VW,0.333,55.0289075000012,0.534184875445986,13.3677872229734,0.0072602034616984
33.3% VW,0.333,55.05844,0.560832658766913,13.8701804421684,0.00857306542613027
33.3% VW,0.333,55.078165082031,0.535883924851083,14.4085240457602,0.00989498991169628
33.3% VW,0.333,55.09431,0.540994434993702,15.1372960922257,0.0112095745833287
33.3% VW,0.333,55.11827,0.517526895944613,14.6602268589637,0.0124474085924247
33.3% VW,0.333,55.1446569374991,0.476635330051259,14.7023511340239,0.0136334330944748
33.3% VW,0.333,55.1601196484427,0.512023746776956,15.0253877415701,0.014871299241293
33.3% VW,0.333,55.1920700000036,0.501246060797421,15.2278868463337,0.0159442237735097
33.3% VW,0.333,55.2017679218738,0.458396886344116,15.9984467260885,0.0171822564904883
33.3% VW,0.333,59.8283583125001,0.493093872284243,10.5645273130822,0.000127933828586056
33.3% VW,0.333,59.93001,0.451600214244792,10.0578662691383,0.000243959005778798
33.3% VW,0.333,59.97315,0.496313974172226,9.87927028430474,0.000358626979392303
33.3% VW,0.333,60.014810000001,0.560354859435777,9.495468673568,0.00046895159777689
33.3% VW,0.333,60.044496093752,0.539392160148506,9.75548437149658,0.000578123415571545
33.3% VW,0.333,60.0616987890597,0.522633824408388,10.2772423998208,0.000688204032871476
33.3% VW,0.333,60.0831285781234,0.53288802835581,10.4864566950711,0.000794924132088458
33.3% VW,0.333,60.110694593746,0.480888085554222,11.5888462747312,0.000896894098330677
33.3% VW,0.333,60.1292109999993,0.482073967477001,10.8952990214959,0.00100034660502108
33.3% VW,0.333,60.1544610156256,0.398273890611879,11.1236633566444,0.00109851734856028
33.3% VW,0.333,60.17331,0.482566163381361,10.6945229711862,0.00119782727987604
33.3% VW,0.333,60.18092,0.457263723694471,11.2268760986337,0.00130210795708213
33.3% VW,0.333,60.1987805781265,0.38619862742341,12.2109176544911,0.00139896240996341
33.3% VW,0.333,64.7935292500045,0.466596300023984,11.2096374560229,4.38491389183964e-05
33.3% VW,0.333,64.826230000008,0.454000032397713,11.3432660679086,5.76937792918934e-05
33.3% VW,0.333,64.8680700000069,0.442301145281726,11.6540140150976,7.09027451132447e-05
33.3% VW,0.333,64.9130955,0.442612262249994,11.8135621801524,8.35442213126804e-05
33.3% VW,0.333,64.9449634843766,0.455332651682257,12.5549425313353,9.62183863840368e-05
33.3% VW,0.333,64.9811072968785,0.441781468333546,13.2269337126364,0.000108367451983318
33.3% VW,0.333,65.0116300000052,0.426010082749957,12.2178693525032,0.000120418429518952
33.3% VW,0.333,65.04756,0.385552413757715,12.7538298306681,0.000131870785780916
33.3% VW,0.333,65.06901,0.443906535848043,12.0740758352246,0.000143807693380948
33.3% VW,0.333,65.0859780859336,0.43074226032188,13.2145790680377,0.00015581116733925
33.3% VW,0.333,65.1090613671865,0.364274003176135,13.4391393564952,0.000167232129113058
33.3% VW,0.333,69.8333500000032,0.275824919652121,10.9620025368752,2.15629774106167e-06
33.3% VW,0.333,69.9313333515636,0.347108252245446,10.2258880281265,4.16547757136216e-06
33.3% VW,0.333,69.97597,0.340572282301417,10.3427536396171,6.15037890469068e-06
33.3% VW,0.333,70.0135567187494,0.354546469434585,10.1707970144458,8.09235951235487e-06
33.3% VW,0.333,70.0583245625043,0.385020348333804,10.2012221254639,9.95693342607651e-06
33.3% VW,0.333,70.09,0.389037924447324,10.1491111510274,1.18156658478742e-05
33.3% VW,0.333,70.1203199999936,0.381796965508588,10.6697520623583,1.36385302770008e-05
33.3% VW,0.333,70.1333375273291,0.383792227303021,11.4286555649655,1.55156374863489e-05
33.3% VW,0.333,70.1496958398476,0.376501294149587,10.7021420929363,1.73549164327561e-05
33.3% VW,0.333,70.1612225000005,0.293142787395009,10.9084852554516,1.92052221261472e-05
33.3% VW,0.333,70.1794152929822,0.419342228949188,9.81793489031732,2.09910502922901e-05
33.3% VW,0.333,70.20032,0.387210388224682,10.5687367454984,2.2731726563128e-05
33.3% VW,0.333,70.19221,0.306038876820668,11.4248881694123,2.46963064612767e-05
33.3% VW,0.333,74.8529023046903,0.34451786610373,8.9783435676589,8.11299927218859e-07
33.3% VW,0.333,74.9228799999957,0.389626563985415,8.76749140603821,1.19066386130371e-06
33.3% VW,0.333,74.9687454218774,0.476069472882795,8.24327687498977,1.56502384310921e-06
33.3% VW,0.333,75.01126,0.411365930419017,8.67531822992035,1.93056185114661e-06
33.3% VW,0.333,75.0476808749901,0.447890100011392,8.55909632661342,2.29058409192104e-06
33.3% VW,0.333,75.0715634218777,0.442903339072519,8.9999714075282,2.65258931899296e-06
33.3% VW,0.333,75.10686,0.421912935925094,9.88510585368748,2.99848614429197e-06
33.3% VW,0.333,75.1146700000082,0.403526561336935,9.03315016862075,3.3651304737935e-06
33.3% VW,0.333,75.1482080703144,0.277991491805029,9.47510466777368,3.70033715584163e-06
33.3% VW,0.333,75.1694833593747,0.411743180129587,8.47016046536504,4.04361491268369e-06
33.3% VW,0.333,75.1743261757848,0.365251171743817,9.0726557810605,4.404601202699e-06
33.3% VW,0.333,75.1893550781273,0.261818908736372,10.1220591244614,4.74948550342032e-06
50% VW,0.5,-21.33622,0.044449717,1642.474576,2.17280919054243e+20
50% VW,0.5,-21.26762825,0.038612784,1673.632417,4.1244658100451e+20
50% VW,0.5,-21.174334,0.035267342,1687.302168,5.76269433056643e+20
50% VW,0.5,-21.16888,0.032595627,1696.387619,7.65178046700374e+20
50% VW,0.5,-21.16499148,0.030271266,1704.485973,9.53647610932249e+20
50% VW,0.5,-21.18873,0.031150399,1707.18513,1.16523068091936e+21
50% VW,0.5,-21.09612668,0.029034735,1712.295914,1.26698870813764e+21
50% VW,0.5,-21.10555,0.026621193,1718.768887,1.45839811089435e+21
50% VW,0.5,-21.18567,0.024122985,1722.795811,1.74378173143508e+21
50% VW,0.5,-21.1806,0.021927936,1726.307283,1.93007640867032e+21
50% VW,0.5,-21.10028623,0.019598346,1728.961482,1.99728833434301e+21
50% VW,0.5,-21.07424,0.018118737,1733.006534,2.13614279519214e+21
50% VW,0.5,-21.12681796,0.016162159,1737.612611,2.4085329451586e+21
50% VW,0.5,-10.47754,0.057123055,1491.317341,7.82487269807759e+16
50% VW,0.5,-10.15999,0.051272966,1515.835768,1.25338414525067e+17
50% VW,0.5,-10.05913525,0.047384237,1528.185248,1.75226555759554e+17
50% VW,0.5,-9.951778484,0.044352608,1539.451533,2.16779245197783e+17
50% VW,0.5,-9.95013,0.04167116,1548.471156,2.7066278981555e+17
50% VW,0.5,-9.89903,0.04138134,1552.196983,3.13429510989515e+17
50% VW,0.5,-9.897577227,0.039768587,1558.333558,3.65297712659402e+17
50% VW,0.5,-9.898604734,0.037712795,1564.557093,4.17782171320927e+17
50% VW,0.5,-9.842365781,0.035087066,1569.37458,4.51943088548218e+17
50% VW,0.5,-9.848071703,0.032622103,1573.174342,5.04159085885291e+17
50% VW,0.5,-9.860370547,0.030328661,1576.298676,5.59347397851276e+17
50% VW,0.5,-9.82701,0.028505872,1580.23057,5.96179282504542e+17
50% VW,0.5,-9.780275898,0.026415078,1584.765111,6.25178143586129e+17
50% VW,0.5,-0.200396227,0.08665255,1256.708382,77040997886992.3
50% VW,0.5,-0.042498555,0.078028246,1292.844427,139098127028578.0
50% VW,0.5,0.03695,0.072708174,1310.069257,198187401035737.0
50% VW,0.5,0.057129164,0.068575695,1326.200575,260821623233948.0
50% VW,0.5,0.11187,0.065223667,1337.168301,314683063269611.0
50% VW,0.5,0.1558075,0.062293031,1345.415524,367040670926221.0
50% VW,0.5,0.161815781,0.064950786,1350.384145,426553768605964.0
50% VW,0.5,0.15324675,0.061205636,1359.240736,490198567903652.0
50% VW,0.5,0.148481406,0.05758177,1364.829043,553175329749045.0
50% VW,0.5,0.15912,0.054669881,1371.313187,610425603616542.0
50% VW,0.5,0.176419203,0.051837116,1374.825128,663999762410852.0
50% VW,0.5,0.192528867,0.049794198,1380.652853,716858682883535.0
50% VW,0.5,0.213713914,0.047455426,1386.093977,766034929189855.0
50% VW,0.5,9.761972125,0.130220928,958.9241453,151556417218.672
50% VW,0.5,9.70876,0.118847608,1009.874498,313005765961.893
50% VW,0.5,9.761298719,0.111930901,1037.536598,454854049778.449
50% VW,0.5,9.8002,0.106716115,1056.669515,592402978084.81
50% VW,0.5,9.853138934,0.102583575,1071.338606,717232228452.073
50% VW,0.5,9.87555,0.102274,1080.101191,849125700015.628
50% VW,0.5,9.90347,0.095771822,1093.644455,974110731276.749
50% VW,0.5,9.91011,0.098255796,1099.326555,1108822166173.62
50% VW,0.5,9.92365,0.093701167,1108.617012,1237285303507.51
50% VW,0.5,9.931276469,0.09048783,1114.860345,1368456510097.38
50% VW,0.5,9.952885094,0.086952264,1120.428107,1485825751156.34
50% VW,0.5,9.953257344,0.084833002,1126.608028,1620537246431.04
50% VW,0.5,9.96128,0.082006159,1132.157336,1747115081782.72
50% VW,0.5,19.88546127,0.185774832,659.4884916,416055075.118568
50% VW,0.5,19.73515,0.173238653,711.6478268,905559992.952878
50% VW,0.5,19.71242,0.165097619,741.2433379,1375837147.80241
50% VW,0.5,19.72224,0.158962643,761.594929,1824333420.48535
50% VW,0.5,19.74464598,0.153826199,778.7399082,2251828346.00678
50% VW,0.5,19.75802,0.15054203,790.8390188,2681924647.05863
50% VW,0.5,19.78595294,0.145695927,803.5315699,3080099191.96097
50% VW,0.5,19.79623193,0.1510313,807.9030775,3499807136.96498
50% VW,0.5,19.80281077,0.145224408,817.2304007,3922731957.26817
50% VW,0.5,19.80482205,0.140191762,825.7758055,4353660314.19585
50% VW,0.5,19.8165,0.136289563,832.2638889,4757656866.03869
50% VW,0.5,19.82009,0.133298318,839.5890371,5179696594.35302
50% VW,0.5,19.83097578,0.129979811,845.5639464,5577071283.64027
50% VW,0.5,30.04305836,0.247185853,402.5625537,1663460.65235748
50% VW,0.5,29.87760477,0.237656288,443.8470199,3629250.24558469
50% VW,0.5,29.79894353,0.230511909,470.1087099,5673899.50835225
50% VW,0.5,29.75241161,0.224467841,489.2176387,7752770.76889877
50% VW,0.5,29.73438,0.219423019,505.2323277,9783395.63721999
50% VW,0.5,29.70903768,0.216640819,515.9640253,11897777.378261
50% VW,0.5,29.70422006,0.21080246,528.8148632,13915998.4922183
50% VW,0.5,29.7063147,0.214102091,534.1978221,15886465.7577362
50% VW,0.5,29.70196758,0.207059098,543.0392545,17913233.0343649
50% VW,0.5,29.70055295,0.207293781,548.9977411,19918424.8060976
50% VW,0.5,29.70353,0.201680892,556.0035046,21875945.4296111
50% VW,0.5,29.70128,0.198571455,563.1878503,23892960.2547375
50% VW,0.5,29.70901,0.194448011,569.5084042,25778893.3903788
50% VW,0.5,40.07622,0.310376485,218.5734488,10114.4981945386
50% VW,0.5,40.05315,0.306802583,244.4360203,20460.0670229434
50% VW,0.5,40.00544081,0.302766977,261.1953637,31419.665967347
50% VW,0.5,39.97088,0.298695297,274.4683946,42612.1587860348
50% VW,0.5,39.92913897,0.294926599,285.7397927,54371.9554614088
50% VW,0.5,39.89583,0.287948375,293.4164593,66326.1955556808
50% VW,0.5,39.87639442,0.277095752,301.2909342,78125.3975615589
50% VW,0.5,39.84111,0.281250272,308.2080431,90852.8301886351
50% VW,0.5,39.81753,0.272234117,312.2466581,103404.712115506
50% VW,0.5,39.80939734,0.272854262,319.9292619,115355.816893327
50% VW,0.5,39.80807219,0.269730896,323.392683,126974.346090376
50% VW,0.5,39.79216234,0.267947695,328.9152368,139608.566139851
50% VW,0.5,39.77442953,0.265841334,333.7142019,152571.191497156
50% VW,0.5,45.1052,0.357713121,140.9178102,884.588722553253
50% VW,0.5,45.16401,0.358007553,160.1256454,1720.26094589748
50% VW,0.5,45.16482,0.366840185,171.669931,2579.39529687716
50% VW,0.5,45.16270662,0.352463456,182.4208912,3442.66014401757
50% VW,0.5,45.134,0.352153957,189.5765964,4362.62193145077
50% VW,0.5,45.11432,0.346987754,196.575277,5284.50103810021
50% VW,0.5,45.0873952,0.344624987,203.5024639,6244.92097495966
50% VW,0.5,45.06601383,0.352557884,205.5483948,7210.20616246074
50% VW,0.5,45.03934,0.348542336,208.4982085,8215.35002456242
50% VW,0.5,45.01025,0.34199322,215.023141,9255.7375062188
50% VW,0.5,44.98515,0.336345725,218.4792971,10303.9878286246
50% VW,0.5,44.96947355,0.333846699,223.3242416,11325.1258907535
50% VW,0.5,44.94222783,0.327319273,227.3702566,12429.4789461424
50% VW,0.5,50.07009713,0.412426441,80.22902389,85.9657089149222
50% VW,0.5,50.16515,0.415266599,92.81286727,164.541668940126
50% VW,0.5,50.18841934,0.394239918,100.6187131,244.173294229106
50% VW,0.5,50.18012,0.390690025,106.6678104,326.815078060993
50% VW,0.5,50.15645,0.410571549,112.4040045,413.011110527545
50% VW,0.5,50.13767,0.39314886,116.398468,499.933088818803
50% VW,0.5,50.1276,0.388424514,121.9483039,585.975920392659
50% VW,0.5,50.12068074,0.394205069,124.4728927,671.831741905333
50% VW,0.5,50.10464986,0.384671671,127.0209554,761.431632168655
50% VW,0.5,50.09225,0.38397909,130.0914582,850.898276664098
50% VW,0.5,50.0700935,0.382285275,131.3902203,945.624385026363
50% VW,0.5,50.03333114,0.385099977,134.5042726,1049.27494787474
50% VW,0.5,50.01946952,0.382362957,137.2841449,1144.02452370806
50% VW,0.5,54.97404,0.465452116,44.79445895,9.21328973651839
50% VW,0.5,55.08315,0.436935662,50.13523629,17.5466552248392
50% VW,0.5,55.1214,0.43837938,54.55721074,25.8725559256535
50% VW,0.5,55.14738,0.434165624,59.34629911,34.0974137024957
50% VW,0.5,55.16352181,0.438699882,63.22783894,42.3145848743174
50% VW,0.5,55.17095616,0.435267451,65.50718752,50.6086358654323
50% VW,0.5,55.1804455,0.432585176,67.36670773,58.7929054068438
50% VW,0.5,55.19407744,0.431313099,69.42999204,66.7827753632446
50% VW,0.5,55.19827294,0.441398799,69.81818379,74.9895417570958
50% VW,0.5,55.19598066,0.432750191,72.45216742,83.4073223329571
50% VW,0.5,55.20525816,0.439665063,72.67412179,91.3675250740252
50% VW,0.5,55.18784703,0.438062423,75.55686873,100.454168724817
50% VW,0.5,55.17061379,0.433176464,77.06394844,109.668866751882
50% VW,0.5,59.89448,0.478549763,24.88215564,1.04700495440243
50% VW,0.5,59.97695,0.544435749,25.40999215,2.02016368038361
50% VW,0.5,60.01430575,0.591001943,27.22146505,2.96679455413723
50% VW,0.5,60.05106,0.553662843,29.8747415,3.844320282574
50% VW,0.5,60.06334,0.534153797,32.20900502,4.75979570508493
50% VW,0.5,60.07246,0.533002016,33.44837441,5.67146474136527
50% VW,0.5,60.09887416,0.531586919,35.72007745,6.48252228924865
50% VW,0.5,60.12058629,0.505989284,35.92084529,7.28498586803382
50% VW,0.5,60.12172,0.507794935,35.94732102,8.18841514170714
50% VW,0.5,60.12930812,0.491325495,37.46816343,9.04492786785487
50% VW,0.5,60.13540064,0.490014721,37.89684352,9.90259776454709
50% VW,0.5,60.13860941,0.484499422,39.03478362,10.7760332141164
50% VW,0.5,60.14271,0.473066548,40.23667077,11.6370424071288
50% VW,0.5,64.9007675,0.552024775,15.09002185,0.0614211668965881
50% VW,0.5,64.96348148,0.567723795,16.02014263,0.08846065711021
50% VW,0.5,64.9935725,0.565115505,17.00582879,0.115672384113309
50% VW,0.5,65.02992555,0.558969995,18.1280828,0.141231669525636
50% VW,0.5,65.06253724,0.561211938,18.6652579,0.165946240275125
50% VW,0.5,65.10007938,0.550939574,19.66050752,0.188972483872838
50% VW,0.5,65.13135977,0.539491193,20.11249665,0.211660316876964
50% VW,0.5,65.1617,0.522797471,19.8659005,0.233514107948353
50% VW,0.5,65.18824975,0.496454267,20.61018116,0.25506947567072
50% VW,0.5,65.22084578,0.505311169,20.29208634,0.274764442281271
50% VW,0.5,65.23358,0.507702804,21.21523114,0.297303827359075
50% VW,0.5,65.2379197,0.482520745,21.88380505,0.321183809048395
50% VW,0.5,69.89564,0.638322696,10.15034802,0.00312358121317244
50% VW,0.5,69.948735,0.699715808,10.11755537,0.00455114183417374
50% VW,0.5,69.99827956,0.610730946,11.25912654,0.00590607808904009
50% VW,0.5,70.02723519,0.600250313,11.63003777,0.0072668304839724
50% VW,0.5,70.06245812,0.588037582,12.33979058,0.00855431193597597
50% VW,0.5,70.09158,0.58665072,12.9896086,0.00982296669177477
50% VW,0.5,70.10955,0.559124932,12.96020136,0.011116979365572901
50% VW,0.5,70.10629,0.539024006,12.96255292,0.0125288078840864
50% VW,0.5,70.11396,0.493199001,13.44290559,0.013862920655754
50% VW,0.5,70.13447,0.519853861,12.91937633,0.0150800542283996
50% VW,0.5,70.14736555,0.50681999,14.03162045,0.0163360534987347
50% VW,0.5,70.15234,0.467439192,14.13712101,0.0176496155448178
50% VW,0.5,79.9422103,0.465662754,10.21410079,1.37608125573689e-05
50% VW,0.5,79.98067,0.530164973,9.98156446,2.70966544942534e-05
50% VW,0.5,79.98859,0.607638895,9.96846083,4.05150218990717e-05
50% VW,0.5,79.98723912,0.564665534,10.5104543,5.40495428299461e-05
50% VW,0.5,80.00365,0.585802506,10.82880759,6.71152086841039e-05
50% VW,0.5,80.01677,0.593986362,11.16830591,8.01124095746597e-05
50% VW,0.5,80.02347,0.588354177,11.90070374,9.321185327025e-05
50% VW,0.5,80.03568,0.570120135,12.62017014,0.000106003827169026
50% VW,0.5,80.03449116,0.540266061,11.69120524,0.000119311566973421
50% VW,0.5,80.03984,0.509113619,12.3278978,0.000132282407875007
50% VW,0.5,80.04008825,0.528255783,11.98479284,0.000145496065106924
50% VW,0.5,80.04533025,0.523653666,12.49429588,0.000158387439389857
50% VW,0.5,80.05239489,0.471111006,13.3443111,0.000171097799843034
50% VW,0.5,89.94028094,0.532741145,8.355254052,3.94740996152302e-07
50% VW,0.5,89.99164461,0.571298093,8.025059292,7.76952799553119e-07
50% VW,0.5,90.023423,0.631273611,7.531089921,1.15396288330076e-06
50% VW,0.5,90.04463671,0.626137095,7.623688538,1.52850173077756e-06
50% VW,0.5,90.05912687,0.649615014,7.649762337,1.90204195104296e-06
50% VW,0.5,90.08320533,0.620878263,7.883692019,2.26544124818284e-06
50% VW,0.5,90.09012668,0.629375002,7.752416044,2.63734021507563e-06
50% VW,0.5,90.09234,0.539061493,8.995845928,3.0120324178598e-06
50% VW,0.5,90.07902787,0.576157407,8.205217664,3.4025735792989e-06
50% VW,0.5,90.09162464,0.438588428,8.600848245,3.76587688672986e-06
50% VW,0.5,90.1045973,0.366754364,7.884074508,4.12581506552004e-06
50% VW,0.5,90.10348,0.454428557,8.440927259,4.50245039728495e-06
50% VW,0.5,90.10578369,0.358290671,9.110675291,4.87416802751292e-06
66.7% VW,0.667,-13.4933399999999,0.0398410285227492,1752.7634100126,6.47919887105683e+18
66.7% VW,0.667,-13.55992,0.035265064891467,1777.85812980956,1.35637821838696e+19
66.7% VW,0.667,-13.5461052929676,0.0322187771524755,1791.02205433868,2.01537932873316e+19
66.7% VW,0.667,-13.55227,0.0297279507266746,1800.26895940058,2.69855881708046e+19
66.7% VW,0.667,-13.5482949531252,0.0289164498703204,1805.81658882389,3.36401403125125e+19
66.7% VW,0.667,-13.5562426093744,0.0276599053984281,1810.42574316633,4.05888325712092e+19
66.7% VW,0.667,-13.5481319765626,0.0259262705214514,1815.29580497606,4.70909321136058e+19
66.7% VW,0.667,-13.5414359296875,0.0242428417125493,1819.283877839,5.35716069018085e+19
66.7% VW,0.667,-13.5419622109374,0.0216771536383388,1825.27709963297,6.02898156942147e+19
66.7% VW,0.667,-13.5544843906257,0.0194340538514657,1827.21268655087,6.75665188917003e+19
66.7% VW,0.667,-13.55002,0.0175427230040639,1829.68222367507,7.40959275039863e+19
66.7% VW,0.667,-13.5461799999996,0.0159202774552089,1833.27552057315,8.06193039892052e+19
66.7% VW,0.667,-13.5355999999997,0.0139936637476284,1836.16143777332,8.67061227821429e+19
66.7% VW,0.667,-11.9013499999998,0.0402315676653767,1740.82452606846,2.18972494273435e+18
66.7% VW,0.667,-11.72851,0.0358567604833491,1763.35423326527,3.89596272612412e+18
66.7% VW,0.667,-11.6481169843743,0.0328486460876994,1775.51998502417,5.53475154182742e+18
66.7% VW,0.667,-11.6213699999994,0.0304083344446744,1784.40532062343,7.24745723680381e+18
66.7% VW,0.667,-11.642792867188,0.0291333607734453,1790.24574622736,9.19144792504916e+18
66.7% VW,0.667,-11.6193199999991,0.0292454477541942,1792.82435049522,1.08561350638291e+19
66.7% VW,0.667,-11.6022700000009,0.0272591230946861,1798.10158776742,1.25203985558426e+19
66.7% VW,0.667,-11.6168300000007,0.0247757227618197,1803.91799683188,1.44505095978703e+19
66.7% VW,0.667,-11.59025,0.0222772294117188,1808.76843683753,1.59674423817373e+19
66.7% VW,0.667,-11.56568,0.0199795338403549,1811.26926240578,1.74495325548994e+19
66.7% VW,0.667,-11.57185,0.0183900738302604,1813.17016206681,1.92746582564252e+19
66.7% VW,0.667,-11.5600644531235,0.0165333653687191,1816.21393299947,2.08601575154169e+19
66.7% VW,0.667,-11.5347239375,0.0145331737963884,1819.48621467922,2.22149991288487e+19
66.7% VW,0.667,-6.92318000000048,0.0458292618063867,1671.85828657262,8.00779867338063e+16
66.7% VW,0.667,-6.51876436718701,0.0411003393580404,1691.21306540226,1.23075297176e+17
66.7% VW,0.667,-6.3245199999997,0.0378825739675603,1704.07266755026,1.6272392549033e+17
66.7% VW,0.667,-6.27710124999992,0.0353051225289383,1713.2964065345,2.10388462510295e+17
66.7% VW,0.667,-6.19027892968749,0.032974615776328,1719.91843708972,2.48580702593241e+17
66.7% VW,0.667,-6.1501245,0.030498329224386,1723.06203433001,2.90629335259154e+17
66.7% VW,0.667,-6.11139999999974,0.0278767741413052,1727.23838093443,3.30661004418116e+17
66.7% VW,0.667,-6.11489000000018,0.0264052277317332,1733.25850115234,3.78754185858927e+17
66.7% VW,0.667,-6.1064083593749,0.0248045436912016,1737.30405829906,4.23762220308127e+17
66.7% VW,0.667,-6.08514376562484,0.0229988360892685,1740.87676115062,4.64401958489369e+17
66.7% VW,0.667,-6.05842740625038,0.021553864242239,1742.99505844068,5.020740788483e+17
66.7% VW,0.667,-6.02171999999968,0.0199701616996807,1747.03211016366,5.34845138452346e+17
66.7% VW,0.667,-5.99460999999973,0.0182727553239071,1750.11991080266,5.69330015165152e+17
66.7% VW,0.667,-0.0477299999999986,0.0578951312218611,1537.61523686633,1011926117500880.0
66.7% VW,0.667,0.0802800000000058,0.0522897430998539,1565.12343057789,1869563473691150.0
66.7% VW,0.667,0.113820000000009,0.04849339155593,1581.20387912689,2746714544173450.0
66.7% VW,0.667,0.14647,0.0454906776657681,1591.90528198757,3589018847486760.0
66.7% VW,0.667,0.161450000000005,0.0448987234939633,1600.38272057901,4444876879900000.0
66.7% VW,0.667,0.179347128906246,0.0417808736639448,1608.2339202653,5275110219508060.0
66.7% VW,0.667,0.195236640625,0.0424272771556124,1612.18879286453,6094090695705800.0
66.7% VW,0.667,0.204935777343736,0.0393457530538086,1618.46458050144,6923010743550180.0
66.7% VW,0.667,0.21082,0.0364620218474783,1623.57624306565,7760089166690830.0
66.7% VW,0.667,0.222549999999989,0.0338870296617671,1628.10231341064,8559986910275700.0
66.7% VW,0.667,0.22511,0.0319194584750928,1632.58179402105,9401087897747350.0
66.7% VW,0.667,0.232338453125007,0.0297625861027003,1635.59665881402,1.02099830634282e+16
66.7% VW,0.667,0.237805500000014,0.0277071381631896,1639.53678386765,1.10234790051612e+16
66.7% VW,0.667,5.07029,0.0710112613643262,1404.61663043494,44971880270923.7
66.7% VW,0.667,5.01344999999961,0.0645677309975589,1442.02728092847,93049753301642.0
66.7% VW,0.667,4.99286000000006,0.060183077660503,1463.00899750748,141302217555086.0
66.7% VW,0.667,5.00028364062497,0.0567504613708969,1476.92719650249,187569149471114.0
66.7% VW,0.667,5.00554,0.0538209339714294,1489.27553277608,233726282141818.0
66.7% VW,0.667,5.00174648437507,0.0497131385249879,1495.26257405276,281107930487104.0
66.7% VW,0.667,5.00883943359381,0.0478063957852905,1500.92110477468,326572421498663.0
66.7% VW,0.667,5.02147126562515,0.0451469967381412,1509.44383570272,370419764784795.0
66.7% VW,0.667,5.01522274999992,0.0432453719802442,1516.17660027907,418280675692952.0
66.7% VW,0.667,5.01242710156267,0.0414680636557391,1521.95914504512,465533162296181.0
66.7% VW,0.667,5.01054615625013,0.0399769250839109,1525.28361742404,512662237552439.0
66.7% VW,0.667,5.0077733671872,0.0382124924951992,1530.56692125237,560195111678408.0
66.7% VW,0.667,5.02345999999947,0.0363420764973044,1534.54964405097,601217441586627.0
66.7% VW,0.667,9.71369000000045,0.0835708113191795,1289.67432355916,2940808368420.5
66.7% VW,0.667,9.80621259374931,0.0764791465301786,1329.88770419603,5575584049459.45
66.7% VW,0.667,9.88119375000066,0.0717980251015346,1351.81274748228,8009144228532.13
66.7% VW,0.667,9.91653000000046,0.0681133896229538,1366.81871568352,10463345654687.5
66.7% VW,0.667,9.93439534375014,0.0649861902913319,1379.47209261488,12945083908642.0
66.7% VW,0.667,9.95639700000022,0.0624186762016406,1388.61051599337,15338218730675.3
66.7% VW,0.667,9.97144000000021,0.0641214040288063,1392.54455903845,17740019474307.6
66.7% VW,0.667,9.99176999999991,0.0615539467175327,1401.27987134461,20038023668782.4
66.7% VW,0.667,9.99018539062435,0.058024510547628,1409.12921537022,22563382633867.2
66.7% VW,0.667,9.99225,0.0547701192771211,1415.15232038856,25040598382309.2
66.7% VW,0.667,9.9979654843747,0.0526640798223385,1419.14776898124,27454037364406.7
66.7% VW,0.667,9.99902,0.0501820733504817,1424.27012179696,29931655291238.5
66.7% VW,0.667,9.99846999999959,0.0478598486167772,1429.24871454072,32436244000291.6
66.7% VW,0.667,14.7003406484376,0.0982416169682498,1156.09388915379,173376141257.553
66.7% VW,0.667,14.7884086562504,0.0908201705254043,1199.00745892294,330132679626.98
66.7% VW,0.667,14.8817729999994,0.0858541287267349,1222.67258811968,470089327952.725
66.7% VW,0.667,14.9389,0.0819830267968382,1239.43399541527,607153395579.659
66.7% VW,0.667,14.9758863281253,0.0786626448943799,1252.537480447,743469718127.481
66.7% VW,0.667,14.9852000000007,0.077579940865074,1261.40050923568,887549078126.66
66.7% VW,0.667,14.99534,0.0747077392251253,1270.47370996245,1029644641719.09
66.7% VW,0.667,14.9948714999999,0.0749201995762174,1277.08394825946,1177043702233.86
66.7% VW,0.667,15.01065,0.0721283373843564,1284.01489839088,1312593580592.36
66.7% VW,0.667,15.02919328125,0.068515317786759,1290.75109631319,1443460862854.22
66.7% VW,0.667,15.0354551406255,0.0658796177290413,1296.23815246793,1582282601897.47
66.7% VW,0.667,15.0404612500001,0.0635455234466362,1301.4604580723,1721323750633.48
66.7% VW,0.667,15.0509899999995,0.06096342482331,1306.33443268647,1853872430904.02
66.7% VW,0.667,19.7162795156262,0.115785103189624,1012.00029876255,11079729745.0358
66.7% VW,0.667,19.7412640234381,0.107635793621584,1058.43887216899,21863109390.0219
66.7% VW,0.667,19.8163747187498,0.102315192795351,1083.657819322,31494208871.0171
66.7% VW,0.667,19.87948,0.0981484229488784,1101.5983518339,40589400863.2241
66.7% VW,0.667,19.9135348750001,0.0945429159672411,1115.69455581722,49815186608.0534
66.7% VW,0.667,19.942204695314,0.0897765512461272,1125.08249787171,58863000411.7574
66.7% VW,0.667,19.960370000001,0.088050656769781,1136.26981707787,68005545850.2594
66.7% VW,0.667,19.980520000002,0.0831118883885335,1142.24083217277,76882634544.9083
66.7% VW,0.667,19.9862701874998,0.082377566026187,1151.82478265568,86225828180.4538
66.7% VW,0.667,20.0072838437505,0.0792913450397594,1156.78534751487,94729650257.705
66.7% VW,0.667,20.0183165312509,0.0777093053100797,1162.606848686,103586125932.07
66.7% VW,0.667,20.0204399999991,0.0759895290093491,1168.64909178519,112874066555.329
66.7% VW,0.667,20.0294137499992,0.0740622110619787,1173.8036876968,121691530283.938
66.7% VW,0.667,24.8275993906262,0.134063704302151,868.413133941845,739134183.000882
66.7% VW,0.667,24.72718,0.126170825243055,916.670671845261,1557632935.3317
66.7% VW,0.667,24.75331,0.120651710632066,942.289672321865,2304862854.16906
66.7% VW,0.667,24.8019900000002,0.116295453929917,962.23506681253,2996221366.50043
66.7% VW,0.667,24.8196048046866,0.112525194459575,976.869387998979,3711084690.47258
66.7% VW,0.667,24.8502453125008,0.109378633244547,988.495018264009,4382832047.64014
66.7% VW,0.667,24.8635014374981,0.108211398576461,997.854672400096,5078144815.25007
66.7% VW,0.667,24.8784865781249,0.110446650720087,1003.80721507314,5758507945.68793
66.7% VW,0.667,24.8849966796865,0.106018689250824,1013.40198239373,6456410500.04721
66.7% VW,0.667,24.8862300000004,0.101755094369137,1020.00754612874,7169186666.09241
66.7% VW,0.667,24.8997,0.0984867822964961,1026.50474534482,7831021712.1384
66.7% VW,0.667,24.9135101406249,0.0959953593238716,1032.29681774418,8481765464.09283
66.7% VW,0.667,24.9231687500001,0.0932181976738772,1038.0799933889,9142520543.75284
66.7% VW,0.667,29.9328065937503,0.155677238966111,724.233156006872,54188989.3520271
66.7% VW,0.667,29.7188399999983,0.148282673703107,770.621764907316,120707584.145727
66.7% VW,0.667,29.7187727343771,0.142725993920571,798.245493787246,181067513.675914
66.7% VW,0.667,29.7359700000006,0.138203174580197,817.982219271273,239340319.686588
66.7% VW,0.667,29.76604,0.134331183392099,833.029655967967,294677149.83628
66.7% VW,0.667,29.78727,0.130820162926608,845.031560826638,349851142.477674
66.7% VW,0.667,29.80902,0.127283410810095,855.958477450764,403712868.035083
66.7% VW,0.667,29.8174700000006,0.120300229523436,861.43667971055,459426889.358675
66.7% VW,0.667,29.8308696249967,0.120318005385007,871.842032201784,513379431.141399
66.7% VW,0.667,29.847660000001,0.116198395947716,877.803420217983,565619408.562713
66.7% VW,0.667,29.8629800937497,0.115169712390788,883.159866282046,617400827.291998
66.7% VW,0.667,29.8848333281253,0.113123107176599,889.138795221836,666159281.447965
66.7% VW,0.667,29.8842188593743,0.111041990760768,894.57785899596,721895806.293862
66.7% VW,0.667,35.0539699999976,0.187333517698812,561.91170348101,4298563.45135824
66.7% VW,0.667,34.8306186640616,0.178968044816866,605.870631461635,9584961.16343
66.7% VW,0.667,34.73559,0.17297012269155,633.16084437554,15059141.060106
66.7% VW,0.667,34.7043800000041,0.168157711118016,652.231541914926,20386803.5648833
66.7% VW,0.667,34.7032899999989,0.163960523282978,667.400736690617,25497055.8261525
66.7% VW,0.667,34.70615,0.159658501532525,678.784848755574,30553817.4801477
66.7% VW,0.667,34.7208300390645,0.15686144817936,690.283109759768,35391823.7598153
66.7% VW,0.667,34.7298849453151,0.147851211117521,695.341133287892,40269584.6247789
66.7% VW,0.667,34.7254700000016,0.148575870375835,704.076900959633,45400924.8762954
66.7% VW,0.667,34.7333656093726,0.144132846865696,710.986546443462,50251614.8747144
66.7% VW,0.667,34.7447334531274,0.142820600295498,716.267106553718,54971213.6014492
66.7% VW,0.667,34.7577400000016,0.140979715592002,722.779229350285,59589493.0611538
66.7% VW,0.667,34.7674100000002,0.138921417106009,729.237062898986,64251649.5160309
66.7% VW,0.667,40.1149400000014,0.234911156265761,385.198852196792,381086.888105611
66.7% VW,0.667,39.9599316796871,0.226797906386979,421.603344548741,819934.242213329
66.7% VW,0.667,39.8504900000018,0.220074824587634,443.673429370653,1295055.14365735
66.7% VW,0.667,39.7939350000014,0.214603645215933,458.510243094949,1773445.47381612
66.7% VW,0.667,39.75541,0.209763212865122,471.088511433977,2257490.23191342
66.7% VW,0.667,39.7237262695364,0.210002051515495,479.596503967277,2749818.81024126
66.7% VW,0.667,39.7013899999962,0.202090808517098,489.823509310023,3242140.67366093
66.7% VW,0.667,39.6997992968753,0.211782230323064,493.408582467681,3708088.29456912
66.7% VW,0.667,39.6973363125018,0.198609965664158,501.302311034743,4176454.6726741
66.7% VW,0.667,39.7016600000008,0.199094587550007,506.595272343223,4631038.97304076
66.7% VW,0.667,39.6879800000025,0.19525917101684,511.63438152128,5127162.65730741
66.7% VW,0.667,39.6846179375011,0.191003615390411,517.27983170909,5602157.36092443
66.7% VW,0.667,39.68334,0.186996462790474,523.011507161347,6072668.19613886
66.7% VW,0.667,45.1383900000024,0.302106240219356,231.746296956097,37120.953089537
66.7% VW,0.667,45.0822193750016,0.292922738913395,257.544586917171,76169.621504875
66.7% VW,0.667,45.0134500000042,0.285140641210233,273.914917612116,117898.448422559
66.7% VW,0.667,44.98129,0.278879275205521,285.352102942324,159523.721567485
66.7% VW,0.667,44.941630000003,0.273471223305906,294.346261675321,203050.011892009
66.7% VW,0.667,44.9300000000011,0.273421104892304,300.797042093464,244958.092578171
66.7% VW,0.667,44.9166400000044,0.267780174926382,308.827122267741,287534.239542133
66.7% VW,0.667,44.8948469453123,0.265529443953431,313.810907039309,331899.292217599
66.7% VW,0.667,44.87121,0.258024975432247,320.196401745606,377442.020707659
66.7% VW,0.667,44.8608092187504,0.255520284378125,323.06822809507,421378.410285812
66.7% VW,0.667,44.8475940937529,0.253787836822092,327.123796776954,466324.61997098
66.7% VW,0.667,44.83610728125,0.248330306781337,331.184328052704,511396.050032972
66.7% VW,0.667,44.8165820625,0.243684287083176,335.70411873492,558979.875138389
66.7% VW,0.667,50.1507034531229,0.382807769475959,130.602012383045,3906.45140842462
66.7% VW,0.667,50.1488870156243,0.370441619551771,148.103391573268,7819.1814876356
66.7% VW,0.667,50.12907,0.360925066969976,159.709382873259,11832.0209877139
66.7% VW,0.667,50.0985,0.353295489745167,167.925181946064,15990.8060338788
66.7% VW,0.667,50.047902726562,0.334352640426227,174.795609877097,20441.034013037
66.7% VW,0.667,50.021600000002,0.335630541056471,180.595356794464,24816.4408873122
66.7% VW,0.667,49.9962622343761,0.32079533719221,186.154234827316,29279.0504259222
66.7% VW,0.667,49.9738320625012,0.316040180731703,190.733197543877,33795.6920756846
66.7% VW,0.667,49.9464434687498,0.32026570677586,195.422947498411,38484.0164426548
66.7% VW,0.667,49.9322495703127,0.312073876676531,197.980252434904,43029.6252287506
66.7% VW,0.667,49.9045907500026,0.309962665890985,199.286782385361,47915.9506091266
66.7% VW,0.667,49.8797692500015,0.30793699558822,203.023812822596,52849.8280470189
66.7% VW,0.667,49.868319999996,0.30449775162011,206.245285366529,57545.1098072699
66.7% VW,0.667,55.0216500000017,0.440263289087973,87.6398265832089,467.888806319306
66.7% VW,0.667,55.1408042578164,0.431418527086179,101.087318815714,889.139642881843
66.7% VW,0.667,55.1782095703135,0.423216151422908,109.58611113398,1312.48580847672
66.7% VW,0.667,55.1825417929741,0.416402571079036,116.203722363884,1746.73327315965
66.7% VW,0.667,55.17238,0.417352075524998,120.528237246949,2192.95136352503
66.7% VW,0.667,55.1680159140657,0.415059928490644,123.747813089757,2636.47094491597
66.7% VW,0.667,55.1520000000031,0.398741805716843,129.273406822958,3097.08183929276
66.7% VW,0.667,55.1244402773465,0.411249210274593,130.353919338265,3581.60924366585
66.7% VW,0.667,55.10363,0.392924494154389,136.019292809873,4065.44082914794
66.7% VW,0.667,55.07833,0.38739804246287,137.733887859453,4566.45460563182
66.7% VW,0.667,55.05405,0.387164200902445,138.994414384209,5075.70615832218
66.7% VW,0.667,55.0377481249986,0.380238380596868,142.323127577186,5576.00694599628
66.7% VW,0.667,55.0179206250026,0.372748121575286,144.941776603683,6092.29862750215
66.7% VW,0.667,59.9548699999956,0.487113117656208,49.1573981870799,58.1022759612753
66.7% VW,0.667,60.0326717812489,0.458350243907756,56.5622739837665,112.499424777423
66.7% VW,0.667,60.1042600000016,0.470334019805664,63.220434581965,163.794170285499
66.7% VW,0.667,60.1253899687519,0.474685466800648,66.6769865907022,216.480085203017
66.7% VW,0.667,60.1312000000012,0.450592460744759,68.7801581901152,269.946616902454
66.7% VW,0.667,60.1278200000008,0.447343739721527,72.45728750722,324.391909291187
66.7% VW,0.667,60.1300382421861,0.43666125506501,74.2932375916307,378.108022186198
66.7% VW,0.667,60.1388628437534,0.433658960059161,76.8798614503214,430.539484112345
66.7% VW,0.667,60.12577,0.437804784199952,78.4471838420813,487.003163517202
66.7% VW,0.667,60.124895515625,0.427097076078566,81.6346722444975,541.311589405199
66.7% VW,0.667,60.1151229062495,0.433698888313994,81.3851958359963,597.869429928146
66.7% VW,0.667,60.1151700000006,0.429006434593743,83.5872493708547,652.208412914456
66.7% VW,0.667,60.1138999999984,0.420684568798854,84.744860694657,706.932673716985
66.7% VW,0.667,64.9414206093763,0.533219109866815,42.0517107822415,7.50443887437216
66.7% VW,0.667,65.0824978828142,0.535081767008069,49.9140736837896,14.176917307691
66.7% VW,0.667,65.14397,0.532106148726401,55.5087558569157,20.7437832675793
66.7% VW,0.667,65.1822440625031,0.527288696581107,59.2026217062493,27.2341366880531
66.7% VW,0.667,65.1925900000056,0.533663920244057,62.4239814783926,33.9007462230314
66.7% VW,0.667,65.1906243750012,0.551999700140889,64.0037314762317,40.7131970622134
66.7% VW,0.667,65.18265,0.539784873670903,67.5963351764666,47.6519272590623
66.7% VW,0.667,65.170155199058,0.545414424137253,68.5559805182849,54.7348300596698
66.7% VW,0.667,65.172045070313,0.525050481054507,71.2688224522195,61.5297056713769
66.7% VW,0.667,65.1541763515623,0.506972874427321,73.3564724246243,68.8614902402387
66.7% VW,0.667,65.1373837500032,0.510947518234009,74.3932566731505,76.263151316072
66.7% VW,0.667,65.1270687656242,0.500291510671244,77.1268947958662,83.5435331009929
66.7% VW,0.667,65.1123614218805,0.488317552562084,79.1996572249585,91.0448122528416
66.7% VW,0.667,70.0054278828068,0.553326613573284,26.0194587469074,0.99578516675046
66.7% VW,0.667,70.0930560624999,0.532560412862016,29.5207997645719,1.86052327417706
66.7% VW,0.667,70.1365062529274,0.540715149518568,33.4832767959298,2.69839789636088
66.7% VW,0.667,70.1729700000004,0.570204651682872,36.5798495061564,3.4977931901221
66.7% VW,0.667,70.1906246328094,0.532741009338785,38.3483647352873,4.31299518439502
66.7% VW,0.667,70.2006200000043,0.536105255603766,40.7653296843793,5.13579180746453
66.7% VW,0.667,70.2078400000015,0.531136293926425,43.1734305347024,5.95844801133559
66.7% VW,0.667,70.2209589062538,0.533235209154062,43.7326851831597,6.74105286002791
66.7% VW,0.667,70.2294908750002,0.526783218364552,45.1705831750284,7.53393018747035
66.7% VW,0.667,70.2339117656266,0.520553638440392,46.4770631373049,8.3425384817288
66.7% VW,0.667,70.2322065625019,0.538879292273531,45.699702631557,9.18886910068604
66.7% VW,0.667,70.2312899999919,0.529854948015059,48.3419000467995,10.0313098601792
66.7% VW,0.667,70.240231812495,0.5203932965374,49.5573090629581,10.7925727960058
66.7% VW,0.667,74.9611299999935,0.553276407307165,18.187387089846,0.0295318283469785
66.7% VW,0.667,75.0486786484376,0.537726589259333,19.3244363852367,0.055812503907109
66.7% VW,0.667,75.0915800000063,0.525373035765883,21.5191503108653,0.081433155064049
66.7% VW,0.667,75.1417314843741,0.558340652310617,23.4293037307915,0.10512595660427
66.7% VW,0.667,75.1805309687571,0.562294534308948,25.4199610679258,0.12816891224317
66.7% VW,0.667,75.2484400000058,0.595862484377281,26.3301902114808,0.147241943970683
66.7% VW,0.667,75.2732300000015,0.563574363088658,27.7755339756352,0.169074603318449
66.7% VW,0.667,75.2993790000018,0.561293373608945,27.9907353207349,0.190019699046811
66.7% VW,0.667,75.312437968744,0.566012343972777,29.1115560252838,0.211993292559777
66.7% VW,0.667,75.3139362499968,0.553700751763377,30.1197868183714,0.235322444757724
66.7% VW,0.667,75.3173200000062,0.577978528115762,29.022834777089,0.258295017732509
66.7% VW,0.667,75.3148700000051,0.570085681838191,31.1010403175375,0.282218312181938
66.7% VW,0.667,75.3116562031264,0.553685330750815,32.0050862010422,0.306365717057461
66.7% VW,0.667,79.9262145625001,0.514693963916117,13.9421485975928,0.00153585720428783
66.7% VW,0.667,80.049542382811,0.52020959356955,14.3432179425819,0.00287158261705568
66.7% VW,0.667,80.0979842968743,0.526434928928168,15.2069887243412,0.00419519091596137
66.7% VW,0.667,80.1287500000115,0.541306200643765,16.3279103404082,0.00550073807272167
66.7% VW,0.667,80.1708175000037,0.565308213089311,17.7453767105385,0.00672051792262609
66.7% VW,0.667,80.2177314374987,0.578009379322865,18.0081752231673,0.00786190691386065
66.7% VW,0.667,80.2614877500038,0.587748025397359,18.8267322491578,0.00895731523601766
66.7% VW,0.667,80.2811800000005,0.593368501452082,18.9747263258698,0.0101283927795727
66.7% VW,0.667,80.2853478124998,0.586484509707673,19.3485057592059,0.0113687747610486
66.7% VW,0.667,80.2872288671893,0.560155122201823,20.0450781906445,0.0126191228008069
66.7% VW,0.667,80.2893620937468,0.612211096877848,19.3720502759804,0.013865024647698
66.7% VW,0.667,80.2922424062473,0.577543342283813,20.8064259770359,0.0151019325587348
66.7% VW,0.667,80.2845500000063,0.565138100941936,21.5469719371644,0.0164286536194503
83.5% VW,0.835,-11.8608600000002,0.0339291221141276,1869.41410773986,2.64805730496291e+18
83.5% VW,0.835,-9.89602238281317,0.0305007281340783,1883.79910939919,1.48877535271716e+18
83.5% VW,0.835,-9.39149,0.0282304166067991,1891.58249011913,1.61706053239767e+18
83.5% VW,0.835,-9.6991599999991,0.0260862530044507,1904.46767399878,2.62478196908516e+18
83.5% VW,0.835,-9.80596000000061,0.0242595151816035,1913.98805755542,3.51321075975372e+18
83.5% VW,0.835,-10.73504,0.0225862819230679,1924.69156770468,7.66092950777966e+18
83.5% VW,0.835,-9.61146,0.0214769852285476,1924.77621670914,4.34270184918072e+18
83.5% VW,0.835,-9.08629943749895,0.0205478856545149,1925.40662453143,3.54937516221837e+18
83.5% VW,0.835,-8.92162999999934,0.0194552316178885,1914.35352603106,3.59558236101768e+18
83.5% VW,0.835,-8.95418999999996,0.0179692574545767,1926.54091219526,4.07873864566253e+18
83.5% VW,0.835,-9.12528449999986,0.0171565431580606,1933.96002711278,5.00314692668786e+18
83.5% VW,0.835,-9.26092937499959,0.0160992994008578,1937.73687677211,5.95106599578096e+18
83.5% VW,0.835,-9.49065999999991,0.0147737158200355,1946.83766093315,7.46555888185891e+18
83.5% VW,0.835,0.00662367187500023,0.0450472026833584,1727.81854110281,1639939922006350.0
83.5% VW,0.835,0.83157,0.0414019323785572,1740.33131435438,2009942797256760.0
83.5% VW,0.835,1.21317089062497,0.0390048697579298,1750.23854167146,2406187443080410.0
83.5% VW,0.835,1.50129000000013,0.0371351564196567,1756.19557303899,2707054423328210.0
83.5% VW,0.835,1.68059248437503,0.0356266059753734,1759.04138083727,3044918921646800.0
83.5% VW,0.835,1.56516728125,0.0340416464284102,1766.6412611089,3910693682773780.0
83.5% VW,0.835,1.69219875000001,0.0325235487489162,1768.82757594039,4233886070047960.0
83.5% VW,0.835,1.62015,0.0311059814941291,1775.32724603651,5048224435252320.0
83.5% VW,0.835,1.61255093750011,0.0297066153382554,1769.5335442696,5704705165180900.0
83.5% VW,0.835,1.58397000000003,0.0280596963967679,1778.84162492618,6446082201391600.0
83.5% VW,0.835,1.57705,0.0273374090525164,1787.4417202687,7119630757628680.0
83.5% VW,0.835,1.55447191796878,0.0261864591497848,1789.75307072382,7870788494321780.0
83.5% VW,0.835,1.53273235937501,0.0248383744094141,1794.16524827423,8636525955372950.0
83.5% VW,0.835,9.04126999999965,0.0592920959154114,1551.08066005266,8983056352023.31
83.5% VW,0.835,9.59784056249995,0.0558733330568197,1568.2840119369,13178567253419.9
83.5% VW,0.835,9.9325399999991,0.053293036830023,1578.29021527629,16416464978949.5
83.5% VW,0.835,10.2416600000007,0.0513146492367498,1584.20674288602,18444794256366.0
83.5% VW,0.835,10.53645,0.0496853791948327,1589.21205447209,19590098098715.8
83.5% VW,0.835,10.8162547187499,0.0482573853428488,1596.1164948213,20146650985158.4
83.5% VW,0.835,11.1063074999994,0.047026873766409,1587.26082232738,20036388810822.6
83.5% VW,0.835,11.2834026143025,0.0458538248503007,1589.53372691605,20775455551314.8
83.5% VW,0.835,11.5167560937501,0.0447779655580101,1588.81451711404,20563516860004.1
83.5% VW,0.835,11.7322700000011,0.0434908269143623,1588.93148573164,20303976150190.4
83.5% VW,0.835,11.8974899999991,0.042980856841904,1591.86320201219,20404131924430.8
83.5% VW,0.835,12.0340700000003,0.0420214431866898,1594.86110405917,20658088126730.1
83.5% VW,0.835,12.1507199999997,0.0407636672843885,1596.95671481829,20998609184943.6
83.5% VW,0.835,19.5250971054703,0.083936772527374,1289.22319860876,31936610189.9874
83.5% VW,0.835,19.7732699999984,0.0791614775524787,1319.1838381697,56165164946.2661
83.5% VW,0.835,19.9001100000012,0.0758266383094551,1334.5176404732,78894957716.8356
83.5% VW,0.835,19.9500751249992,0.0731696876185395,1349.02795226992,102509568082.361
83.5% VW,0.835,19.97618,0.070881645094072,1359.14733090247,126418911005.039
83.5% VW,0.835,20.010475875001,0.0688915034553925,1366.6782868938,149036640781.987
83.5% VW,0.835,20.0217699999992,0.067120971928247,1366.53629384896,172863952205.024
83.5% VW,0.835,20.0353135625002,0.0654826374064356,1374.57145468889,196180693009.025
83.5% VW,0.835,20.0110103359381,0.0638854964872528,1382.41818240547,223493206955.185
83.5% VW,0.835,20.061666640624,0.0620524048561862,1387.08286608256,241908769384.418
83.5% VW,0.835,20.0679019687507,0.061190470237097,1394.31241948162,265243652986.582
83.5% VW,0.835,20.0834273437498,0.0598997744282056,1398.94456759232,287044813119.258
83.5% VW,0.835,20.087420609373,0.0586552996865934,1403.20682980229,310324304029.076
83.5% VW,0.835,29.7153700000004,0.118253935190516,982.287599606595,193299991.302881
83.5% VW,0.835,30.0536900000009,0.112163983885183,1020.85038582316,328230409.272671
83.5% VW,0.835,29.95324,0.107899430335124,1044.19147424389,516843006.859472
83.5% VW,0.835,30.0475926171879,0.104738478746356,1061.19319846791,658397998.68186
83.5% VW,0.835,30.0487700000007,0.102035868025342,1073.61907657426,822529356.533844
83.5% VW,0.835,30.02126,0.0996530382265326,1081.35629645344,1000246239.58281
83.5% VW,0.835,30.021961375001,0.0977236205787198,1087.50168917823,1166558405.38022
83.5% VW,0.835,30.0543264765622,0.0957830464394625,1099.00542622497,1312517877.80822
83.5% VW,0.835,30.0705756914073,0.0939944416089371,1105.58651879587,1465033991.69006
83.5% VW,0.835,30.001070000002,0.0918305169060081,1110.27055799902,1683426540.33292
83.5% VW,0.835,30.0124530000004,0.0909758070238963,1118.37815804141,1841607813.48069
83.5% VW,0.835,30.046019999999,0.0895008972229734,1120.61844089416,1976695707.64325
83.5% VW,0.835,30.0607899999992,0.0880560284296975,1122.21728633879,2126190232.43978
83.5% VW,0.835,39.7763000000031,0.166534650202977,685.130479823341,1730011.61535235
83.5% VW,0.835,39.8481999999975,0.161097682853513,725.688370980218,3349003.66788211
83.5% VW,0.835,40.03469,0.157853311347894,745.123531581053,4616374.33123289
83.5% VW,0.835,40.0021407421876,0.155124612079942,758.142407669988,6246591.52026202
83.5% VW,0.835,39.9708870312474,0.152408362793563,769.557088785167,7919592.86824991
83.5% VW,0.835,39.9665600000012,0.150154165645338,771.520597422638,9522163.20322547
83.5% VW,0.835,40.0414000000039,0.148487458370606,802.880948999234,10738853.6256357
83.5% VW,0.835,40.05778,0.146766280833351,798.775396774547,12182266.7611883
83.5% VW,0.835,40.0569996718747,0.145081544683207,804.943343041413,13709894.1560311
83.5% VW,0.835,40.0217400000033,0.142753955935137,813.074653678691,15478441.5696201
83.5% VW,0.835,40.0306300000021,0.1419844604542,817.687737404475,16957861.7890053
83.5% VW,0.835,40.01905,0.140201008810834,816.200990325392,18596776.4280013
83.5% VW,0.835,40.0464878749999,0.13889746419295,817.221959848057,19897681.2939759
83.5% VW,0.835,50.0306299999965,0.294960536412062,324.62849312378,19130.1663202728
83.5% VW,0.835,49.9413800000023,0.286486076128599,357.735791904264,39741.1314978326
83.5% VW,0.835,49.7969099999962,0.278447772739444,376.617994153244,63393.6510834036
83.5% VW,0.835,49.784700000002,0.272096154189912,387.837997417565,84965.6484438319
83.5% VW,0.835,49.814602375004,0.267465012727976,407.756433586698,104862.858717318
83.5% VW,0.835,49.8484818749988,0.263229642194388,430.341213571249,124032.856231763
83.5% VW,0.835,49.9194599999988,0.259801997647832,433.310377486656,140397.706134457
83.5% VW,0.835,49.95573,0.256962121147684,434.505042736482,157996.705900319
83.5% VW,0.835,50.0005299999958,0.253637041806384,438.300548471037,174390.198464738
83.5% VW,0.835,50.0230877187499,0.250382260894998,439.060128102017,191916.380957271
83.5% VW,0.835,50.0386699999979,0.248564333143916,440.620972224451,209713.437307635
83.5% VW,0.835,50.0371800000044,0.246800084571125,441.119632384255,228923.328107473
83.5% VW,0.835,50.0224300000038,0.24416594575194,443.260920821087,249561.106402617
83.5% VW,0.835,55.0758099999958,0.396082473545057,197.614519244078,2312.38784051014
83.5% VW,0.835,55.2100555156245,0.376221727524206,225.00874080688,4375.80710667981
83.5% VW,0.835,55.1056899999965,0.36375123065234,240.046526960334,6852.21753818176
83.5% VW,0.835,54.8968699999978,0.35417849235089,266.972871244534,9958.29340471454
83.5% VW,0.835,54.79059,0.345767993196804,280.362205277815,13006.3609459176
83.5% VW,0.835,54.7290479843779,0.338465426162134,285.426962884411,16009.5822376793
83.5% VW,0.835,54.7163166718753,0.333337857029047,289.302669284098,18776.3763927411
83.5% VW,0.835,54.7202364374976,0.328308364504531,293.93730509937,21423.9821590777
83.5% VW,0.835,54.7138797499998,0.324252829950864,297.620577453775,24165.3809957293
83.5% VW,0.835,54.7575713750001,0.319694871440422,298.575085514927,26369.9960685701
83.5% VW,0.835,54.8150799999996,0.317198737102761,301.680195314989,28325.997277645
83.5% VW,0.835,54.8566199999976,0.31461321816134,304.4059068589,30375.4966660341
83.5% VW,0.835,54.8832813437482,0.309807225381145,307.353998072487,32546.5274704208
83.5% VW,0.835,59.9774081796869,0.459095331192512,110.405540287845,315.60130704266
83.5% VW,0.835,60.0928279218784,0.452614578098165,145.272134937823,602.710526242839
83.5% VW,0.835,60.1456658750017,0.442070531808825,158.887285876262,885.159239922882
83.5% VW,0.835,60.1275165624987,0.451989769055375,167.856542751595,1188.81036612636
83.5% VW,0.835,60.0833965703088,0.422114640943175,162.326933266632,1512.47232812439
83.5% VW,0.835,60.027972000001,0.415921615966737,176.536453419725,1855.66815146531
83.5% VW,0.835,59.9514200000029,0.410074243659936,170.254833157848,2232.3151671379
83.5% VW,0.835,59.8682599999977,0.403440517537261,174.166757077082,2637.61609284786
83.5% VW,0.835,59.8124500000001,0.398463704102481,175.33022296913,3034.41700629073
83.5% VW,0.835,59.760214062501,0.391105793504165,176.583640125545,3442.90437631895
83.5% VW,0.835,59.72387,0.387045543669453,179.422892235908,3842.77883585473
83.5% VW,0.835,59.7272431093766,0.382988226472784,182.163933535662,4186.45677968263
83.5% VW,0.835,59.725285117191,0.374962536251496,185.16979933973,4538.88991996889
83.5% VW,0.835,65.01683,0.544225258738753,82.3061264189183,86.510296469361
83.5% VW,0.835,64.76427,0.542423747000989,83.8998462686657,143.153579541196
83.5% VW,0.835,64.7249900000085,0.511589618606321,78.4786982762692,193.811193410833
83.5% VW,0.835,64.71048,0.49305076180611,75.3199704603271,243.635907996199
83.5% VW,0.835,64.7684600000008,0.484175014636264,75.2324514623815,285.840809271851
83.5% VW,0.835,64.7931700000016,0.508258795375953,80.887673501776,330.290578990656
83.5% VW,0.835,64.8755300000021,0.490079302828494,78.3249011136795,365.575890831058
83.5% VW,0.835,64.9492815234428,0.46623424189536,79.4626337178238,399.649436108742
83.5% VW,0.835,64.97009,0.446062068531612,82.8141910575439,440.478538514083
83.5% VW,0.835,64.9830528124998,0.456361040249016,82.6995093415045,482.091931987064
83.5% VW,0.835,65.0241982031217,0.447883814471328,85.1271329535182,517.578148438239
83.5% VW,0.835,65.0496683476544,0.43730764799585,85.9490982189389,555.189558062573
83.5% VW,0.835,70.1749838437469,0.591309514205798,40.9142352844363,12.0190950966198
83.5% VW,0.835,69.8878762109401,0.576006758309653,42.827443400826,20.090828901157
83.5% VW,0.835,69.8046082812415,0.552559233708986,40.9381728137184,27.6434677871627
83.5% VW,0.835,69.7668887812446,0.567095039524655,40.5331867357575,35.050217106633
83.5% VW,0.835,69.7864000000009,0.533341466807915,41.5284805101653,41.7513787595677
83.5% VW,0.835,69.8022465156238,0.569033897473721,39.9693002621011,48.4192432713111
83.5% VW,0.835,69.83095690625,0.530660025893934,37.153037859508,54.7394752688547
83.5% VW,0.835,69.8635599999933,0.518368994196531,39.6395611831094,60.828384204468
83.5% VW,0.835,69.8933199999988,0.492702652747312,44.7026268767488,66.8319372963226
83.5% VW,0.835,69.91854,0.514992603101685,42.6318063148227,72.8185618688291
83.5% VW,0.835,69.9734999999987,0.497977766442623,42.8704447812472,77.8076800408894
83.5% VW,0.835,69.9804099999964,0.474684921051117,45.7978609230256,84.0721582696472
83.5% VW,0.835,75.13076,0.602800167750745,26.7532702817114,1.8069529916103
83.5% VW,0.835,75.0124297109369,0.615088819960092,23.0923295368515,2.9711270059095
83.5% VW,0.835,74.9636210937527,0.616762364982891,24.3460126017635,4.05369812229214
83.5% VW,0.835,74.8255762734381,0.581692992200027,27.9389905985933,5.33026440666195
83.5% VW,0.835,74.8495300000062,0.565508769071266,30.4216388944174,6.34035354352503
83.5% VW,0.835,74.8652011718748,0.582680190336194,23.9482407281616,7.35467822837712
83.5% VW,0.835,74.9539599999859,0.569615830298299,21.7991393853956,8.13616261153876
83.5% VW,0.835,74.9606099999972,0.565026312541745,23.5706086450554,9.13089467465053
83.5% VW,0.835,74.95592,0.546222553958707,29.9933165214787,10.1628978094291
83.5% VW,0.835,75.0190800000089,0.551639559159626,25.165327373501,10.8379295747198
83.5% VW,0.835,75.0142454062464,0.535590321576124,27.6928844116222,11.8677352255026
83.5% VW,0.835,75.0158968852473,0.506742076653263,27.8715430110244,12.8402093999267
83.5% VW,0.835,79.7093132265646,0.600247838105963,13.7959789957583,0.0695779422218565
83.5% VW,0.835,79.62534,0.624921553955717,19.6146762268589,0.110263383764509
83.5% VW,0.835,79.6712100000058,0.596331986402396,20.1502497017095,0.142666883805075
83.5% VW,0.835,79.6829700000039,0.593853783297687,16.7666434953734,0.176966759196701
83.5% VW,0.835,79.7026,0.594705661196288,20.222318660965,0.209651695130654
83.5% VW,0.835,79.7931075312544,0.618103592046064,18.8716197768927,0.230564723691618
83.5% VW,0.835,79.8602900000058,0.594189672673828,15.1504973905144,0.252229943490161
83.5% VW,0.835,80.1173879804691,0.576581520017271,15.7273621027914,0.240270002407401
83.5% VW,0.835,80.1775237265546,0.553219651858086,14.8641280272897,0.256833773307611
83.5% VW,0.835,80.1941800000058,0.585255960755612,16.3425497420987,0.27950946685157
83.5% VW,0.835,80.1762099999921,0.555160546764387,19.4323999428756,0.308460897863721
83.5% VW,0.835,80.1564918515593,0.497178054221508,19.2214495473986,0.338429945960583
83.5% VW,0.835,84.7828465703149,0.544598981994287,15.6545172113993,0.00332309431810936
83.5% VW,0.835,84.7358499999947,0.578522392068337,16.3149862433803,0.005115252317494
83.5% VW,0.835,84.77109,0.615399892528333,14.5554899790831,0.00668930670472232
83.5% VW,0.835,84.9975371562469,0.563933051730611,19.4811846257768,0.00738559137376258
83.5% VW,0.835,85.0252599999944,0.570419534679227,20.1935298783733,0.00872959921653102
83.5% VW,0.835,85.0111006171876,0.62145013344929,15.8230616596507,0.0102635381585662
83.5% VW,0.835,85.0369100156244,0.579619020128898,14.4448563891798,0.011565727430151
83.5% VW,0.835,85.0747830000011,0.575621934374454,14.9318165183177,0.0127455892846361
83.5% VW,0.835,85.04763,0.519831769755664,14.1478260185455,0.0143728912364439
83.5% VW,0.835,85.0342833593686,0.581267579589291,18.9287180078741,0.0159256754185255
83.5% VW,0.835,85.031560000008,0.559288387141712,16.5107995772946,0.017399292662757
83.5% VW,0.835,85.0291300000014,0.500487815202245,19.0555851147928,0.0188742377784634
83.5% VW,0.835,89.99837,0.528592133412115,11.9659241124112,0.000236283163431794
83.5% VW,0.835,90.0487800000139,0.58281809557491,20.9809913096932,0.00034618152784447
83.5% VW,0.835,90.1398399999999,0.544100724233132,15.7651909757986,0.000442405192982799
83.5% VW,0.835,90.1649200000005,0.565834603518242,13.2353066646659,0.000546594306333751
83.5% VW,0.835,90.147424195305,0.592888188897494,11.0187273849769,0.000661270850564829
83.5% VW,0.835,90.1283899999977,0.591999072945961,12.4939024060869,0.000778344674851389
83.5% VW,0.835,90.0653224999994,0.558226144148247,17.3975042197621,0.000916056281770583
83.5% VW,0.835,89.89301,0.542359629172666,11.8094382158919,0.00111700743451028
83.5% VW,0.835,89.8686556249995,0.463999394893351,11.6161226824002,0.00125537188010135
83.5% VW,0.835,89.8452457031234,0.53421712411619,15.8372127587701,0.00139615953980008
83.5% VW,0.835,89.8265788749927,0.518666425631617,12.9925730086348,0.00153648929951959
83.5% VW,0.835,89.8003700000087,0.442300225806979,15.1210872696702,0.00168515136733459
100% VW,1.0,-13.1797700000002,0.0244986677730623,2062.87100375314,7.8536210813527e+18
100% VW,1.0,-13.2055436874998,0.0219788249539234,2077.7373506175,1.59661544956228e+19
100% VW,1.0,-13.2058349999996,0.0203606882243799,2084.60698103565,2.3953658193732e+19
100% VW,1.0,-13.2161299999994,0.0190194745303028,2089.74741212053,3.21474960841495e+19
100% VW,1.0,-13.2147612812488,0.0198000057480833,2091.25737470392,4.01494898074373e+19
100% VW,1.0,-13.2051936484375,0.0187225728456982,2094.97217380021,4.78878280935223e+19
100% VW,1.0,-13.2136699999989,0.0174931979852314,2097.16438698857,5.61703823204152e+19
100% VW,1.0,-13.2144664921867,0.0161408590248185,2099.53797946342,6.42271703083583e+19
100% VW,1.0,-13.2137700000009,0.0149252504909831,2101.61044128718,7.22236450059557e+19
100% VW,1.0,-13.2259366718739,0.0132116196439334,2103.84536806013,8.08703622926743e+19
100% VW,1.0,-13.2217329218742,0.0128470257474706,2104.86223748086,8.87204438437905e+19
100% VW,1.0,-13.2232737421872,0.01158187126236,2107.64527877741,9.68806054973055e+19
100% VW,1.0,-13.23106,0.0105732172449165,2109.1425808059,1.05473790751693e+20
100% VW,1.0,-11.9481500000002,0.0237289840774007,2060.40510128713,3.60914675297987e+18
100% VW,1.0,-11.75542,0.0214920505754298,2072.60806251038,6.39562375372071e+18
100% VW,1.0,-11.7151200000002,0.0199767990459394,2079.42855787189,9.35395705919858e+18
100% VW,1.0,-11.689218296875,0.018674796125994,2084.54902819069,1.22709893989594e+19
100% VW,1.0,-11.6717199999989,0.0196561405424935,2085.69653600298,1.51713626454247e+19
100% VW,1.0,-11.6395882656242,0.0177269552904447,2089.09661246278,1.78425788355307e+19
100% VW,1.0,-11.6619665625,0.0173878714729529,2091.18906106792,2.11104222139789e+19
100% VW,1.0,-11.6370000000003,0.0158229827109483,2094.25794398611,2.37515398705143e+19
100% VW,1.0,-11.6252162499993,0.0146317318101615,2096.35745789208,2.65238548674329e+19
100% VW,1.0,-11.6467189843749,0.013099473501151,2098.24544659164,2.98708515425588e+19
100% VW,1.0,-11.6222856796882,0.0124741925316699,2098.78948073661,3.23585560664718e+19
100% VW,1.0,-11.5991499999997,0.0113549175247815,2101.33439932588,3.47921222577214e+19
100% VW,1.0,-11.61438,0.0103763566981952,2103.1199162567,3.80529218098275e+19
100% VW,1.0,-0.49587,0.0292443987692101,1981.29336395016,3661590143256830.0
100% VW,1.0,-0.305129999999966,0.0263830783513466,1995.92449822337,6560941876536590.0
100% VW,1.0,-0.306729999999984,0.0244885882305258,2004.37518931342,9850484205274540.0
100% VW,1.0,-0.311613453124981,0.0229459642344533,2011.043597463,1.31709652324424e+16
100% VW,1.0,-0.309700984374977,0.0213278305537443,2014.55252266546,1.64455850365446e+16
100% VW,1.0,-0.308166343749998,0.0199778151161275,2016.7197962011,1.97172698802506e+16
100% VW,1.0,-0.3029236171875,0.0186136339052114,2019.85860426415,2.29341404608004e+16
100% VW,1.0,-0.31108,0.0177265764954201,2023.71903654115,2.6333839678192e+16
100% VW,1.0,-0.299179999999976,0.0168207885214504,2026.54308656503,2.94232582404787e+16
100% VW,1.0,-0.299352117187511,0.0155874696910411,2028.6890916123,3.26957493361886e+16
100% VW,1.0,-0.310799999999974,0.0151313099171582,2029.71141428426,3.62031917173134e+16
100% VW,1.0,-0.314525914062472,0.014100808033815,2032.33574248969,3.95792214658596e+16
100% VW,1.0,-0.318046562499985,0.0131901865885766,2034.33908247757,4.29645104391111e+16
100% VW,1.0,9.9254099999998,0.0391566345370765,1858.10083311178,11218940093776.6
100% VW,1.0,10.0674399999989,0.0355306805906989,1878.90910319894,20796992439657.5
100% VW,1.0,10.0394899999995,0.0331413077546515,1890.95385988649,31665003996944.3
100% VW,1.0,10.0302491796873,0.0312419213588764,1898.77711224338,42429073143013.7
100% VW,1.0,10.0164590625002,0.0296481143381176,1906.31331528448,53428772998199.3
100% VW,1.0,10.010070000001,0.0306190610484599,1908.23730764583,64333902573617.2
100% VW,1.0,10.0104,0.0293399598895755,1913.52601570842,75042978596413.0
100% VW,1.0,9.99670710937512,0.0276026922056251,1918.20690246259,86393590808304.0
100% VW,1.0,9.98551096874956,0.0258012826469354,1922.10821490373,97776399447636.7
100% VW,1.0,9.99481000000076,0.0240707741041529,1923.97711869528,108101588234695.0
100% VW,1.0,9.99590999999995,0.0232616209490992,1926.81226673726,118841827894994.0
100% VW,1.0,9.98920950000083,0.0219646920036475,1928.73228311142,130110957590778.0
100% VW,1.0,9.98761,0.0206910856718799,1932.1316975108,141074144738859.0
100% VW,1.0,19.8944000000014,0.0528335322800009,1693.34175375206,64960048879.5993
100% VW,1.0,20.0569184062509,0.048461342683897,1722.16845023205,119801763239.438
100% VW,1.0,20.0581400000003,0.0455116261900814,1739.2503833217,179593217943.01
100% VW,1.0,20.04284,0.0432274510123638,1750.53323557677,241291516316.904
100% VW,1.0,20.023870296875,0.0412759561865404,1759.96068670991,304481313423.939
100% VW,1.0,20.0238030859375,0.0421666784582412,1764.60201759351,365389824078.015
100% VW,1.0,20.01767,0.0407234144162199,1769.19756721957,427594090983.652
100% VW,1.0,20.0096300000014,0.0391826064222425,1776.37538079216,490642574233.962
100% VW,1.0,19.996119999998,0.0369982177228628,1781.77950842931,555705177072.795
100% VW,1.0,19.9967774335942,0.034813987984109,1785.87125436576,617247736982.639
100% VW,1.0,20.0095500000008,0.0339470352856763,1788.0138967186,674660460111.23
100% VW,1.0,20.0009546658853,0.0323354936756441,1792.17595023978,739155491854.759
100% VW,1.0,19.9898912500007,0.0310036336342363,1795.14196846176,805183226770.039
100% VW,1.0,24.7610299999986,0.0629602908296969,1571.73129123226,5954371727.3368
100% VW,1.0,24.9865900000008,0.0578723053790215,1605.10782709244,10680381381.8176
100% VW,1.0,25.0433500000002,0.0546380131784631,1623.94441810755,15588055182.2204
100% VW,1.0,25.0619600000017,0.0521398048728256,1635.99936767894,20598450137.6531
100% VW,1.0,25.0721800000012,0.0500080450149027,1647.09371763768,25621534692.457
100% VW,1.0,25.0758602109377,0.0514627972723972,1652.55097294397,30691351968.4132
100% VW,1.0,25.0637300000003,0.0471604594131657,1662.15951656418,36016545657.2449
100% VW,1.0,25.06129,0.0472092391367266,1666.32071576171,41210207445.9187
100% VW,1.0,25.0609883203124,0.0454729042003436,1673.17514942886,46368225747.4838
100% VW,1.0,25.05898184375,0.043366393699705,1676.55406330211,51570105188.3617
100% VW,1.0,25.05705,0.042044404356758,1681.39017362091,56779966522.4768
100% VW,1.0,25.0576282734375,0.040603229563058,1684.43393126912,61924517513.3106
100% VW,1.0,25.04711,0.0390627874130699,1688.8464924787,67425909304.9207
100% VW,1.0,29.7261461093775,0.0725153432187504,1459.26581897618,562851409.618469
100% VW,1.0,29.9254800000007,0.0674752003323546,1496.81259897896,1025643500.1152
100% VW,1.0,30.0136836328127,0.0641115064754397,1517.95965943075,1476440314.93072
100% VW,1.0,30.0424028593749,0.0614414612403167,1531.98503603035,1942396085.63304
100% VW,1.0,30.0489664140626,0.0591830015547065,1543.64082864879,2420575142.63641
100% VW,1.0,30.04608,0.0559736707083109,1551.9220959068,2908602405.32073
100% VW,1.0,30.04922,0.0549239416351896,1560.36108909416,3388404503.06533
100% VW,1.0,30.061410000002,0.0517861918172857,1565.61460109491,3850513579.925
100% VW,1.0,30.0650768749999,0.0508677591450071,1572.48879055914,4324427889.62481
100% VW,1.0,30.0621184531234,0.0491032077887213,1577.80677293732,4811552325.48758
100% VW,1.0,30.0498654374997,0.0486766475809617,1581.77388454565,5323033335.84086
100% VW,1.0,30.0573057460924,0.047344493999374,1586.63035807287,5786834058.56405
100% VW,1.0,30.061744742188,0.0462121783585307,1591.57199467321,6256108044.53028
100% VW,1.0,34.6664100000013,0.085944889561163,1317.60508719599,58060439.0713747
100% VW,1.0,34.9081696093727,0.0805069507460482,1358.97451978485,104098820.251841
100% VW,1.0,35.0017655803059,0.0769262958250644,1381.68340496638,149686085.009622
100% VW,1.0,35.0375438437494,0.0740940445013466,1397.6864528101,196384150.104576
100% VW,1.0,35.06591,0.0716441432234063,1411.35980024599,242357738.45678
100% VW,1.0,35.07737,0.0677739100393262,1419.34926681461,289329257.752507
100% VW,1.0,35.0814233437478,0.0674635755332331,1430.21161201086,336934017.174562
100% VW,1.0,35.0892033515644,0.0632895206075843,1435.08428090134,383718126.763851
100% VW,1.0,35.0902505937505,0.0619758691285157,1441.62624865715,431478973.683369
100% VW,1.0,35.0866099999993,0.0605482227321069,1448.44095224195,480209211.933944
100% VW,1.0,35.0907300000002,0.0601661832937804,1452.86100258046,527249135.524474
100% VW,1.0,35.1001200000003,0.0587822773773376,1457.68852443246,572749328.844737
100% VW,1.0,35.1025622968748,0.0575318576685457,1462.95857377959,619795155.426879
100% VW,1.0,39.7708381562504,0.110442694900638,1089.55716534636,5988310.74436045
100% VW,1.0,39.7576210000015,0.103305046849912,1138.22553056182,12046124.5973546
100% VW,1.0,39.8178889453126,0.0987869872381092,1164.37691516408,17598731.5221557
100% VW,1.0,39.8717187343748,0.0954538533418348,1181.87626425887,22918728.2410593
100% VW,1.0,39.9240179687532,0.0926066267379709,1195.41377712102,28000460.2341824
100% VW,1.0,39.9574466406256,0.0898950216667095,1205.75663592119,33112933.9846365
100% VW,1.0,39.9634400000004,0.087130102429765,1215.36682297299,38530650.5031994
100% VW,1.0,39.9713500000026,0.0831633701863074,1221.64107891757,43882997.1558294
100% VW,1.0,39.9837799999963,0.0821229478028232,1229.88525663613,49100810.5715108
100% VW,1.0,39.99510092969,0.0798956342682434,1234.55273178402,54287114.342064
100% VW,1.0,40.01018,0.079229619868003,1239.88752719682,59323500.1390629
100% VW,1.0,40.025221374995,0.0779456522104983,1245.61574334636,64292465.9035776
100% VW,1.0,40.03761,0.0766892827458305,1251.68505033314,69274071.2423789
100% VW,1.0,44.9607900000007,0.157699902023362,733.815203857018,640707.715787861
100% VW,1.0,44.7252462500008,0.147180785891448,780.35327189891,1415975.1479563
100% VW,1.0,44.7018599999962,0.140559613781036,805.880868871456,2145141.83366409
100% VW,1.0,44.70415,0.13567117884486,822.556536645191,2857411.36892827
100% VW,1.0,44.716089390625,0.131825969302031,835.419580240357,3553716.64191248
100% VW,1.0,44.7363200000018,0.129082692719293,845.938212409593,4228016.47664788
100% VW,1.0,44.7583554999974,0.127476878053107,854.27831242947,4886794.64111763
100% VW,1.0,44.7715099999994,0.131876448631213,859.157104089387,5553835.17791236
100% VW,1.0,44.7927289062478,0.124018843122601,869.761269562655,6192092.35879214
100% VW,1.0,44.7969400000022,0.123105438115627,872.751910717769,6867827.55144388
100% VW,1.0,44.8106800000014,0.121323558279869,878.669872319064,7510723.74106386
100% VW,1.0,44.8271411249983,0.117823094194129,883.597209637465,8136530.40288718
100% VW,1.0,44.8448191953109,0.11596784128533,887.79761567798,8748760.45601656
100% VW,1.0,50.1476600000011,0.228394002395016,429.124490079819,73744.2291981282
100% VW,1.0,49.963555546877,0.211686783103649,465.35990878743,159062.862367761
100% VW,1.0,49.8706300000025,0.201061951784191,488.071745660779,247876.454558832
100% VW,1.0,49.796641210937,0.193413092307075,503.504132853231,340704.828197876
100% VW,1.0,49.7659737499999,0.187474389896946,515.587825486261,431283.743018624
100% VW,1.0,49.7367367656168,0.185988323437902,524.04275547454,523799.065306457
100% VW,1.0,49.7382792812489,0.185861431760651,531.52518409589,610711.450065077
100% VW,1.0,49.7353352265618,0.185284002577974,538.063722917364,698801.341592093
100% VW,1.0,49.7298810000001,0.174827016591258,545.888061794857,787916.58197448
100% VW,1.0,49.7241600000034,0.175433540334279,549.472352314826,877524.788444153
100% VW,1.0,49.7352100000008,0.17158628911874,555.425447626222,960901.320506494
100% VW,1.0,49.7439500000013,0.167717979880394,559.343926450351,1044495.74218656
100% VW,1.0,49.734423249999,0.164130201784436,564.006213093563,1135978.07472764
100% VW,1.0,55.1397400000002,0.314030321928619,261.620433015502,9819.20672571484
100% VW,1.0,55.14092,0.289077329589533,291.010128071347,19629.1984437813
100% VW,1.0,55.0752311254402,0.273531249256897,310.006438875504,30223.3894045851
100% VW,1.0,55.0052802110209,0.262459369425821,322.697538972701,41435.5026319464
100% VW,1.0,54.9690577842883,0.253688076965274,333.721455614443,52546.7109605517
100% VW,1.0,54.9168417500008,0.24789395336015,342.421790743911,64380.9602292206
100% VW,1.0,54.8833076562526,0.248564555323945,347.863190655836,76121.162973085
100% VW,1.0,54.8561899531306,0.240677867673248,355.045270274277,87940.5974125232
100% VW,1.0,54.8356,0.237350265099885,360.08010881193,99748.1927761468
100% VW,1.0,54.80367,0.229332980573658,365.694509612066,112250.662830156
100% VW,1.0,54.80285,0.227025071291937,370.524033373427,123516.090669635
100% VW,1.0,54.7839479218744,0.221393149633878,375.900785458996,135763.854639332
100% VW,1.0,54.7671071718755,0.217996161714293,379.159239944457,148068.207046629
100% VW,1.0,60.1317776796879,0.414504864960732,163.329058444366,1388.87720910339
100% VW,1.0,60.1626099999981,0.381014109314435,187.757342673913,2744.90095872353
100% VW,1.0,60.1301027187504,0.361304972475412,202.969336422401,4169.32585686059
100% VW,1.0,60.0652899999982,0.34646818012563,213.770838696923,5699.93263911003
100% VW,1.0,60.0425975468731,0.334837671707575,222.916918081689,7187.61619223633
100% VW,1.0,60.0117957500006,0.329442462925192,229.731332389137,8728.34484269729
100% VW,1.0,59.9883399999991,0.326387531337277,236.399297359318,10275.7396469867
100% VW,1.0,59.9558914374992,0.316994116586693,242.290327739287,11891.8326764185
100% VW,1.0,59.92728,0.315020593144795,246.623463435924,13527.0222879564
100% VW,1.0,59.90342,0.302476867804728,251.707820055939,15169.2443316319
100% VW,1.0,59.86572,0.299804867672591,255.010832224639,16931.0822069467
100% VW,1.0,59.8473909765636,0.292519079790303,259.51567839175,18601.603902058
100% VW,1.0,59.83372,0.286828810651064,262.873764779292,20258.525391292
100% VW,1.0,65.0597499999922,0.528395034061138,96.4492644807403,213.180058353916
100% VW,1.0,65.1507499999954,0.492734088482316,115.863563270167,412.068811679858
100% VW,1.0,65.13465,0.469279398624508,127.150037403197,621.842060428253
100% VW,1.0,65.1186821015631,0.451479003666787,135.822304060064,834.09722469028
100% VW,1.0,65.1128000000005,0.433554774044236,142.700797545879,1044.92163324762
100% VW,1.0,65.0888774218775,0.421716111160812,148.797421987112,1265.1952940061
100% VW,1.0,65.07006,0.403588522660807,154.724638187373,1486.50594985177
100% VW,1.0,65.04842,0.39224883374891,158.276953688237,1712.69745698574
100% VW,1.0,65.02394,0.392225407726461,162.345765484471,1944.54501695979
100% VW,1.0,65.0036389453092,0.382289131476746,166.812577583739,2177.11070009816
100% VW,1.0,64.9878749687483,0.379839991538315,168.495104045246,2409.0169349723
100% VW,1.0,64.9709528906251,0.374576982862837,172.740076252598,2644.74555178101
100% VW,1.0,64.954499999997,0.369795434651231,175.450246673379,2882.87192039154
100% VW,1.0,69.9250199999924,0.661816378826862,51.1813287369443,35.328356163511
100% VW,1.0,70.0243985742193,0.600566015055549,61.3118197020095,68.1457853901616
100% VW,1.0,70.0986644140627,0.600306309837811,72.2973231929111,99.4930569886138
100% VW,1.0,70.14942,0.581131189340706,78.1827358259744,130.230488720412
100% VW,1.0,70.16611,0.548018986974714,82.8443052482399,161.80292166133
100% VW,1.0,70.16955,0.533530864890045,87.0257317585121,193.920740434546
100% VW,1.0,70.1646700703159,0.50916821780443,91.2508121162196,226.642751392274
100% VW,1.0,70.16534,0.50730240902892,94.3844585275433,258.957184319203
100% VW,1.0,70.1563500000052,0.503182405151392,96.8073535606138,292.280947358785
100% VW,1.0,70.153130000002,0.488558387536637,100.127108168308,325.137177693486
100% VW,1.0,70.1450591562536,0.494470906717378,101.95627602306,358.702363182287
100% VW,1.0,70.1442200000055,0.485598642133298,104.491817553043,391.431129131524
100% VW,1.0,70.1355700078114,0.4789368541655,107.432072312163,425.386739066512
100% VW,1.0,79.8425915468787,0.838133349095829,27.0531765151935,2.111241177292
100% VW,1.0,79.9056203124979,0.938708137793822,31.3720628396503,3.09894369063859
100% VW,1.0,80.010330000003,0.793695358204052,42.84827568114,3.96797849978999
100% VW,1.0,80.08979,0.78830770574105,45.1852816010339,4.6631039095658
100% VW,1.0,80.0966336015602,0.850712890495571,46.3002967436088,5.56610816944902
100% VW,1.0,80.1139852812522,0.839626678598396,49.5054394831114,6.40704386786905
100% VW,1.0,80.1391999999952,0.821936138361264,51.4363158627014,7.180738681524
100% VW,1.0,80.15304,0.80078972691399,55.0061642350784,7.99227317614292
100% VW,1.0,80.14878,0.769443135907612,56.9066848355303,8.90962118271714
100% VW,1.0,80.1425300000012,0.775822883397114,58.4307705618847,9.84810005048955
100% VW,1.0,80.1431936406239,0.754773392866288,61.2270443838235,10.7378652486994
100% VW,1.0,80.13714,0.738677203872379,63.8335310534997,11.68732233355
100% VW,1.0,89.90667,0.604921578931952,12.9016002725876,0.00310476370207188
100% VW,1.0,89.9282687578128,0.731124124635734,13.1491391342307,0.00460239379616906
100% VW,1.0,89.9507200000082,0.774372901858553,14.3341685786181,0.00606160429870513
100% VW,1.0,89.9749186875015,0.780018160604866,15.6881437854853,0.00747742022914119
100% VW,1.0,90.00536,0.772708981153741,16.8213514411473,0.00882493208399915
100% VW,1.0,90.0218999999939,0.815892741422723,17.1366025651494,0.0102032218715032
100% VW,1.0,90.0369200000014,0.830032258754709,17.3524980971874,0.0115656644472264
100% VW,1.0,90.0455716874999,0.812242153072958,18.3604438115571,0.012950127753128
100% VW,1.0,90.056699843751,0.777765943029809,18.6290975253583,0.0143020010806301
100% VW,1.0,90.0493113671885,0.826395505177747,18.687747796009,0.0157956937222355
100% VW,1.0,90.04839,0.796566859007764,19.8593013485281,0.0172403241462116
100% VW,1.0,90.0474499999945,0.76780946892458,20.7969054543639,0.0186865924484268
100% VW,1.0,99.87943,0.529104682917501,8.4847279322366,2.82307153622747e-05
100% VW,1.0,99.8960500000058,0.63524066241341,7.90845458208163,4.20616724993314e-05
100% VW,1.0,99.9188100000086,0.734794250364514,7.57728229415446,5.55673502382612e-05
100% VW,1.0,99.9489599999939,0.707765515338975,8.205974024792,6.86163250552711e-05
100% VW,1.0,99.9942312578122,0.664569699352097,8.57917035970998,8.08454500864032e-05
100% VW,1.0,100.043196996105,0.721325205358607,8.43965896764686,9.24722735366242e-05
100% VW,1.0,100.058530000005,0.706840403319344,8.8713685654779,0.000105030584823242
100% VW,1.0,100.08465,0.658516400394313,8.8020791459234,0.000116920972544908
100% VW,1.0,100.10368703125,0.548595316127163,9.14345670838481,0.000128919011771838
100% VW,1.0,100.117170000005,0.712446320138713,8.76536961319018,0.000141042555665589
100% VW,1.0,100.125362906246,0.632941973701666,9.34047891339417,0.000153357643217526
100% VW,1.0,100.135476312498,0.575127174923999,10.1397373488899,0.000165462163535603
